fips,stateabbr,naics,yy201901,yy201902,yy201903,yy201904,yy201905,yy201906,yy201907,yy201908,yy201909,yy201910,yy201911,yy201912,yy202001,yy202002,yy202003,yy202004,yy202005,yy202006,yy202007,yy202008,yy202009,yy202010,yy202011,yy202012,yy202101,yy202102,yy202103,yy202104,yy202105,yy202106,yy202107,yy202108,yy202109,yy202110,yy202111,yy202112,yy202201,yy202202,yy202203,yy202204,yy202205,yy202206,yy202207,yy202208,yy202209,yy202210,yy202211,yy202212,yy202301,yy202302,yy202303,yy202304,yy202305,yy202306,yy202307,yy202308,yy202309,yy202310,yy202311,yy202312,yy202401,yy202402,yy202403,yy202404,yy202405,yy202406,yy202407,yy202408,yy202409,yy202410,yy202411,yy202412,yy202501,yy202502,yy202503,yy202504,yy202505,yy202506,yy202507,yy202508,yy202509
00,USA,441,-0.1,0.3,0.7,4.1,2.4,-0.2,5.2,5.4,3.2,3.9,4.9,0.9,4.2,6.7,-27.3,-34.7,-6.9,5.8,3.1,-2.1,10.3,7.6,-0.7,9.8,9.5,3.4,76.3,105.1,31.7,19.2,14.4,9.9,8.2,7.9,15.9,8.6,12.7,17.7,-1.5,-1.6,-4.5,-0.4,-1.7,9.7,5.2,5.3,1.6,0.6,3.7,1.4,1.1,-2.6,8.5,6.0,6.6,4.9,7.0,2.5,5.9,6.3,0.3,6.8,-0.3,4.3,1.7,-6.5,3.9,1.2,-3.7,6.5,8.1,7.4,5.8,-1.6,10.3,8.3,1.8,5.3,4.8,3.2,8.2
00,USA,442,-0.4,-0.5,-1.4,2.6,2.2,-1.3,2.9,2.3,3.7,2.9,2.1,0.1,6.8,8.6,-19.6,-59.8,-30.0,0.2,1.9,2.8,7.6,6.2,-0.9,5.2,10.7,5.4,53.6,206.6,63.7,18.5,14.6,9.7,8.9,9.9,16.3,7.4,-1.1,7.6,1.9,3.2,3.4,2.7,-1.3,4.8,2.0,0.6,-0.6,-0.9,10.0,2.5,-2.1,-9.2,-3.6,-2.7,-4.6,-4.6,-6.4,-9.0,-3.3,-6.0,-12.4,-5.0,-10.7,-4.4,-3.1,-6.5,1.6,-0.4,-0.5,4.5,3.2,8.4,6.9,3.0,6.9,8.0,5.2,4.3,5.9,-0.8,-1.4
00,USA,443,-0.7,-4.8,-4.3,-4.2,-2.9,-6.1,-2.1,-3.9,-2.0,-3.4,-3.9,-2.0,-3.3,-0.7,-21.6,-55.0,-46.6,-22.2,-12.1,-12.2,-12.4,-6.3,-13.0,-15.2,-3.0,-7.7,37.5,148.2,95.1,43.8,24.6,18.3,20.5,18.3,11.0,13.4,2.1,9.7,1.2,2.4,0.1,-6.2,-4.8,0.1,1.0,-6.5,-5.2,-5.6,8.6,2.7,-5.4,-10.7,-3.0,-0.7,-4.6,-2.4,-1.4,0.8,3.6,1.4,-1.7,5.9,-4.0,4.2,5.0,-1.0,5.9,-0.4,-6.9,-1.1,1.7,5.1,-3.0,-7.0,1.8,-0.4,-0.9,0.0,2.1,1.5,7.7
00,USA,444,13.3,2.3,0.6,6.2,-1.9,-4.3,1.4,0.6,1.8,0.1,-1.0,3.1,0.2,8.0,6.2,4.1,12.4,24.0,15.5,12.1,22.2,14.2,15.8,20.4,15.6,13.0,35.6,31.9,11.4,8.9,6.6,10.1,7.2,7.0,16.2,12.7,9.8,14.6,3.4,-1.1,7.7,6.7,5.1,13.5,9.0,8.4,1.9,0.8,3.1,0.7,-6.4,-6.9,0.2,-4.2,-4.1,-3.1,-6.6,-2.7,-2.2,-5.8,-6.3,-0.3,-7.4,3.9,-4.0,-5.7,5.4,-2.4,0.9,7.1,0.9,1.3,1.0,-6.1,3.5,1.2,-2.8,1.2,-1.4,-5.3,0.5
00,USA,445,4.6,1.3,0.2,5.4,3.7,3.2,5.1,5.5,2.0,3.3,3.6,1.9,1.4,7.2,25.4,11.7,12.5,8.8,10.6,5.8,9.3,9.1,6.8,9.4,10.5,6.2,-10.3,1.1,0.7,5.4,4.2,6.7,8.5,8.9,8.5,9.8,7.4,8.0,7.8,9.8,7.1,8.4,7.4,6.8,6.7,6.3,7.9,6.5,4.0,5.7,4.6,2.7,3.2,1.2,1.1,2.6,2.2,-0.2,0.9,0.4,1.2,3.5,3.0,-1.0,2.8,1.9,2.5,2.7,0.6,4.1,3.2,1.5,5.0,0.3,0.7,5.7,2.6,1.5,2.8,2.9,2.3
00,USA,446,4.3,5.7,2.4,6.2,3.0,1.3,4.3,0.5,2.9,1.7,-2.2,3.1,2.2,4.2,8.1,-8.9,-10.3,2.8,5.6,1.2,8.2,3.8,3.0,7.4,0.2,-1.8,6.6,22.1,17.5,13.5,6.2,11.2,7.6,5.2,11.9,9.3,9.3,9.1,0.8,1.8,5.3,2.9,1.8,4.8,4.8,5.0,4.2,1.2,6.8,7.8,8.2,5.8,11.3,8.0,5.9,8.3,6.5,12.2,9.7,7.4,5.0,5.9,-1.2,3.7,0.8,-2.1,9.4,4.0,6.3,4.3,1.8,5.7,4.3,4.0,8.9,8.9,7.3,11.3,7.2,4.7,8.2
00,USA,447,-6.1,-3.4,0.0,3.7,-0.5,-4.4,-1.7,-4.3,-4.0,-6.0,-1.5,7.2,8.4,3.7,-18.8,-39.6,-32.4,-19.2,-16.5,-16.0,-13.4,-14.5,-17.7,-11.5,-7.0,-2.8,33.5,67.1,51.0,38.3,34.5,34.3,37.5,41.1,49.5,39.1,29.8,34.3,36.9,41.1,46.5,45.8,37.6,26.8,17.2,16.7,11.9,3.7,4.7,-1.4,-13.0,-15.3,-20.3,-23.4,-21.1,-7.9,-3.1,-7.5,-9.9,-6.9,-7.1,-0.1,-2.3,3.0,2.0,-1.1,1.6,-6.1,-11.4,-6.9,-4.7,-0.9,2.5,-4.3,-4.8,-6.2,-5.4,-3.2,-2.0,-1.6,4.0
00,USA,448,2.6,-2.4,-0.5,5.1,-2.2,-0.8,0.3,3.3,-1.1,1.1,-0.8,3.3,3.9,6.5,-50.6,-87.4,-62.6,-23.3,-19.3,-22.2,-6.2,-8.6,-17.4,-10.9,-8.9,-16.8,115.7,750.9,197.1,50.5,42.6,33.6,21.6,22.6,35.9,23.2,15.3,25.0,6.2,9.1,1.4,-0.6,-2.4,2.8,3.0,0.3,-1.6,1.2,7.5,2.9,-2.8,-4.1,-0.6,-0.1,1.4,4.0,1.0,-1.1,1.8,3.7,0.2,6.4,2.0,-1.2,5.4,3.2,2.1,1.9,-1.4,5.3,4.5,1.4,5.4,-2.4,3.5,6.9,5.3,2.8,8.5,7.4,7.2
00,USA,451,-6.0,-8.0,-10.3,-2.1,-4.4,-2.7,4.4,3.6,3.8,6.5,1.1,3.4,3.6,6.8,-17.2,-44.6,-3.5,24.3,19.4,5.6,20.9,16.4,12.3,15.1,24.4,9.3,72.8,146.2,34.3,8.2,8.2,15.1,6.8,9.0,16.9,10.9,-4.2,12.0,-7.2,-3.0,-1.7,-2.5,0.6,3.4,3.3,1.8,0.8,3.6,5.5,0.6,-0.7,-2.2,1.9,0.3,0.2,-1.9,-0.6,-2.3,-1.4,-4.6,-1.7,2.1,-2.5,-7.4,-3.3,-5.2,-5.7,-3.4,-5.5,-0.9,-1.0,0.7,-1.9,-6.4,0.4,1.4,2.0,-1.2,4.3,4.4,3.0
00,USA,452,1.2,-0.9,-0.8,5.9,1.0,1.7,2.6,3.6,-0.2,2.2,0.4,-0.8,3.2,7.9,2.9,-4.5,4.7,2.3,3.7,-1.0,5.1,5.2,-2.1,-2.4,9.8,-2.5,7.2,18.8,8.3,7.9,9.4,10.1,9.1,11.3,11.1,12.0,4.7,12.4,3.6,8.9,6.9,10.9,8.6,8.6,10.8,7.3,7.8,7.8,7.4,7.3,3.4,2.2,1.2,1.5,1.7,2.8,2.1,-0.2,0.7,1.9,-0.1,4.8,8.8,-1.9,3.8,2.3,1.5,3.7,0.7,3.1,4.1,0.4,5.5,-0.5,-0.4,4.9,3.2,1.0,2.5,2.3,1.0
00,USA,453,-2.4,-1.9,-1.5,5.6,2.1,0.4,7.0,4.7,4.6,3.8,3.7,5.4,10.8,11.7,-8.9,-34.3,-23.7,-1.5,2.6,-1.3,6.0,2.6,-0.9,9.2,3.4,0.3,40.1,88.2,43.7,26.1,20.6,20.2,21.0,18.6,23.3,14.2,13.6,18.0,8.9,9.3,14.2,10.5,4.8,9.7,5.1,2.3,-2.3,-2.0,5.4,2.2,-1.2,-2.2,1.1,0.7,-1.2,-5.7,0.3,3.7,6.0,2.7,2.4,9.1,6.3,8.3,5.1,0.7,6.3,8.7,5.1,7.6,-1.1,6.9,7.9,3.6,8.4,3.1,9.9,13.3,13.7,4.2,9.9
00,USA,TOTAL,1.5,0.0,0.0,4.7,1.2,-0.3,3.1,2.8,1.2,1.5,1.5,1.9,3.5,6.6,-8.3,-21.8,-8.2,2.1,2.1,-1.9,6.1,4.0,-1.1,3.7,6.5,1.4,30.3,53.2,25.2,16.8,13.8,13.4,12.2,12.7,17.6,13.6,10.9,15.7,5.8,7.1,7.3,8.8,6.8,10.2,7.7,6.6,4.5,3.0,5.1,3.2,-0.5,-2.9,0.7,-1.4,-1.1,1.2,1.8,0.0,1.2,1.4,-1.0,4.2,0.6,1.7,1.7,-2.1,3.3,0.9,-1.8,3.5,3.3,3.2,4.6,-1.2,4.0,4.6,1.8,3.0,3.4,2.0,4.7
01,AL,441,0.2,-1.6,0.6,6.7,4.7,2.4,7.2,7.0,4.2,5.9,6.4,3.4,6.8,10.2,-25.3,-30.5,-2.1,10.1,6.8,2.7,15.4,11.8,2.0,14.1,12.9,5.1,78.2,100.1,29.4,19.7,15.0,10.8,9.9,9.1,20.1,11.6,15.1,22.9,2.9,1.9,-0.5,0.4,1.8,12.0,7.8,7.4,2.9,0.6,2.0,-0.3,-0.6,-4.9,5.7,7.7,4.9,3.2,5.2,1.2,3.9,4.7,-3.9,2.3,-4.3,0.8,-2.5,-10.5,-1.0,-3.8,-8.6,1.2,2.4,0.8,4.8,-2.4,8.7,6.7,1.1,3.6,5.4,4.4,8.6
01,AL,442,1.3,-0.7,-2.4,1.9,1.8,-3.4,0.2,-0.6,2.5,-0.6,-1.9,-1.5,3.5,5.8,-23.8,-57.3,-15.9,5.1,4.2,3.0,7.7,4.7,-1.1,6.8,14.6,5.0,54.7,S,34.2,6.2,11.8,7.9,10.5,11.6,16.9,6.7,-12.2,-4.2,-8.1,-8.7,-6.8,-3.2,-12.5,-4.3,-8.1,-8.6,-6.5,-7.2,11.8,10.5,6.4,-4.7,0.5,0.9,4.5,5.0,3.2,-0.1,0.6,-3.3,-15.5,-14.7,-21.2,-11.2,-10.8,-14.8,-10.0,-13.9,-15.0,-8.1,-7.5,-4.1,5.7,0.5,4.5,6.4,3.3,6.1,8.9,-0.2,-0.3
01,AL,443,-1.8,-6.4,-5.8,-4.3,-3.3,-4.5,-9.5,-4.1,-3.2,-5.6,-6.7,-1.1,1.4,0.8,-24.3,-32.7,-34.7,-22.8,-7.8,-15.0,-16.7,-9.5,-6.9,-16.3,-21.0,-23.5,18.3,38.1,32.5,18.4,5.4,0.7,5.0,2.1,-14.2,-5.9,-7.0,1.2,-7.0,-6.1,-6.0,-10.0,-9.7,-6.0,-5.7,-11.9,-10.2,-11.6,-3.3,-7.2,-11.0,-17.5,-8.7,-7.5,-10.2,-6.2,-8.1,-5.3,-4.9,-7.6,5.0,18.9,6.9,17.0,10.7,7.9,14.2,6.4,3.6,-0.1,3.8,5.2,-0.2,-9.8,-3.8,-5.9,-4.3,-5.2,-2.0,-1.9,2.9
01,AL,444,13.8,2.5,0.4,7.1,-1.7,-4.5,1.3,1.4,0.9,0.1,-1.7,3.5,-7.1,-0.3,-0.9,-3.7,2.4,14.9,8.4,5.3,13.5,6.0,8.1,11.3,18.5,15.9,37.7,35.7,16.0,12.7,8.9,13.5,10.5,10.0,19.9,16.5,7.5,13.0,1.7,-2.3,5.9,4.2,3.6,11.3,7.5,6.6,-0.4,-2.3,8.1,6.5,-2.0,-4.0,4.1,0.9,0.4,3.1,-2.4,1.9,1.0,-1.5,-3.3,3.3,-3.8,10.0,0.8,-2.3,8.3,-2.5,3.8,10.8,3.8,4.2,0.4,-8.8,0.0,-2.6,-6.1,-2.0,-3.9,-6.7,-2.0
01,AL,445,4.7,0.9,1.7,6.3,5.2,4.1,7.4,9.2,2.7,5.9,7.1,2.7,-3.0,6.0,19.1,13.4,14.0,10.1,11.4,-2.0,1.7,0.4,0.0,4.1,12.3,3.8,-10.0,-3.1,-3.8,0.3,2.5,9.5,11.7,15.3,9.6,14.4,18.3,21.5,18.6,20.0,17.4,18.5,17.1,16.8,20.9,16.9,19.1,17.1,7.0,9.1,9.5,6.2,8.9,7.8,4.2,7.9,5.7,2.6,4.2,1.5,4.2,4.2,4.1,0.2,2.2,0.5,1.5,2.2,-0.7,5.1,3.9,3.2,5.1,0.1,1.1,5.6,3.7,3.1,6.2,4.2,3.2
01,AL,446,9.0,8.4,0.7,4.5,3.5,2.0,4.8,0.5,0.1,-2.7,-1.9,5.4,4.6,6.7,13.6,-3.7,-7.9,6.2,7.8,3.5,14.1,11.0,4.9,10.0,-1.7,-3.7,2.7,15.3,11.6,8.9,2.8,8.2,4.0,1.4,7.9,4.8,11.3,10.6,2.1,2.9,7.3,4.5,3.6,6.8,7.2,8.0,7.1,0.5,-0.2,0.9,1.2,-0.6,4.0,0.4,-1.2,0.9,-0.2,5.7,2.5,3.7,3.6,4.0,-2.5,2.4,-0.2,-2.4,9.4,3.1,5.8,3.8,1.2,4.9,5.2,5.3,9.9,10.5,8.1,12.5,9.3,6.0,10.0
01,AL,447,-2.3,-2.8,1.8,5.2,1.8,-2.6,6.4,-1.9,-0.4,-5.4,0.0,9.1,12.2,5.5,-16.8,-38.8,-31.5,-18.9,-17.1,-16.9,-14.7,-14.8,-18.3,-12.3,-3.4,-0.3,37.9,73.1,58.4,40.7,37.9,37.7,41.6,46.7,54.5,44.4,26.5,36.2,31.3,37.6,41.2,46.0,39.9,29.1,18.7,15.9,12.3,2.7,7.8,-1.0,-9.8,-13.7,-18.3,-21.6,-20.5,-5.8,-1.3,-5.3,-8.4,-4.0,-3.1,3.4,2.4,5.9,4.6,1.5,3.7,-5.2,-9.3,-4.3,-3.8,-0.9,-1.3,-6.8,-8.2,-8.9,-7.3,-5.9,-3.5,-3.1,-1.5
01,AL,448,3.0,-2.0,1.6,11.5,0.5,2.8,-1.3,9.0,6.5,2.1,-1.6,4.4,4.2,-1.3,-44.6,S,S,S,-17.8,S,4.6,-4.4,-7.3,-7.4,-1.0,-14.7,97.1,S,40.1,14.0,29.3,8.7,10.1,17.1,23.2,11.0,-1.7,15.9,-4.4,-3.4,-4.3,-5.8,-3.0,4.8,-1.3,1.2,-4.4,4.4,20.3,17.5,9.6,7.1,7.8,8.1,13.2,15.3,13.8,10.9,17.4,8.5,4.6,12.2,4.5,0.8,5.7,10.2,5.2,-0.7,0.5,4.7,6.3,6.4,6.5,-2.3,1.4,6.5,6.6,-3.4,6.7,5.1,-4.9
01,AL,451,-4.4,-5.0,-13.3,0.4,-2.8,-2.8,4.6,6.3,7.5,2.7,-0.4,3.4,1.4,-0.4,-12.6,S,S,30.1,16.5,11.6,18.5,15.8,8.2,13.3,S,S,S,S,S,S,S,S,S,S,S,S,S,S,S,S,S,S,S,S,S,S,S,S,5.2,-3.7,0.9,-1.7,3.6,0.2,-0.5,7.2,-1.8,-3.2,-3.8,-4.5,-5.7,5.2,-1.7,-6.8,-3.7,-5.4,-4.2,-5.4,-4.2,-4.8,-3.8,-2.2,-2.1,-5.9,-2.0,2.0,2.6,-0.1,3.9,2.7,1.7
01,AL,452,5.2,-1.9,-1.4,9.7,4.1,1.8,1.0,4.8,1.8,-0.7,-0.2,-1.1,3.8,10.6,12.9,-28.8,S,S,18.1,24.7,24.7,22.7,15.6,13.6,16.3,-0.2,1.5,58.1,S,-19.4,-5.7,S,-8.4,-3.8,-1.8,0.3,-6.2,4.1,-4.9,5.6,8.3,10.9,6.1,19.5,7.3,5.4,3.1,1.9,2.0,3.1,-3.6,-9.1,-8.2,-6.4,-5.5,-1.8,-4.1,-9.5,-12.2,-7.1,-4.1,2.7,15.4,-0.5,3.1,4.1,1.7,0.1,-0.2,1.4,1.8,-0.2,4.8,1.0,0.3,21.8,11.9,12.0,11.7,7.5,3.2
01,AL,453,0.7,-2.7,1.1,7.6,1.0,1.4,6.8,4.6,6.4,3.6,0.7,6.0,9.4,14.6,-5.5,S,-14.2,5.7,5.3,3.7,7.4,6.9,8.6,15.9,11.0,5.7,44.7,90.6,38.0,29.5,25.3,27.1,27.3,22.7,33.0,20.4,18.6,25.5,9.9,8.2,16.2,8.9,3.3,6.0,2.5,-0.1,-6.3,0.0,6.5,1.1,-1.6,-3.2,1.7,-2.8,-0.6,-2.5,5.6,10.8,9.1,5.4,2.3,10.4,9.3,16.8,9.0,9.0,12.9,14.1,9.3,14.6,8.2,12.4,12.7,10.5,12.9,1.8,16.1,14.3,12.2,0.4,7.1
01,AL,TOTAL,3.3,-0.5,0.0,6.4,2.7,0.5,3.9,3.8,2.0,0.7,1.3,2.9,3.8,6.8,-6.4,-22.7,3.6,9.1,4.7,2.9,8.9,6.6,2.3,6.4,7.5,1.0,27.9,54.2,9.9,8.1,9.7,5.9,8.9,10.5,14.6,10.6,10.3,17.7,6.1,8.5,10.4,11.5,9.9,14.9,10.1,8.5,5.4,3.1,4.6,2.6,-1.1,-5.2,-1.4,-2.2,-2.9,1.4,1.2,-0.8,-1.4,-0.5,-1.6,3.6,1.5,2.7,1.2,-2.0,2.9,-1.4,-2.9,2.2,1.6,1.9,3.6,-1.8,2.4,5.4,2.3,3.4,4.7,2.4,3.7
02,AK,441,-1.7,2.4,-4.8,3.5,-1.2,-4.0,-4.5,-4.1,-5.9,-0.3,-5.4,0.4,-6.9,-4.9,-23.6,-43.9,-20.3,-3.8,-10.8,-11.5,-9.1,-12.1,-12.2,-11.5,0.4,-0.5,36.5,84.3,24.3,3.4,5.3,4.6,5.0,1.8,18.5,8.4,-8.6,-6.4,-16.4,-15.3,-16.9,-10.3,-11.7,-9.4,-7.9,-3.2,-10.2,-3.6,10.4,15.5,14.4,14.6,13.6,10.4,16.2,15.1,15.4,5.1,9.6,5.9,2.2,-0.8,1.5,1.6,15.6,3.8,7.4,3.5,4.6,12.0,13.5,10.5,6.7,0.5,-6.6,-5.4,-9.8,-7.9,-2.9,2.2,-2.6
02,AK,442,-2.7,-1.7,-3.9,0.5,11.2,7.2,15.0,12.6,15.6,17.3,16.0,16.0,30.2,29.0,-2.6,-52.1,-23.0,5.6,8.1,8.5,10.1,11.5,-2.4,5.5,-7.6,-9.2,29.5,S,38.6,4.5,-1.6,-4.7,-1.8,-5.5,8.2,-4.6,-6.4,0.1,-3.1,-2.0,-3.7,-1.8,-6.3,-0.3,-2.9,-1.7,-5.6,-5.4,17.5,11.2,5.9,-0.8,5.0,-0.3,2.7,2.5,-0.1,-4.5,1.7,-1.4,-23.2,-20.3,-26.6,-22.2,-19.4,-20.8,-15.3,-21.9,-19.6,-16.7,-18.6,-10.3,2.5,-2.6,2.8,4.2,-0.5,6.1,8.7,3.9,1.5
02,AK,443,-11.6,-16.9,-3.3,-0.3,0.3,-3.2,12.1,10.5,13.6,9.2,-1.4,9.8,-4.2,-0.8,-22.1,-63.3,-57.5,-21.5,-17.5,-20.9,-22.0,-15.4,-26.9,-23.5,-1.2,-6.8,35.0,194.2,147.0,41.5,15.1,15.3,15.4,22.1,18.8,16.0,-5.3,4.3,1.2,0.6,-8.0,-10.2,-6.4,-3.6,0.7,-12.5,-7.3,-8.6,-4.8,-12.8,-20.5,-24.9,-17.9,-19.3,-22.0,-18.0,-18.7,-16.9,-15.3,-10.6,-2.5,16.9,-14.0,-1.2,5.7,-5.1,-0.9,-6.4,-13.1,-3.0,-4.1,-4.5,-6.6,-18.0,8.3,1.1,-2.1,2.2,5.5,10.0,14.2
02,AK,444,10.2,0.3,-1.0,4.7,-3.4,-5.8,0.5,-1.1,1.1,-0.8,-1.4,5.4,1.7,8.7,6.8,1.7,10.9,22.4,15.1,10.8,22.7,12.8,13.8,21.4,11.7,8.1,29.8,29.8,10.8,9.0,3.3,6.5,2.6,2.6,14.6,8.7,8.7,13.2,3.0,-0.8,5.1,4.1,3.3,12.2,6.7,6.6,-0.3,-1.1,-1.1,-0.8,-8.5,-10.3,-1.7,-7.3,-7.1,-6.5,-9.1,-4.5,-4.9,-6.7,-6.6,-1.1,-9.1,3.3,-5.3,-7.3,4.2,-6.4,-0.5,5.5,-3.4,-4.8,-2.8,-7.6,2.9,-1.0,-4.9,-0.8,-3.8,-5.1,-0.4
02,AK,445,3.4,-0.4,-0.5,2.9,2.3,1.7,3.2,3.7,0.2,0.8,0.7,-1.3,-3.2,3.0,16.4,11.4,16.9,9.2,12.7,6.7,12.2,8.2,10.9,15.2,1.4,-3.4,-15.8,-9.3,-16.5,-11.3,-12.6,-14.6,-8.7,-9.1,-11.5,-10.5,12.9,13.5,13.4,12.9,14.5,17.9,16.1,20.7,17.7,16.6,15.4,13.0,-2.3,2.5,-2.8,-4.3,-2.4,-3.9,-3.3,-1.4,-1.1,-1.6,0.6,-2.1,0.2,1.1,-0.1,-3.3,-1.3,0.2,0.7,-1.5,-11.6,-7.7,-8.0,-9.5,-5.5,-9.5,-6.7,-1.8,-4.1,-7.1,-5.9,-2.6,-2.5
02,AK,446,13.4,12.3,3.1,6.0,3.4,0.7,5.0,2.2,5.1,4.6,-1.8,4.8,-6.5,-5.1,-4.7,-21.4,-21.9,-6.3,-4.1,-11.5,-4.2,-9.7,-7.9,-3.9,0.7,-1.7,10.8,30.0,22.8,15.3,7.1,13.9,8.7,4.7,11.1,9.2,1.2,1.7,-5.2,-5.3,-2.3,-4.4,-6.1,-2.0,-1.8,-0.1,-1.3,-6.8,-11.0,-9.6,-10.4,-12.6,-6.5,-10.3,-11.3,-9.3,-11.2,-6.8,-8.1,-6.9,-0.7,1.6,-4.4,-0.5,-3.3,-5.7,2.9,-1.6,-0.7,-1.3,-2.4,2.5,4.6,0.6,5.4,7.2,4.2,8.5,7.1,1.8,5.6
02,AK,447,-6.8,-4.2,2.8,4.0,-1.0,-4.8,-0.3,-4.3,-5.1,-6.0,-0.9,7.2,6.5,2.6,-19.2,-42.4,-34.1,-21.0,-18.0,-16.6,-13.4,-15.1,-19.6,-12.2,-12.7,-8.3,32.5,75.5,41.7,30.1,27.1,25.0,26.9,30.1,37.5,29.5,27.2,35.9,31.0,26.8,41.5,40.1,35.8,24.9,15.2,14.3,12.4,3.0,1.7,-7.3,-18.0,-16.2,-19.4,-23.7,-23.6,-10.5,-5.0,-9.5,-11.7,-9.4,-8.1,-1.3,-3.0,1.4,-0.4,-3.1,-1.6,-8.9,-13.5,-7.8,-7.0,-3.7,1.2,-5.3,-6.6,-7.6,-5.8,-4.8,-2.6,-1.9,-3.0
02,AK,448,3.9,-0.4,0.4,5.2,-1.2,-0.4,1.2,3.6,-0.2,2.9,0.5,4.2,6.8,7.4,-46.4,S,S,S,-12.4,-8.1,2.3,-3.9,-10.8,-0.4,-12.6,-20.5,99.0,S,S,23.0,25.4,7.5,8.5,14.5,24.0,7.2,0.7,10.4,-8.4,-5.7,-12.4,-14.3,-14.5,-9.5,-11.0,-13.8,-16.0,-12.4,17.5,10.9,5.2,4.2,10.4,10.1,8.0,9.5,8.2,7.4,9.8,15.3,1.6,8.8,3.5,1.5,3.3,4.4,8.4,8.2,4.0,9.3,1.6,0.7,5.6,-1.3,3.4,4.6,6.0,3.2,6.2,6.7,6.4
02,AK,451,-3.0,-6.0,-8.8,0.3,-3.1,-2.6,3.1,4.2,4.9,8.1,-1.0,4.0,-1.7,4.9,-14.6,S,S,25.7,21.6,2.9,19.1,11.0,8.7,13.5,27.9,13.2,71.7,S,S,13.3,8.1,15.6,7.5,8.5,17.5,12.5,-4.0,11.5,-4.6,-10.8,-4.3,-3.3,2.6,4.7,3.6,2.0,0.3,7.0,-3.4,-10.7,-10.9,-8.1,-8.7,-11.9,-11.2,-8.3,-8.2,-9.5,12.7,S,-1.4,4.2,S,S,-2.1,-3.8,-6.4,-5.3,-6.4,15.0,-1.1,5.1,-2.4,-7.0,-5.9,-16.3,S,S,S,S,S
02,AK,452,2.6,1.1,-3.7,6.6,0.9,-0.5,3.4,2.0,-2.7,1.5,4.5,-0.8,-2.4,0.5,-4.3,S,S,S,S,S,-24.0,-18.2,S,-28.7,13.1,9.9,14.4,7848.4,98.8,79.0,S,S,S,S,S,S,14.5,22.7,22.4,15.7,9.2,20.6,17.3,3.8,22.1,18.2,26.7,23.9,20.7,16.6,14.4,14.9,12.8,7.0,11.0,10.1,10.5,9.1,18.1,16.7,-8.2,-0.1,3.9,-6.6,0.4,4.2,-4.3,1.3,1.5,2.0,-2.0,-0.3,4.8,3.3,5.2,5.4,5.7,0.3,2.1,0.7,-0.9
02,AK,453,-2.4,-2.0,-0.1,8.5,5.2,3.7,9.6,6.4,5.3,4.1,0.4,6.7,22.0,24.4,-1.8,-32.7,-20.5,5.6,9.3,5.7,13.5,9.6,6.9,16.7,-6.9,-9.0,32.6,85.9,38.3,19.8,15.7,16.0,15.7,11.6,17.1,6.0,17.5,22.0,12.5,13.6,18.3,11.2,6.8,7.8,3.8,3.1,-0.9,1.8,24.8,15.3,9.9,7.9,9.9,9.4,8.1,7.2,12.8,17.0,17.5,13.6,7.7,17.6,15.2,18.3,16.9,10.6,14.8,21.3,17.1,18.5,10.2,18.9,11.8,6.0,7.2,1.8,9.9,15.4,14.2,3.0,8.7
02,AK,TOTAL,0.4,0.8,-2.9,4.2,-0.2,-2.4,-0.2,-0.8,-2.6,0.4,-1.4,1.8,-2.4,0.2,-12.5,-41.0,-15.8,-4.8,-7.5,-10.1,-4.8,-7.1,-10.7,-6.9,2.4,0.1,24.5,86.4,26.0,14.5,12.8,14.4,12.2,10.1,21.3,14.2,3.9,8.0,0.4,-0.2,0.1,5.1,3.7,2.9,5.0,5.8,2.9,4.5,8.8,8.9,4.8,4.6,4.8,0.9,3.5,5.0,5.7,2.3,6.5,6.1,-2.3,0.4,2.0,0.4,5.4,1.4,2.5,0.5,-0.4,4.5,2.4,2.5,3.5,-1.2,-2.1,-1.9,-1.4,-1.8,0.3,2.1,-0.2
04,AZ,441,0.8,1.8,-1.3,1.7,4.1,0.3,5.0,5.5,3.0,2.9,4.3,2.2,3.5,3.1,-28.4,-35.8,-9.9,2.1,1.0,-4.6,7.3,6.4,-2.4,5.8,4.7,0.9,71.6,103.3,30.5,16.9,11.4,6.7,5.9,3.5,12.2,6.0,12.3,17.1,-2.0,-4.1,-5.8,0.4,-1.7,10.0,3.9,8.6,3.4,2.6,4.2,1.9,1.1,-1.2,5.8,2.8,4.6,2.8,6.8,0.1,4.4,3.3,-6.0,-0.5,-6.3,-2.3,-3.2,-10.8,-0.8,-2.2,-6.6,3.0,5.0,6.7,9.0,2.1,13.2,12.1,6.2,8.8,9.2,5.7,10.1
04,AZ,442,0.8,-2.4,-2.7,2.9,1.8,-1.1,2.1,2.9,3.9,2.8,2.6,-0.2,22.3,22.2,-6.8,-60.3,-32.1,11.3,12.2,16.1,24.4,19.5,8.8,18.0,17.8,15.7,61.3,273.1,104.9,30.4,23.8,17.5,13.7,18.7,25.1,13.6,-4.6,2.4,-1.8,0.5,1.0,-0.8,-1.5,0.6,-1.2,-5.8,-3.7,-4.6,2.3,-3.6,-8.0,-14.4,-7.4,-6.0,-9.8,-7.4,-9.1,-9.2,-5.1,-6.6,-4.1,7.5,6.2,9.2,3.2,2.8,15.3,15.3,14.7,18.0,13.2,17.8,13.1,8.2,6.7,8.2,12.2,5.6,3.1,-3.0,-5.0
04,AZ,443,-1.2,-4.6,-5.6,-4.8,-3.7,-5.1,-0.8,-3.6,-1.2,-1.5,-2.2,-0.8,-5.9,-2.4,-18.2,-52.2,-43.3,-18.7,-10.4,-7.9,-8.7,-1.7,-9.9,-9.0,-0.7,-5.8,34.7,141.2,89.4,39.8,22.8,18.6,17.6,14.5,12.4,9.1,5.4,12.1,-0.2,2.4,-1.0,-6.9,-5.9,-3.2,-1.4,-8.5,-9.3,-8.4,9.5,3.6,-1.8,-8.6,-0.2,0.0,-3.0,-0.2,0.6,2.1,10.1,7.3,4.2,14.3,3.8,11.6,20.2,9.8,17.5,8.7,2.8,7.0,7.2,11.7,-1.5,-10.5,2.1,-2.5,-8.6,-2.2,-1.5,-2.5,4.8
04,AZ,444,12.4,2.8,2.0,7.6,-0.7,-6.2,0.8,1.3,0.2,0.0,-1.9,3.4,3.0,9.8,8.4,7.4,16.4,27.7,18.8,14.6,25.1,17.4,19.0,22.0,16.3,14.2,34.9,30.1,10.2,9.2,6.5,10.0,7.8,7.2,16.2,12.6,9.1,14.0,2.3,-1.9,6.6,4.9,4.3,13.1,8.1,7.5,-0.1,0.3,4.4,2.2,-5.0,-4.7,3.2,-1.3,-1.6,-1.2,-4.8,-1.8,0.1,-3.9,-4.4,0.4,-5.9,5.0,-2.9,-4.6,7.8,0.2,2.2,9.0,4.4,6.1,2.2,-5.3,6.0,3.1,-1.2,2.4,-1.4,-5.4,1.4
04,AZ,445,3.7,-0.4,0.7,5.7,3.3,1.7,5.7,5.9,2.5,4.1,3.3,1.8,-1.4,5.3,22.9,6.0,11.1,7.5,7.5,3.6,7.2,5.5,4.4,6.7,14.6,7.9,-7.2,8.7,4.4,9.3,7.3,8.8,13.1,12.6,12.4,14.1,8.0,11.4,10.5,9.6,8.0,10.1,11.3,10.5,7.8,8.3,9.2,7.7,1.7,2.9,0.6,0.2,0.6,-1.3,-2.7,-0.5,-0.2,-2.8,-1.8,-2.4,5.3,7.4,6.6,2.1,6.0,5.5,5.1,5.2,2.3,6.7,5.0,3.4,2.7,-1.5,0.0,4.5,1.6,0.4,2.8,2.8,1.8
04,AZ,446,14.6,11.5,4.8,8.0,4.1,1.3,5.6,1.1,5.8,4.1,-3.5,3.3,-4.6,-1.9,-0.3,-15.2,-17.1,-1.7,-0.7,-5.8,0.5,-4.3,-2.5,1.1,11.3,7.5,20.8,36.2,31.0,26.4,17.6,24.1,19.0,15.5,24.1,17.5,4.1,4.4,-5.0,-3.8,0.8,-2.5,-3.4,0.4,0.3,0.8,-0.3,-6.4,4.6,5.3,5.8,4.1,8.9,4.4,2.8,3.7,3.0,10.2,7.0,8.7,0.2,2.9,-4.5,0.8,-1.1,-4.4,7.7,4.4,5.6,2.8,0.8,5.6,7.3,6.4,11.0,11.2,8.5,13.1,7.5,4.7,11.3
04,AZ,447,-8.4,-5.3,-2.6,8.3,-0.4,-1.7,0.8,-2.5,-4.4,-5.3,0.2,9.1,14.9,9.2,-16.1,-38.0,-27.7,-16.9,-14.4,-16.1,-13.0,-13.5,-17.3,-11.2,-4.5,-1.4,32.9,62.8,65.5,41.2,36.5,40.9,43.8,46.9,56.1,45.8,27.0,34.4,41.9,43.4,30.3,42.5,39.3,26.4,23.1,17.1,14.9,3.0,8.5,-0.7,-11.4,-11.9,-17.3,-20.4,-19.4,-6.1,-4.7,-5.8,-10.7,-4.4,-1.6,7.2,3.9,7.2,8.0,4.8,5.7,-0.8,-7.3,-1.9,3.0,4.1,0.7,-6.5,-7.6,-8.4,-6.5,-4.9,-2.8,-2.8,4.7
04,AZ,448,0.3,-2.3,-2.0,4.6,-0.6,-0.1,0.5,9.3,2.3,3.6,1.2,5.0,-0.4,5.2,-49.3,S,S,-11.7,-27.7,-5.4,-2.7,-10.1,-19.4,-11.5,-6.4,-12.1,118.3,S,67.8,38.0,60.8,23.8,26.3,32.5,44.1,31.3,19.1,26.4,9.5,12.7,5.6,3.2,-0.3,6.7,5.8,2.1,1.4,3.0,19.6,13.5,7.8,4.2,8.8,6.6,11.9,10.3,5.5,4.9,10.4,13.3,0.3,4.2,-0.8,-2.1,0.6,1.4,0.7,-8.5,-2.8,3.0,1.1,-1.6,5.2,0.2,3.2,5.1,6.0,2.8,8.8,6.0,6.4
04,AZ,451,-4.2,-6.2,-10.6,-1.7,-2.9,1.3,9.6,7.6,5.9,9.3,4.3,6.0,13.4,7.3,-14.0,S,S,36.5,15.3,8.3,25.7,27.7,19.5,19.9,36.1,22.8,90.9,S,8.4,19.7,31.4,43.9,25.7,26.3,36.5,30.0,-2.7,12.2,-7.0,-4.8,-3.5,-4.0,-3.2,-0.1,-0.9,-1.7,-1.1,-1.1,6.7,-3.7,0.8,0.4,5.0,3.1,3.2,0.4,2.4,2.4,1.8,0.3,-1.8,8.1,1.3,-4.5,-0.3,-2.3,-2.4,-0.6,-1.9,-1.5,-0.4,1.8,-2.5,-5.2,0.1,1.5,3.2,-1.4,4.9,5.2,-1.5
04,AZ,452,-0.1,-0.1,-2.1,4.9,2.9,2.3,4.1,4.4,0.9,2.8,1.5,0.7,2.7,6.3,3.1,S,3.7,-4.3,-13.1,-1.0,-1.0,1.9,-9.2,-8.7,5.9,3.4,7.1,134.3,16.6,21.5,34.1,36.5,20.6,22.0,18.4,22.0,19.6,20.0,14.0,15.8,10.5,13.9,14.6,-3.6,12.3,9.7,20.2,12.3,5.1,2.5,5.3,4.7,6.9,11.1,4.1,9.9,10.7,7.2,6.3,7.8,7.3,10.1,10.4,-0.4,6.1,1.2,5.8,2.8,3.8,6.1,8.4,1.4,8.8,2.9,1.7,0.5,3.6,1.0,-0.3,2.8,-0.6
04,AZ,453,9.8,7.7,-0.7,5.3,12.2,11.1,17.3,5.6,12.7,3.0,7.1,9.5,4.8,1.8,-7.0,-24.8,-21.9,-8.1,-10.8,-12.6,-2.7,8.2,-0.1,10.0,6.0,5.8,39.7,S,33.4,25.8,30.8,23.9,23.1,11.0,19.9,11.7,31.3,36.4,27.3,25.0,31.7,27.8,17.5,29.3,19.6,21.6,20.3,16.5,-2.8,-5.2,-8.7,-8.7,-7.9,-6.3,-9.1,-11.8,-6.0,-0.4,1.2,0.0,6.6,12.7,9.4,S,S,3.9,10.2,13.8,11.7,13.8,4.6,14.9,9.5,4.9,9.8,2.0,8.4,14.8,15.4,4.8,11.4
04,AZ,TOTAL,1.8,0.9,-0.9,4.4,2.7,0.3,4.2,3.8,2.0,2.0,2.0,2.9,3.4,4.9,-11.0,-31.8,-7.5,0.6,-2.3,-2.8,4.1,3.1,-3.3,1.4,6.8,3.5,35.4,80.1,28.2,20.4,19.3,18.0,15.4,14.8,20.5,16.6,13.2,17.5,7.1,6.7,5.3,8.8,7.8,8.9,8.1,8.3,7.4,4.1,4.9,2.1,-0.3,-1.8,1.5,-0.3,-1.0,1.5,2.8,0.7,2.0,2.9,-0.3,4.6,0.5,1.2,2.0,-2.5,4.0,1.1,-1.0,4.5,5.0,4.8,6.3,0.6,5.4,5.0,3.3,4.1,4.3,2.7,5.3
05,AR,441,-3.1,-3.3,-1.2,3.2,0.2,-1.2,5.0,5.5,2.8,2.4,5.6,0.1,3.7,6.0,-25.4,-29.3,-4.4,5.4,2.8,-0.2,11.1,9.2,0.5,11.9,17.4,8.5,83.4,100.8,37.4,26.4,20.3,13.6,12.5,14.2,22.4,14.2,18.0,24.6,3.0,2.6,-0.1,3.0,3.5,14.0,9.8,8.4,4.7,2.3,-0.9,-1.2,-3.3,-7.0,3.3,5.9,6.2,5.0,6.7,2.7,5.9,6.7,-0.9,4.9,-1.4,1.5,-0.6,-10.1,-1.0,-3.2,-8.7,2.8,2.5,2.5,4.1,-2.8,11.5,10.2,5.0,4.5,7.0,3.7,9.3
05,AR,442,2.8,3.1,0.0,4.9,2.4,1.1,0.2,0.5,3.3,1.6,0.9,-1.3,5.1,7.8,-28.4,-56.7,-23.0,0.0,0.7,-0.7,3.3,0.1,-4.1,S,22.2,11.8,83.9,S,63.7,25.4,24.2,21.8,21.7,29.0,32.1,S,-6.5,0.9,-5.3,-4.2,-2.3,-2.6,-6.4,0.8,-3.8,-6.2,-5.8,-5.8,-9.3,-12.0,-16.9,-29.0,-25.9,-24.3,-21.7,-20.8,-19.5,-20.5,-16.5,-19.0,-7.1,-4.9,-10.1,6.7,6.4,0.4,4.9,-2.0,-5.2,2.1,-2.2,2.6,1.4,-0.9,3.3,1.5,0.5,4.6,8.3,-0.5,4.6
05,AR,443,2.0,-5.2,-4.0,-1.8,-1.7,-4.1,1.2,-2.3,0.7,-0.7,-0.8,-0.1,-18.5,-13.3,-25.6,-57.3,-47.5,-21.8,-14.5,-12.4,-14.9,-9.0,-22.4,-17.3,23.1,13.2,51.7,181.2,111.9,49.8,33.9,25.2,29.2,28.1,31.1,21.2,-1.1,5.7,-1.1,-3.0,-4.9,-7.3,-7.4,-0.8,-4.0,-11.6,-8.8,-9.1,6.3,0.5,-4.6,-9.8,2.0,2.1,-2.9,-1.6,-0.4,3.8,-2.6,-2.3,-1.1,15.5,1.4,13.4,0.9,6.7,13.4,9.8,5.3,3.2,11.1,6.1,2.9,-7.9,0.9,0.7,12.8,3.6,8.3,1.0,9.3
05,AR,444,11.4,1.9,-0.2,7.7,-3.9,-4.0,2.4,1.9,1.1,0.2,-0.3,6.0,2.1,9.1,6.4,6.3,13.8,25.6,15.4,13.4,25.0,15.8,15.8,19.9,17.8,15.7,38.8,32.6,14.7,11.9,10.7,14.0,10.8,11.1,21.2,17.8,2.3,5.4,-4.1,-7.2,1.8,-1.0,-2.4,5.0,1.7,1.7,-7.5,-6.4,6.0,2.8,-5.6,-5.6,0.6,-3.1,-3.4,-3.2,-6.1,-2.9,0.7,-6.8,-5.8,2.5,-4.4,6.5,-1.7,-3.6,6.5,6.2,3.1,9.3,7.3,9.3,5.2,-3.8,6.0,3.2,-0.1,4.0,3.5,-6.3,3.4
05,AR,445,5.9,-14.6,-14.9,5.6,4.5,3.6,6.7,6.1,4.3,6.0,4.4,2.3,1.0,8.6,26.8,17.1,19.3,15.4,18.3,8.6,13.0,12.1,12.6,14.5,12.1,9.0,-11.1,-1.7,-6.1,-1.3,-3.2,1.2,3.9,5.0,0.8,4.3,5.4,8.4,10.5,9.3,10.4,13.0,12.7,11.4,8.3,11.6,12.8,9.8,-1.2,-1.9,-5.3,-5.4,-6.2,-7.5,-9.7,-6.5,-5.6,-11.7,-12.4,-9.7,-2.3,-4.9,-2.2,-5.1,-2.6,-4.7,-3.1,-3.6,-6.4,-1.3,0.2,-4.8,4.3,1.4,-1.6,-1.2,1.1,1.0,2.2,2.6,1.6
05,AR,446,3.9,4.6,-7.9,-1.8,4.2,3.4,7.2,1.8,-8.1,-16.8,5.4,18.1,1.5,2.1,8.8,-11.0,-18.9,-4.9,-4.1,-6.0,14.3,18.0,-9.2,-4.7,-4.0,-6.4,2.2,16.1,10.2,7.5,1.7,6.8,2.6,-0.6,5.1,2.5,-0.4,3.4,-6.6,-6.6,-1.8,-4.7,-6.4,-1.8,-2.0,0.2,-0.3,-5.5,24.8,22.4,25.0,22.9,29.2,24.6,25.3,25.9,25.2,34.2,28.5,30.0,0.9,2.2,-3.4,2.0,-2.1,-4.0,6.7,-0.1,3.0,5.8,-0.2,4.1,12.6,9.1,11.7,15.6,9.8,22.3,17.6,9.7,14.1
05,AR,447,-7.7,-4.4,-1.7,5.0,-1.4,-5.0,-1.5,-3.8,-4.1,-6.1,-0.9,8.4,0.8,-4.1,-26.5,-44.1,-36.7,-25.5,-24.0,-24.5,-21.7,-22.7,-26.0,-19.9,2.8,6.1,45.3,78.4,69.0,48.5,45.6,46.8,49.8,55.2,64.7,51.5,24.9,29.6,35.1,37.3,36.0,43.8,36.3,25.3,17.4,14.1,10.7,0.9,1.7,-4.4,-16.3,-17.6,-22.9,-26.0,-24.1,-10.8,-7.2,-10.6,-14.0,-9.6,-7.4,0.5,-1.6,2.5,2.4,-0.3,2.8,-4.9,-9.2,-4.5,-0.4,2.8,6.5,-2.2,-2.5,-3.7,-2.7,-0.8,-0.7,-0.3,2.8
05,AR,448,5.8,-2.4,0.0,8.9,0.8,4.7,2.2,5.7,5.6,3.3,0.5,4.9,3.1,0.2,-45.1,S,S,S,-12.3,-5.7,11.8,0.8,-2.4,1.2,2.1,-17.8,114.6,S,39.8,18.8,24.8,17.1,10.0,17.8,25.9,13.1,11.3,21.9,-3.0,3.0,-2.2,-4.7,-1.4,3.3,1.6,2.7,-0.1,3.6,8.5,15.7,2.5,0.3,4.8,5.8,8.4,7.7,5.7,2.6,5.8,5.4,-6.7,11.1,0.5,-2.7,2.5,2.1,5.7,-2.0,-1.3,4.9,2.2,2.6,10.9,-3.8,2.3,6.7,4.8,0.0,6.7,5.5,-0.3
05,AR,451,1.1,-4.6,-13.2,-0.9,-4.6,-2.9,4.6,1.2,3.6,-2.0,-0.6,2.0,-9.0,-6.7,-23.6,S,15.7,18.2,8.7,0.3,9.4,7.7,1.8,4.5,12.1,S,S,S,S,S,S,S,S,S,S,S,-30.8,19.8,-11.6,0.7,1.4,-1.8,-2.1,5.0,6.1,6.0,4.1,4.1,25.1,S,7.1,4.8,10.6,S,S,11.2,10.6,6.2,6.5,9.8,-5.8,8.4,0.7,-4.4,-1.1,-1.5,-0.9,-0.7,0.9,0.0,1.3,6.6,8.0,-5.9,-0.4,3.1,2.6,-1.8,5.9,3.0,2.3
05,AR,452,2.7,-1.8,-2.2,7.3,-1.3,2.4,2.3,5.0,0.4,4.4,-1.4,0.1,2.8,9.9,13.4,-30.3,S,29.6,18.8,22.8,20.9,17.0,14.4,13.1,15.2,-11.2,6.2,63.1,S,-17.5,-10.0,S,-6.4,-3.7,0.1,-0.1,-6.2,6.6,-8.3,5.0,7.9,9.7,7.5,29.1,5.4,6.2,5.0,0.6,6.5,10.9,-2.6,-2.7,-3.0,-3.6,-2.1,1.5,1.6,-6.3,-8.7,-1.9,-2.2,11.3,18.4,-0.9,1.8,5.8,5.3,-1.8,0.8,2.9,-0.2,0.8,5.0,-3.8,-5.1,15.1,7.9,6.5,6.9,3.0,-0.3
05,AR,453,-1.2,6.5,-2.1,7.4,0.3,1.9,8.2,4.4,6.9,8.3,2.4,8.8,15.9,6.7,-1.7,-30.4,-17.9,6.2,12.1,4.2,7.6,-1.8,6.3,18.1,1.7,1.2,40.3,89.6,41.4,30.9,20.7,26.6,25.6,30.2,28.9,14.5,27.5,31.4,15.0,17.8,22.3,10.2,6.5,4.3,5.9,1.8,-2.5,1.7,-6.1,-8.5,-10.4,-14.8,-1.0,-1.8,-10.0,-7.8,-0.3,4.8,4.1,1.5,3.6,11.4,12.1,17.9,8.9,4.1,14.2,14.1,11.2,14.6,2.2,16.4,11.4,9.8,14.1,6.8,16.8,19.7,19.5,0.9,9.3
05,AR,TOTAL,0.3,-3.3,-3.6,4.8,-0.2,-0.6,3.2,2.9,0.6,0.2,1.7,3.3,2.1,4.7,-8.3,-24.4,4.0,6.8,3.1,1.4,7.9,5.5,0.8,4.7,11.8,2.1,35.2,61.0,12.0,12.2,11.6,7.3,11.4,13.7,18.3,13.8,8.2,16.4,4.5,7.3,8.7,10.6,9.1,15.1,7.8,7.2,4.3,1.0,3.1,2.0,-4.9,-7.0,-3.8,-4.6,-4.3,-0.4,0.8,-2.4,-2.7,-0.2,-2.9,4.4,1.9,1.5,0.4,-2.9,2.6,-1.5,-4.0,2.3,1.5,2.6,5.7,-1.6,3.6,6.7,4.0,4.9,5.9,2.1,5.0
06,CA,441,-1.8,-0.7,0.1,3.2,2.8,0.2,4.4,5.7,3.4,3.9,5.6,0.3,3.2,4.6,-30.6,-37.6,-9.1,2.8,2.7,-2.9,8.4,7.2,-1.9,8.1,6.6,1.6,80.2,109.5,31.5,19.2,12.7,8.0,6.0,5.3,11.6,5.5,13.8,18.3,-1.5,-0.4,-3.4,0.6,-1.1,9.8,6.2,5.9,2.5,2.0,7.9,5.3,4.0,-0.2,8.5,7.7,8.5,6.6,8.1,4.5,8.3,8.4,-4.8,0.6,-5.1,-0.7,-1.9,-9.7,0.6,-1.3,-6.0,3.5,5.4,4.3,5.6,-0.7,12.5,8.9,3.7,5.8,5.0,2.9,7.8
06,CA,442,0.6,1.2,1.6,5.3,6.3,0.4,6.1,6.1,6.3,4.9,5.1,2.1,1.9,6.8,-22.4,-61.3,-38.5,-9.4,-9.9,-7.2,-2.7,-2.8,-8.0,-1.6,5.7,0.4,46.8,189.8,68.4,18.3,15.7,9.4,7.3,6.7,14.1,3.5,3.3,9.6,4.0,7.9,8.2,8.7,4.0,9.8,5.1,6.2,5.0,3.4,13.1,3.9,-2.2,-5.7,1.1,-4.6,-5.7,-7.2,-7.3,-10.9,-6.1,-8.2,-10.0,-0.4,-4.6,-2.0,0.2,-0.1,7.4,6.8,8.7,12.5,10.0,17.5,6.1,3.9,8.2,8.2,3.5,3.4,5.5,-1.3,-2.5
06,CA,443,-1.2,-4.7,-5.1,-5.6,-4.2,-8.0,-5.0,-5.6,-3.7,-4.9,-5.5,-4.2,-0.5,2.7,-19.7,-58.0,-48.1,-24.8,-12.3,-10.6,-10.2,-3.7,-10.5,-12.9,-7.1,-11.7,35.1,167.8,103.6,51.2,28.7,18.7,20.6,17.4,9.8,11.2,3.2,10.1,0.0,1.1,-1.4,-8.1,-6.0,-2.9,-0.3,-7.4,-6.9,-5.6,13.0,6.5,-3.0,-7.3,-0.5,1.9,-3.5,1.1,1.9,4.3,6.5,1.6,-2.0,2.3,-6.3,1.5,3.4,-3.8,3.4,-5.5,-10.1,-2.4,0.1,7.6,-5.3,-6.1,2.1,-1.2,-0.6,1.7,2.5,3.6,6.4
06,CA,444,10.5,0.2,0.7,8.5,-2.2,-5.8,0.9,0.7,-0.5,-1.4,-2.6,2.1,0.4,9.5,3.9,-0.6,13.5,24.4,15.4,12.1,22.0,14.7,16.0,20.7,14.7,12.2,38.3,35.0,10.8,9.1,6.9,9.4,7.5,7.3,16.6,11.3,5.7,9.8,-2.1,-6.1,1.5,-0.3,-2.0,7.4,2.0,0.4,-7.3,-2.9,-1.8,-2.8,-6.9,-7.6,0.9,-3.2,-2.4,-2.2,-6.0,-2.6,-1.1,-5.1,-1.2,2.7,-5.7,6.3,-2.1,-3.7,7.8,-1.2,4.3,12.7,4.8,0.8,-0.1,-7.6,1.4,-0.2,-5.5,-1.7,-6.0,-8.0,-3.8
06,CA,445,3.4,0.1,1.7,4.4,2.4,1.6,4.8,4.3,-0.5,1.3,1.0,1.2,0.1,4.9,22.1,11.3,15.4,9.6,10.1,6.4,11.1,8.7,7.3,7.9,13.5,8.0,-7.2,2.0,-1.2,4.7,3.0,4.4,7.8,9.5,9.4,11.5,3.3,6.9,7.2,9.1,6.2,8.6,7.7,8.5,5.7,4.8,5.2,3.8,-1.4,-0.8,-3.8,-5.0,-4.3,-7.0,-5.9,-5.0,-5.0,-6.9,-8.5,-4.9,0.5,4.7,3.4,1.0,4.2,4.3,3.1,3.1,1.5,4.3,8.0,2.4,5.2,-0.7,1.9,4.2,2.1,0.7,0.7,2.2,0.7
06,CA,446,0.2,3.7,2.4,6.0,2.3,1.3,3.5,0.1,2.9,2.4,-2.5,2.0,1.5,2.7,5.5,-11.1,-11.7,-2.0,3.3,-1.5,5.0,0.8,0.2,4.7,-2.0,-3.0,6.5,22.7,17.7,15.6,6.9,12.2,8.5,6.0,12.9,11.4,10.8,10.9,1.9,3.1,6.6,4.3,2.8,5.8,5.8,5.3,5.1,4.1,4.3,4.8,5.6,2.9,8.2,5.6,3.4,5.8,3.7,8.5,6.4,3.0,8.3,7.3,0.3,4.8,1.6,-1.4,9.0,3.9,6.4,5.4,2.8,6.5,2.1,3.1,7.7,7.3,5.8,10.5,7.4,4.6,5.8
06,CA,447,15.0,1.0,16.6,-3.3,2.0,-5.5,14.7,-5.8,7.4,-1.8,-3.6,4.0,9.9,10.6,-15.9,-39.0,-36.7,-18.0,-5.1,-3.7,-2.4,-0.7,-0.8,1.7,-9.4,-1.0,58.8,108.4,54.0,44.6,26.6,25.0,22.2,26.7,34.8,27.8,24.2,21.7,24.9,27.5,64.3,45.9,40.0,29.7,16.7,20.0,4.2,5.3,16.6,14.0,-11.7,-13.7,-19.6,-20.2,-19.1,-4.7,0.9,-5.3,4.4,-2.9,-9.8,-7.3,-8.5,-0.2,-1.1,-5.8,-0.4,-11.1,-15.3,-12.6,-18.9,-7.9,4.1,2.1,0.5,-2.7,-0.5,0.3,4.5,4.2,0.5
06,CA,448,2.3,-1.0,-1.7,3.9,-0.3,-1.8,2.3,7.0,-0.6,-0.9,-0.6,4.0,7.5,14.0,-50.7,-97.0,S,-23.6,-33.1,S,-24.0,-2.7,-15.0,-14.1,-18.7,-13.7,118.8,S,S,54.1,S,S,S,23.6,32.9,32.2,29.1,25.3,17.4,13.9,5.4,2.0,-1.0,3.5,2.6,-0.9,0.3,2.4,0.8,-5.1,-9.9,-10.4,-4.9,-4.0,-4.8,-2.6,-3.9,-5.5,-2.9,-0.1,3.6,0.5,2.8,-0.1,7.3,4.3,3.7,2.1,1.2,8.9,7.7,3.7,8.8,5.3,5.0,9.9,6.6,4.5,11.8,8.6,9.7
06,CA,451,-2.8,-7.5,-8.3,-1.6,-1.9,-1.4,5.9,4.6,5.6,7.7,3.9,4.0,-13.7,-4.0,-34.9,S,S,-2.6,-2.5,-18.2,-9.1,8.7,-2.3,-2.7,40.3,24.2,127.8,704.8,195.8,33.9,35.6,S,S,31.2,34.6,S,-1.5,14.6,-9.5,-7.4,-6.6,-3.4,-7.7,-2.3,-2.8,-2.0,-1.5,-3.4,9.0,-5.7,1.5,-0.5,6.1,2.9,5.7,-0.2,3.2,-1.4,2.9,-2.4,-2.2,0.6,-2.8,-5.8,-2.9,-5.4,-8.1,-2.8,-5.4,0.9,2.0,0.6,-4.7,-2.7,3.4,2.1,3.6,-0.3,5.6,8.2,3.0
06,CA,452,-0.7,-0.2,-2.5,3.5,0.8,-0.3,0.8,1.7,-1.6,1.0,-0.3,-1.6,-2.8,0.4,-6.6,S,S,-19.6,-15.2,-17.7,-10.3,-3.5,-11.7,-17.9,0.6,1.0,8.8,178.3,59.7,32.6,28.7,S,21.7,22.5,12.8,26.8,16.9,15.8,12.1,9.6,5.4,12.1,9.4,0.6,9.6,5.6,16.5,8.7,3.9,2.2,3.3,4.9,4.3,1.7,3.1,3.5,6.2,3.3,4.0,6.3,2.2,1.5,4.0,-5.0,2.9,2.6,0.8,3.9,0.8,2.9,5.1,-2.1,7.6,6.9,4.8,2.1,5.7,-1.2,0.5,-2.6,-3.3
06,CA,453,-0.1,0.1,-0.9,5.5,2.5,-0.1,4.1,1.2,0.3,-0.2,-3.8,1.8,17.1,14.9,-5.1,-33.1,-31.4,1.6,8.0,4.3,15.8,10.4,10.6,20.2,-5.0,-6.5,29.6,77.3,52.0,17.6,10.4,13.5,10.4,13.0,15.3,4.9,15.6,6.7,-0.3,-4.0,3.2,-1.2,-6.1,-4.5,-7.1,-6.4,-13.5,-11.9,-3.3,6.5,4.4,9.3,9.3,10.6,11.4,3.0,6.9,7.2,11.2,7.0,-2.1,1.5,-3.3,-1.7,-0.8,-3.6,1.2,0.2,-2.6,-2.9,-9.1,-3.3,9.4,5.1,11.2,3.9,7.4,12.2,12.2,8.8,13.6
06,CA,TOTAL,1.6,-0.2,0.6,3.5,1.5,-0.8,3.8,2.9,1.4,1.4,0.8,0.9,2.0,5.3,-12.1,-33.9,-17.9,-2.7,-1.6,-8.2,2.8,4.2,-1.9,0.0,3.6,1.4,34.9,82.4,38.7,21.1,17.0,21.4,13.7,12.3,15.4,15.4,12.0,14.4,5.1,5.2,5.6,6.8,4.7,7.6,5.9,4.8,3.6,2.8,4.6,2.8,-0.9,-2.6,1.1,-0.6,-0.2,1.0,1.9,0.0,1.9,1.9,-1.3,1.5,-1.6,-0.2,1.0,-2.5,2.4,0.2,-1.9,3.3,3.5,2.1,5.0,1.0,6.5,5.0,3.0,2.9,3.5,1.9,3.2
08,CO,441,-1.9,-0.5,0.7,1.3,2.0,-1.6,3.2,4.1,2.3,2.5,3.2,0.9,4.1,5.4,-28.1,-34.4,-6.3,4.8,3.3,-3.0,8.9,6.8,-1.5,7.9,12.0,6.4,77.6,106.7,32.6,21.3,15.4,11.7,9.9,10.0,18.7,9.4,4.7,8.2,-7.5,-7.2,-10.7,-6.6,-7.8,3.1,-0.9,-1.6,-5.0,-4.9,9.7,8.4,7.2,3.1,13.8,11.5,12.2,9.5,11.7,7.9,12.1,12.6,1.7,8.2,1.0,5.0,4.6,-4.1,6.2,4.6,0.2,10.2,11.5,10.5,5.6,-0.8,10.5,8.3,1.1,3.3,4.7,2.0,6.3
08,CO,442,0.6,0.3,-6.4,4.5,2.8,1.9,3.8,4.7,5.6,5.2,2.8,-2.2,26.5,17.4,-1.5,-62.9,-36.6,11.1,14.5,16.9,20.2,18.5,10.0,16.4,0.2,2.8,S,S,86.3,10.1,2.3,-0.9,S,0.2,5.0,S,4.0,10.1,4.5,8.8,11.3,7.5,6.8,10.4,9.5,-0.8,5.2,8.2,1.3,-3.0,-5.0,-19.6,-11.7,-0.6,-12.2,-12.5,-7.5,-3.0,-0.3,-2.3,-13.8,-4.0,-8.2,1.8,-1.9,-10.7,4.6,4.6,-2.0,1.4,-1.1,2.7,8.5,5.5,6.6,7.6,7.5,2.0,2.8,-3.6,-3.7
08,CO,443,-3.4,-7.0,-5.0,-2.8,-0.2,-2.8,-0.1,-0.8,0.8,0.1,-3.4,-1.5,0.8,1.4,-20.1,-53.3,-43.6,-21.3,-12.7,-13.9,-14.4,-7.9,-12.3,-15.3,-2.1,-7.6,37.1,140.8,86.5,43.6,27.1,20.6,24.0,22.3,12.2,15.8,3.9,3.3,-0.7,-0.4,-6.0,-12.0,-8.1,-3.8,-2.6,-8.1,-9.7,-11.8,-2.9,1.8,-8.8,-14.3,-4.1,-2.7,-9.1,-3.9,-4.6,3.2,13.3,4.7,1.2,11.1,-7.5,1.6,12.3,3.8,10.6,3.5,-4.2,-6.6,-5.4,4.1,-9.9,-7.2,8.8,4.1,-5.3,-5.9,2.5,0.0,8.0
08,CO,444,10.4,2.2,0.5,5.1,-2.2,-3.9,1.6,1.3,3.0,1.0,-1.4,4.9,6.2,10.6,8.8,5.4,14.3,24.5,17.3,13.1,23.7,15.6,16.7,20.9,14.8,11.0,32.1,30.5,10.4,8.6,6.3,8.7,5.8,6.7,15.7,12.8,14.0,20.8,8.8,4.6,12.3,12.3,10.1,19.4,14.9,12.8,7.7,3.8,1.8,3.0,-3.9,-4.3,4.0,-1.9,-2.7,-4.2,-4.5,-0.5,0.8,-2.5,-1.2,-1.7,-5.6,5.3,-5.0,-2.9,8.4,-0.2,3.1,6.1,-1.5,-0.5,-4.2,-5.4,1.3,-2.0,-3.9,-3.3,-5.4,-5.8,-2.6
08,CO,445,3.8,1.3,0.9,4.4,3.6,2.7,5.9,6.5,2.6,4.4,4.0,2.1,1.6,6.9,23.1,8.4,12.9,10.2,10.8,6.1,8.6,9.7,7.7,9.8,13.8,8.5,-6.8,5.2,1.8,6.5,5.2,7.4,11.0,9.9,9.5,13.4,3.6,5.2,5.3,7.7,4.1,5.4,4.7,3.4,2.0,2.5,3.1,1.0,-4.9,-3.2,-4.6,-5.6,-5.2,-7.0,-7.4,-5.1,-4.4,-7.2,-12.1,-6.3,7.8,11.5,10.8,6.6,9.7,8.9,9.0,9.5,5.8,11.7,19.3,8.2,6.1,1.3,1.3,5.0,3.2,1.7,2.5,3.5,3.6
08,CO,446,11.8,10.7,3.5,7.4,3.6,0.8,6.6,2.6,6.8,5.5,-0.6,5.1,2.4,4.5,4.6,-14.3,-14.9,4.3,4.7,-1.3,5.3,-0.4,2.3,5.0,0.8,-2.2,10.5,28.0,23.0,14.1,6.0,11.2,6.9,4.7,9.9,7.9,0.4,1.9,-5.7,-4.0,0.3,-4.6,-4.0,0.9,0.6,0.3,0.3,-5.0,3.5,4.4,3.6,1.4,5.4,3.9,0.8,1.9,0.6,6.4,4.3,3.4,6.7,9.2,-0.2,4.3,2.2,-1.9,9.5,4.8,5.6,4.5,2.2,6.1,2.4,-0.5,6.9,8.3,5.6,9.4,5.3,1.5,7.0
08,CO,447,-4.7,-3.4,0.8,7.5,0.2,-3.0,1.2,-2.6,-2.3,-4.2,-0.1,9.1,15.8,10.7,-13.2,-36.9,-27.2,-14.3,-11.6,-21.1,-19.6,-21.0,-23.8,-19.4,-11.9,-8.6,11.1,39.8,37.7,28.3,25.0,40.0,44.2,49.7,58.6,48.8,30.4,36.5,56.4,54.9,46.9,45.3,39.5,28.4,17.8,16.9,11.9,4.1,-8.5,-13.8,-24.2,-25.5,-29.2,-31.7,-30.5,-19.0,-13.1,-17.4,-18.6,-17.4,-6.6,1.2,-3.8,3.2,1.7,1.6,6.8,-0.9,-5.7,1.4,1.0,8.9,12.6,5.0,7.6,4.3,5.2,3.5,2.0,2.9,28.0
08,CO,448,0.1,-3.4,-3.2,3.6,-3.0,-1.8,-0.1,1.5,-2.4,3.2,0.4,4.5,4.0,10.1,-49.7,-83.7,S,-16.8,-19.5,-13.0,-5.6,-12.2,-22.6,-10.9,-5.4,-11.0,123.2,580.8,S,43.0,45.6,24.1,25.8,32.9,52.1,31.1,16.5,26.8,10.7,16.1,6.4,2.4,-0.3,4.7,6.5,2.8,1.0,3.4,10.6,6.0,2.6,-3.1,1.8,4.0,4.4,8.4,1.8,0.3,3.7,6.2,-2.9,5.3,1.2,1.8,6.6,2.9,4.9,1.6,1.6,6.7,4.6,3.0,7.9,-1.7,5.4,5.1,4.1,1.1,5.5,4.9,5.2
08,CO,451,-6.7,-8.5,-11.6,-0.5,-3.8,-0.6,7.6,2.0,1.3,13.3,-0.7,4.4,13.5,12.0,-14.9,-29.2,S,34.8,16.9,7.8,21.4,17.7,27.9,19.0,46.3,27.2,95.9,134.4,9.4,18.2,25.2,36.4,32.8,34.6,40.4,35.9,-2.2,10.1,-6.1,-7.9,-4.5,-5.9,-2.8,-2.6,-1.7,-4.7,-1.7,0.5,-0.2,-1.5,-1.8,-3.2,0.3,-1.6,-0.8,-3.5,-1.9,-0.8,-7.9,-9.5,-3.1,1.0,-5.2,-8.5,-4.7,-8.1,-6.8,-5.6,-6.8,-2.6,-1.5,-0.2,-3.0,-7.0,0.5,-1.0,0.4,-4.2,3.7,4.7,0.5
08,CO,452,-0.7,-0.6,-3.0,4.3,-1.1,1.2,2.7,2.0,-2.2,3.7,-1.2,-1.2,4.0,7.1,3.7,S,7.4,-0.6,-2.7,-4.5,-1.7,-1.4,-6.8,-6.5,6.7,0.9,5.3,92.1,8.1,13.2,15.5,30.6,16.7,16.8,16.0,14.7,16.1,15.6,10.5,15.6,10.9,13.0,13.6,2.2,14.6,12.3,14.4,11.1,2.0,3.9,8.0,6.8,5.6,8.9,5.8,3.0,6.9,7.4,3.6,10.1,5.4,8.7,6.7,-3.6,3.8,-1.4,1.7,1.2,-0.7,-1.4,5.3,-3.4,5.4,3.6,3.6,4.1,3.5,2.3,-1.1,5.7,0.9
08,CO,453,-5.0,-3.2,-4.7,3.9,4.8,1.2,9.7,9.2,9.5,8.9,15.4,6.5,9.2,6.0,-9.1,-22.0,-9.4,1.8,-4.9,-7.3,0.8,2.6,-3.0,9.1,10.9,14.4,48.3,67.9,33.6,29.2,37.7,33.1,30.5,17.5,26.0,15.8,17.9,18.5,12.2,11.9,13.1,10.9,4.2,12.5,3.7,11.2,4.1,4.7,S,S,4.7,1.9,2.1,3.2,-2.9,-4.0,5.6,8.1,14.0,7.8,-8.2,-7.3,-9.9,-3.0,-4.5,-8.5,-2.1,-2.2,-4.8,-4.2,-15.7,-5.4,9.5,7.6,13.6,1.8,6.1,13.0,13.3,7.8,10.2
08,CO,TOTAL,0.5,-0.3,-0.7,3.6,1.1,-0.6,3.6,3.2,1.6,2.8,1.9,2.3,5.8,7.4,-8.4,-26.5,-6.2,4.3,2.7,-1.9,5.0,3.2,-1.3,3.3,8.2,4.2,32.5,66.0,25.8,17.4,14.9,16.9,14.8,14.9,20.3,15.8,9.2,12.8,5.0,6.1,4.6,5.7,4.6,7.0,5.6,4.6,2.8,1.2,2.6,2.1,-0.6,-3.3,0.6,-0.5,-1.7,-0.6,1.6,0.6,0.6,2.4,1.2,6.0,1.1,2.9,3.2,-1.1,5.6,3.2,0.4,5.6,6.5,4.7,5.1,0.5,6.2,5.1,2.2,2.4,2.6,2.4,5.8
09,CT,441,-2.1,-3.3,-1.9,3.2,-0.2,-2.2,3.5,4.4,3.1,3.5,3.6,-1.5,3.7,8.5,-28.6,-37.6,-9.3,6.7,3.7,-2.6,11.7,7.4,-1.0,10.9,6.4,0.0,76.2,106.9,30.4,15.2,10.1,5.9,2.0,2.5,11.0,3.0,8.6,13.0,-5.2,-4.9,-8.1,-3.9,-4.7,6.2,1.9,1.0,-2.3,-3.1,-4.9,-6.4,-6.3,-10.5,4.3,1.6,2.9,0.3,2.5,0.1,1.3,3.1,9.4,16.3,8.8,13.9,6.5,-2.2,7.6,4.0,0.4,8.1,10.5,7.8,5.3,-2.4,9.3,7.7,2.4,6.6,5.8,6.9,8.7
09,CT,442,-1.5,-3.2,-2.5,-0.3,-1.1,-3.8,1.3,0.4,1.5,1.7,1.1,0.1,11.7,13.6,-20.5,-61.8,-36.2,-2.3,4.4,4.6,7.1,9.8,-0.2,2.5,0.3,-2.9,49.8,S,73.9,18.7,8.9,3.4,5.9,3.0,9.2,4.5,-2.5,6.9,1.5,1.6,1.4,-0.9,-3.9,0.9,0.3,-1.5,-3.8,-5.8,10.4,1.0,-4.7,-9.0,-2.7,-3.1,-4.6,-3.9,-9.5,-12.2,-6.7,-8.3,-9.8,-3.4,-8.4,-4.5,-3.2,-3.2,4.6,2.2,4.4,12.4,9.3,15.6,9.3,3.8,9.4,12.5,9.0,9.4,12.1,4.6,3.1
09,CT,443,-1.4,-5.7,-5.5,-3.2,-2.2,-4.8,2.8,-3.5,-1.2,-1.6,-2.9,0.4,7.0,10.9,-14.4,-53.1,-45.7,-14.5,-9.7,-6.7,-7.3,0.8,-4.8,-8.0,-10.4,-15.6,31.0,148.1,101.4,35.8,19.0,15.5,18.5,14.9,4.6,6.5,1.5,11.9,1.0,2.9,-0.7,-7.4,-4.3,-0.1,-0.1,-8.3,-6.5,-4.1,-0.3,-5.7,-12.9,-17.5,-11.4,-8.3,-12.1,-12.4,-9.6,-8.5,-4.9,-6.7,-3.6,-0.9,-10.4,-2.6,0.9,-5.2,-0.2,-3.9,-11.3,-2.8,0.1,1.2,-4.2,-4.6,5.0,3.6,4.5,5.8,9.8,8.3,14.2
09,CT,444,11.8,3.0,0.8,4.1,-0.7,-3.7,1.9,-1.2,3.1,-0.5,-0.8,5.4,3.6,6.7,3.9,-1.6,7.6,21.0,13.1,13.1,23.7,16.8,18.8,22.6,13.9,12.3,38.3,40.8,17.1,12.4,7.9,9.3,5.2,3.4,12.1,10.1,14.3,19.5,7.4,2.3,10.1,9.4,8.6,17.5,12.4,12.4,6.2,3.3,-3.7,-6.0,-13.2,-13.8,-6.1,-10.7,-10.2,-8.9,-12.8,-8.9,-9.1,-11.9,-12.8,-6.7,-13.7,-2.5,-9.6,-11.8,-1.4,-10.5,-5.3,0.2,-5.8,-7.3,-0.5,-6.8,2.7,0.5,-4.7,0.4,-2.4,-5.9,0.2
09,CT,445,4.4,1.0,-3.8,1.5,2.3,2.3,2.5,3.5,-0.4,1.8,2.5,1.4,-1.2,5.3,25.7,20.0,13.1,9.3,10.2,10.0,13.2,10.8,6.9,9.1,9.5,7.2,-10.0,-4.7,-1.5,1.7,0.7,2.2,4.7,5.5,5.0,5.9,5.7,1.8,-0.7,6.5,2.1,3.9,4.1,1.8,3.7,1.8,5.2,4.7,0.4,4.3,5.5,2.1,3.5,0.8,1.2,3.9,0.4,-0.7,0.2,-0.5,1.4,4.1,2.9,-3.5,1.4,0.9,2.1,0.3,0.4,4.0,2.0,1.4,4.4,0.9,-1.2,8.5,2.5,1.4,5.9,5.2,1.6
09,CT,446,7.4,7.2,3.9,7.2,3.3,1.6,4.7,0.3,4.1,2.6,-2.8,2.6,-0.7,2.4,5.6,-10.8,-11.9,1.2,3.6,-0.1,5.7,1.2,1.7,5.9,-0.4,-2.8,6.0,21.0,16.1,13.3,5.4,9.9,6.7,4.2,10.8,7.5,8.9,7.1,-1.1,0.3,3.5,1.2,0.1,2.9,3.5,3.7,2.2,-0.8,-2.7,-0.6,-0.6,-2.8,2.9,-0.7,-2.6,-0.1,-2.5,2.4,1.3,-0.8,4.1,4.4,-2.7,2.0,-0.3,-3.7,7.8,3.0,5.1,2.9,0.8,4.4,3.5,4.0,9.2,9.1,7.4,11.2,7.2,5.1,8.6
09,CT,447,-9.3,-3.9,2.9,3.3,-1.9,-5.9,-0.9,-5.1,-6.1,-6.6,-1.4,6.5,6.4,3.0,-20.8,-45.1,-37.6,-23.8,-21.2,-18.3,-15.5,-16.5,-19.6,-13.0,S,S,S,S,S,S,S,S,S,S,S,S,6.4,12.7,S,S,37.3,33.4,16.3,14.4,-9.1,-6.4,-8.4,-15.6,S,S,S,S,S,S,S,S,S,S,S,S,-6.7,-3.2,-9.9,-4.1,-4.0,-6.0,-5.9,-11.0,-16.1,-13.2,-12.9,-10.5,-5.8,-10.4,-9.1,-10.1,-10.9,-6.1,-4.2,-4.4,-4.3
09,CT,448,2.4,-1.5,1.4,1.3,-4.1,-0.4,-6.1,4.5,0.6,0.5,-1.5,2.9,6.4,12.1,-51.9,-99.1,-48.7,-12.9,-2.3,-13.6,-0.9,-8.8,-19.6,-11.3,-9.7,-21.6,120.0,S,107.6,27.8,28.2,11.9,15.3,21.5,39.3,21.5,14.1,33.0,10.8,12.6,2.2,2.6,-1.0,5.6,6.2,3.0,-0.7,4.0,9.6,1.5,-5.1,-3.2,1.2,1.6,-1.6,3.1,1.9,-3.0,2.7,4.6,-6.7,-2.6,-4.0,-5.4,2.5,-1.4,-5.6,1.4,-10.4,1.6,-0.6,-4.2,6.8,-5.9,4.0,6.3,2.9,3.0,8.4,7.4,9.6
09,CT,451,-10.3,-8.3,-6.4,-9.0,-6.5,-3.1,1.3,2.5,0.7,0.3,3.4,4.5,1.7,29.3,-25.1,S,S,S,S,S,S,S,S,29.8,S,23.6,S,S,28.8,-6.4,-7.3,5.6,-7.3,-10.7,S,37.5,-6.1,20.8,0.0,2.9,4.8,8.6,11.0,13.1,14.9,12.7,25.5,11.3,15.0,15.2,-1.4,-4.2,-1.2,-3.0,-2.7,-9.3,-5.7,-10.9,-7.4,-13.7,-1.4,-13.8,-7.6,-14.0,-8.3,-7.3,-12.1,-2.1,-11.9,7.6,4.7,2.8,2.4,-6.6,1.9,3.4,-1.3,-5.8,7.4,8.5,4.6
09,CT,452,1.1,-0.9,0.6,3.8,0.6,1.5,3.2,1.7,0.7,-1.9,0.6,-1.1,3.7,10.9,-1.4,S,-0.3,-2.6,8.8,-4.0,8.5,4.5,-4.6,-5.1,12.5,-3.6,11.7,170.8,16.6,12.7,5.1,12.9,10.7,16.6,13.3,13.9,-8.2,10.0,1.3,8.0,4.4,9.0,8.5,6.8,12.1,5.7,3.8,17.1,34.6,23.7,16.9,13.7,9.5,7.5,13.6,10.5,8.0,4.9,13.1,0.4,0.3,3.5,9.7,-1.1,7.2,8.7,-1.8,10.2,1.1,7.3,2.2,1.5,-3.5,-10.4,-9.3,-0.2,-6.3,-7.5,3.2,-0.3,1.1
09,CT,453,-3.2,-7.5,-2.4,2.3,-1.2,-1.5,2.7,0.5,2.4,1.6,-0.1,3.4,14.3,17.4,-7.1,-32.4,-16.7,10.4,11.9,6.8,14.3,5.6,8.3,11.0,-4.1,-6.8,30.9,77.9,28.1,6.8,6.6,9.8,8.5,9.6,3.1,-1.6,8.3,12.9,4.3,8.5,11.8,10.8,4.4,5.6,-1.2,-4.1,1.5,4.1,-3.0,-6.8,-11.4,-13.4,-12.7,-13.1,-18.2,-17.7,-7.9,0.1,-10.0,-11.3,8.8,16.3,15.3,21.1,23.3,16.3,S,20.8,14.3,10.4,15.3,20.8,10.5,7.9,11.6,1.1,5.4,12.7,9.4,7.2,11.3
09,CT,TOTAL,1.3,-0.7,-0.7,2.9,0.1,-1.1,2.2,1.7,1.1,0.7,0.8,1.2,3.1,7.7,-8.7,-29.8,-8.9,3.5,4.8,0.2,9.5,5.7,0.3,4.4,3.4,-2.3,24.3,62.1,21.7,11.2,6.9,6.3,5.3,6.0,10.5,7.9,5.8,11.2,3.6,5.4,2.6,4.1,2.4,6.7,4.5,2.7,1.3,2.3,6.7,4.4,1.2,-1.5,4.1,1.4,2.8,3.5,3.4,2.5,3.8,1.8,0.6,4.6,1.0,2.0,1.7,-1.5,2.3,1.0,-1.8,3.6,2.3,1.9,2.4,-3.1,2.3,4.4,0.1,2.1,4.4,3.3,4.5
10,DE,441,3.2,-0.6,2.1,3.3,2.4,0.9,5.8,5.1,4.4,5.7,3.9,2.2,-2.3,2.9,-33.4,-42.1,-17.2,1.0,-4.5,-9.1,2.7,-2.3,-9.3,3.1,12.6,2.6,88.6,121.4,43.9,24.1,19.1,15.5,12.7,14.8,23.4,10.9,1.5,10.7,-11.2,-8.5,-13.4,-10.3,-12.4,-3.0,-5.4,-6.8,-9.2,-6.6,-1.4,-7.0,-5.7,-10.1,1.4,-1.8,0.1,2.9,1.4,-2.3,0.9,-1.6,2.1,14.3,7.0,12.5,5.8,-0.3,10.9,1.6,1.4,10.8,12.9,12.8,7.3,-1.5,9.1,7.7,3.8,5.0,2.2,2.2,7.2
10,DE,442,2.4,1.7,2.6,3.0,5.0,0.7,3.9,3.6,2.8,4.0,3.9,0.7,5.2,10.6,-22.2,-62.6,-33.3,0.7,5.3,2.1,7.8,5.9,-2.7,3.4,14.9,3.7,51.1,228.0,78.2,26.6,17.9,10.9,12.9,13.7,20.1,15.3,8.6,26.1,24.4,23.4,11.8,10.6,9.5,18.0,15.2,12.5,8.6,5.4,18.3,3.4,-1.9,-8.5,0.7,1.0,-2.4,-2.3,-5.9,-8.2,0.0,1.0,-20.2,-12.3,-17.8,-11.3,-13.1,-14.5,-5.3,-6.4,-6.6,0.2,-1.4,2.4,9.1,2.8,9.5,10.7,7.1,6.0,5.2,-0.1,-1.6
10,DE,443,0.9,-4.6,-5.1,-3.7,-3.4,-8.2,-2.7,-3.8,-2.6,-2.3,-4.5,0.1,-11.1,-8.6,-27.6,-63.2,-56.7,-30.3,-22.1,-22.9,-23.0,-17.0,-21.3,-26.5,-8.2,-12.3,33.7,170.7,112.6,46.1,25.9,19.8,20.4,17.0,8.1,9.8,-2.7,4.4,-4.4,-3.2,-3.8,-13.5,-10.2,-5.9,-1.8,-10.5,-11.3,-9.2,5.2,-0.5,-8.1,-15.2,-8.2,-4.3,-7.6,-4.4,-5.3,-2.1,0.8,-1.3,-3.3,-0.1,-10.5,-1.9,-1.7,-6.8,-1.0,-8.1,-14.5,-4.4,-4.5,-1.2,-6.1,-5.3,2.6,4.6,4.5,4.8,7.8,9.9,14.5
10,DE,444,12.7,2.4,1.0,6.3,-2.2,-4.9,1.2,0.7,1.3,-0.5,-1.2,3.9,0.3,7.5,5.5,3.3,10.6,22.4,14.7,11.4,22.0,13.0,15.3,19.9,17.9,14.8,37.0,33.6,14.0,12.4,10.1,14.3,10.5,10.4,20.3,15.5,9.6,15.1,3.4,-0.6,7.6,6.3,4.5,13.6,9.0,8.1,1.4,0.6,2.3,-0.9,-7.6,-8.6,-0.8,-5.4,-5.3,-4.6,-8.2,-3.4,-3.6,-6.7,-6.0,0.8,-6.8,5.2,-3.2,-5.2,6.5,-2.9,1.9,7.6,0.6,1.3,0.6,-7.9,-0.4,-2.7,-6.3,-2.7,-5.5,-8.3,-3.4
10,DE,445,4.7,2.1,-2.0,7.9,4.0,3.3,2.7,3.1,2.0,4.3,4.1,2.0,-0.3,7.0,24.6,9.9,9.5,7.0,8.5,3.9,8.9,7.7,7.0,9.7,8.6,5.3,-10.1,1.4,0.9,5.6,5.4,7.4,7.4,7.3,6.4,6.2,4.6,3.5,4.1,6.1,4.4,3.5,2.1,1.5,2.0,1.6,1.8,2.7,2.6,4.4,1.6,-0.3,0.1,-1.2,-1.4,0.6,0.7,-1.7,0.8,-1.4,3.6,6.4,6.1,1.7,5.6,4.5,5.6,5.5,1.7,7.0,5.1,5.1,4.8,-0.1,-1.1,4.7,0.9,0.0,2.4,2.1,2.6
10,DE,446,-3.3,1.4,1.1,6.5,1.6,-0.2,4.3,-0.3,4.1,1.9,-3.7,2.0,7.1,9.6,14.7,-3.5,-6.5,9.9,11.0,5.2,12.7,7.1,8.3,12.0,-3.0,-5.1,2.5,17.2,15.4,8.3,2.2,8.7,3.8,1.5,7.6,3.5,6.8,7.5,-1.5,-1.0,3.0,0.8,-1.4,2.3,2.3,3.2,3.3,4.3,-2.7,-0.5,-0.7,-3.2,2.3,-0.3,-1.6,0.3,-1.9,2.4,0.4,-3.9,2.4,1.8,-4.6,-0.1,-3.1,-6.1,3.6,-1.2,0.7,-0.6,-2.5,1.1,2.3,1.4,6.9,7.1,5.0,9.0,5.3,2.3,3.3
10,DE,447,-1.8,-0.8,10.4,3.8,0.3,-2.7,-2.6,-2.7,-2.9,-3.8,0.8,9.4,13.5,7.7,-17.0,-36.5,-30.3,-17.2,-14.5,-14.2,-11.2,-11.7,-15.0,-7.4,-3.3,0.1,38.8,78.0,48.4,41.1,39.5,38.1,40.1,44.1,51.0,37.4,29.8,34.8,35.4,36.5,53.0,41.7,30.0,20.3,11.6,9.4,9.2,3.3,2.8,-1.8,-13.5,-15.8,-20.0,-21.1,-16.1,-2.3,0.5,-2.7,-7.7,-4.7,-5.7,1.6,-0.4,4.0,2.4,-0.2,-0.1,-7.9,-10.8,-6.5,-4.2,0.0,2.3,-4.2,-6.3,-7.2,-6.1,-3.6,-2.1,-1.1,-4.3
10,DE,448,3.4,-1.0,1.7,5.9,-3.1,-0.5,0.3,1.7,-1.8,-0.3,-1.4,1.3,0.5,0.8,-52.9,S,S,-13.9,-13.8,-17.6,-8.2,-9.6,-16.6,-11.5,-3.2,-16.7,123.6,S,S,32.7,35.2,21.1,25.6,24.7,37.5,25.9,11.9,30.8,4.7,11.8,2.4,2.8,-0.9,5.2,4.7,1.4,-1.4,1.0,12.6,3.7,0.2,-1.1,1.8,2.1,4.5,7.1,2.8,1.5,4.5,6.4,-6.5,5.0,-0.2,-5.4,1.2,-1.7,-3.5,0.6,-7.1,0.0,-1.6,-3.9,5.9,-4.0,3.1,6.8,5.2,4.2,6.0,7.6,7.5
10,DE,451,-33.1,S,-1.9,-3.9,1.6,-1.0,1.9,-0.1,1.2,-2.4,0.9,1.3,S,22.5,-24.0,-33.3,S,S,S,S,S,S,S,S,S,29.1,S,S,S,S,S,S,S,S,S,S,S,S,12.1,19.2,18.7,21.6,27.2,29.5,33.3,S,29.1,32.0,9.5,13.0,4.2,3.1,7.4,4.1,2.4,-2.5,1.3,-5.4,-2.2,-4.3,-1.5,-1.7,-4.3,-10.7,-3.9,-5.0,-5.9,1.7,-6.3,0.1,2.8,3.1,1.5,0.0,0.8,-9.1,1.2,-6.1,6.0,4.2,2.1
10,DE,452,1.1,0.3,-0.2,6.1,1.7,0.3,2.5,2.4,1.0,-0.1,1.0,-0.9,8.4,9.9,1.8,S,S,5.4,20.3,0.6,10.3,7.2,0.1,0.7,3.2,-11.4,2.9,194.6,48.7,1.1,-5.5,-6.3,3.6,6.1,5.4,6.1,-1.8,15.5,1.1,5.0,3.0,10.3,2.3,13.8,8.1,4.9,0.0,13.3,20.6,15.3,12.0,11.7,6.3,3.1,11.9,11.1,-0.5,-4.6,2.2,-7.7,-11.5,-5.3,0.1,-9.1,-2.2,-1.5,-10.6,-2.3,-2.7,3.3,1.4,-1.7,-6.0,-13.3,-11.4,-0.9,-0.6,-3.2,8.1,4.4,2.9
10,DE,453,-2.8,-3.5,-3.6,4.5,0.3,-1.5,4.4,0.7,6.1,5.7,1.4,6.4,14.2,18.7,-4.2,-43.0,-20.2,10.0,8.8,3.4,9.0,2.7,10.6,16.4,-6.4,-13.2,24.3,104.4,27.8,5.9,8.2,9.5,11.8,16.0,8.0,2.1,20.5,26.1,14.2,14.5,18.4,15.0,6.0,12.6,3.8,2.2,-4.9,-1.0,-9.8,-11.2,-14.7,-15.8,-11.5,-10.2,-12.0,-16.6,-8.9,-6.4,-2.4,-7.6,-1.2,4.6,1.5,9.0,4.0,-1.7,5.3,8.5,2.2,6.6,-6.3,3.4,10.3,6.6,13.5,0.0,9.6,12.1,12.0,1.1,10.1
10,DE,TOTAL,2.2,-0.2,1.3,5.0,1.3,-0.3,2.6,2.0,1.7,1.9,1.4,2.3,3.2,6.6,-9.5,-32.7,-18.6,3.5,4.1,-2.0,6.3,2.9,-0.9,4.6,6.3,-0.5,31.2,76.1,39.0,15.5,12.0,11.6,12.0,13.3,17.1,11.2,7.4,15.1,3.5,5.2,5.7,5.9,2.3,7.0,4.1,2.5,-0.1,2.4,4.4,0.8,-3.1,-5.5,-2.2,-4.3,-2.2,0.9,-1.2,-2.6,-0.5,-3.2,-3.2,3.6,0.4,2.0,1.1,-1.6,2.3,-0.6,-1.9,4.0,2.7,3.2,3.1,-3.4,1.0,2.4,0.7,1.3,2.6,1.3,2.8
11,DC,441,0.8,1.4,0.7,5.8,2.7,-0.5,4.7,2.2,-0.7,1.6,-0.8,3.6,0.9,0.5,-16.3,-24.1,-2.1,13.0,7.0,-0.5,8.7,0.9,-3.3,4.6,-1.8,-4.5,30.8,40.4,-1.7,-9.5,-6.3,-1.5,-0.3,3.9,12.1,8.7,19.2,22.9,6.7,7.3,10.6,11.7,7.9,17.3,15.5,12.5,11.5,12.3,29.3,28.0,25.6,21.8,30.1,27.7,29.8,28.2,27.6,28.1,26.2,22.7,-1.6,1.7,-3.6,0.9,1.2,-5.3,0.9,-2.5,-4.2,-1.8,2.7,3.4,3.6,-1.8,2.2,2.2,-2.7,-1.1,0.2,-2.1,-0.2
11,DC,442,-3.4,-2.9,-2.2,-0.4,-0.9,-4.6,1.7,0.2,1.3,1.4,-1.0,0.5,-0.9,3.0,-28.8,-61.1,-33.9,-6.2,-3.9,-6.0,1.8,-3.2,-8.0,-3.2,-0.1,-6.9,50.0,S,49.0,12.2,9.6,2.7,3.7,3.0,13.8,1.3,-3.9,8.0,-1.1,-2.2,-2.2,-5.1,-9.1,2.6,-1.1,-1.0,-6.9,-6.2,17.8,5.3,-0.7,-6.4,0.9,3.5,0.1,-3.6,-4.4,-9.4,-3.1,-6.3,-7.8,4.8,-2.6,5.0,5.3,2.7,11.1,13.4,12.4,16.0,13.8,20.7,11.1,5.9,11.5,9.5,6.4,4.3,4.1,-3.4,-4.9
11,DC,443,-16.8,-13.5,-11.2,-8.0,-6.8,-6.8,-8.8,-1.8,-5.0,-5.7,-7.4,-5.8,14.9,20.1,S,-55.0,-45.1,S,S,-21.4,-21.7,S,-2.8,S,S,S,S,S,S,S,S,S,S,S,S,S,24.8,35.7,17.9,22.7,19.3,6.9,11.5,12.7,13.7,7.4,3.7,4.1,30.8,22.2,8.2,2.9,8.9,14.7,10.1,12.3,20.8,25.6,26.9,19.5,-21.4,-20.4,-26.3,-20.3,-15.6,-27.3,-22.9,-27.7,-29.3,-27.6,-16.1,-13.8,-1.1,-1.4,9.0,1.7,-6.2,0.9,3.4,6.8,4.7
11,DC,444,12.9,3.4,1.6,6.8,-1.2,-4.6,0.2,1.5,1.0,-0.2,-3.4,2.8,0.9,6.5,5.9,5.3,14.4,24.7,16.5,12.7,22.6,15.4,18.5,22.4,8.9,6.6,25.1,22.4,2.0,0.4,-1.1,1.7,0.2,0.5,8.0,4.7,8.7,13.3,2.4,-2.5,7.6,7.3,5.4,13.5,9.7,8.4,2.6,1.1,-4.2,-5.6,-10.8,-10.9,-5.0,-9.0,-8.8,-8.0,-12.3,-9.2,-8.8,-11.4,-6.5,-1.7,-9.2,1.4,-6.0,-8.9,2.1,-3.9,-2.0,4.3,-1.0,-0.7,1.9,-4.3,5.0,2.2,-1.1,3.2,0.8,-3.9,3.4
11,DC,445,4.6,1.3,-0.9,3.4,2.3,1.6,1.1,2.4,2.3,3.0,3.9,2.3,2.8,9.2,37.0,18.6,12.4,7.3,13.5,8.4,7.3,9.0,6.8,12.2,28.7,24.0,-4.8,14.1,21.0,27.1,23.9,27.6,31.0,31.1,29.1,28.6,11.1,7.1,8.2,9.4,6.6,7.9,5.8,5.1,6.7,4.5,8.3,7.3,10.4,13.3,14.3,11.5,11.1,9.3,11.0,12.0,11.2,9.1,12.5,7.8,0.8,3.2,1.0,-2.7,1.2,0.7,1.7,2.0,0.1,2.8,-1.9,0.4,4.2,1.5,1.5,6.8,3.1,2.1,1.8,3.1,3.4
11,DC,446,9.4,5.1,5.0,8.6,3.4,2.3,4.2,-0.6,3.8,2.6,-1.9,0.7,-3.0,1.1,4.6,-13.6,-12.4,0.9,4.9,2.1,6.5,2.6,2.3,8.1,1.0,-0.7,6.7,24.9,17.9,13.9,5.6,9.7,7.3,5.4,12.2,8.0,9.0,7.9,-1.2,1.4,5.1,2.3,2.1,4.1,3.7,3.2,1.8,-2.6,8.2,8.8,10.3,7.1,12.2,8.8,6.0,9.2,7.0,11.9,10.7,8.4,7.8,8.6,0.4,6.5,4.7,0.7,12.9,8.8,11.4,6.7,5.5,9.6,2.6,5.7,11.4,8.5,8.6,11.8,6.0,5.6,10.7
11,DC,447,S,1.9,S,-12.7,S,S,17.3,S,S,S,S,S,S,S,4.9,S,-15.0,5.4,10.0,13.4,S,S,S,S,10.8,16.3,S,S,69.5,57.1,55.3,45.6,47.7,54.4,62.4,47.5,27.4,31.4,27.0,41.9,58.1,49.7,35.3,26.1,15.9,12.5,11.9,4.9,16.8,11.2,-1.4,-3.5,-10.3,-13.6,-7.3,7.5,12.5,9.1,2.1,4.8,-14.9,-9.2,-9.8,-6.3,-7.5,-9.8,-9.1,-15.7,-19.5,-15.9,-13.6,-9.6,0.8,-5.6,-7.0,-8.2,-7.5,-5.6,-3.9,-3.3,-8.6
11,DC,448,4.2,-1.1,0.9,5.7,-2.9,-0.7,0.1,5.1,-0.2,0.0,0.0,3.8,2.4,3.6,-52.8,-69.1,-84.9,-21.4,-17.5,-15.0,-9.8,-13.7,-24.5,-15.6,-7.3,-17.4,119.4,229.2,S,42.6,37.0,21.1,24.3,26.8,48.3,27.9,-2.7,9.9,-8.1,-4.5,-11.8,-13.4,-15.7,-10.3,-11.3,-13.8,-15.9,-13.6,8.5,1.1,-4.7,-5.2,-3.3,-2.4,0.7,2.3,-1.6,-3.2,-0.9,0.7,-7.7,3.7,-0.6,-5.1,3.6,-0.8,-3.6,-1.7,-6.2,1.2,-1.2,-2.6,6.8,-3.7,3.8,7.1,3.3,3.7,0.1,7.5,9.2
11,DC,451,-10.5,-11.9,-7.7,-6.0,-7.3,-14.6,0.3,6.6,-1.4,21.9,-0.9,2.6,9.7,S,-7.5,S,S,S,13.6,S,9.8,-12.2,2.2,10.3,37.6,0.3,52.4,S,S,S,S,S,S,S,41.5,S,-4.3,13.1,-2.9,2.7,-5.2,S,9.4,8.8,-2.4,2.1,0.2,2.7,S,S,S,S,S,S,-4.4,-2.0,-8.2,2.5,S,S,-22.9,10.7,S,S,-2.9,-8.2,2.3,-5.0,10.2,S,7.4,9.2,2.6,-7.5,1.3,-0.5,S,S,S,S,S
11,DC,452,1.1,0.6,-1.1,7.6,5.2,0.2,3.2,3.1,-1.7,0.0,10.3,3.5,10.8,12.9,2.1,S,S,-27.4,-13.1,-21.4,-12.5,-7.7,-25.6,-17.2,-2.1,-8.8,1.3,S,96.5,58.2,36.3,S,35.9,27.0,S,31.5,7.4,18.4,9.6,6.7,-0.2,9.3,5.1,-7.4,11.2,9.7,6.5,8.8,14.2,7.6,6.3,6.3,2.9,7.5,4.0,4.8,4.5,4.1,11.2,10.3,-5.8,0.3,6.1,-2.2,4.7,-4.4,-3.6,0.3,-2.3,-0.9,0.9,-4.1,3.3,-0.3,6.0,0.5,3.2,0.0,0.4,-4.6,-6.1
11,DC,453,-11.2,-10.9,-4.2,-3.4,-24.8,1.1,11.2,10.5,0.1,1.5,4.2,11.0,30.1,30.1,-13.5,-55.1,-33.1,-29.7,-9.0,-13.4,-2.7,-2.4,-15.2,19.5,-20.4,-27.4,37.2,145.1,S,77.1,36.7,39.9,31.3,26.4,S,3.7,38.8,48.0,24.0,28.9,26.7,11.3,0.6,6.8,-3.1,-3.5,-11.8,-8.1,-0.8,-3.4,-7.6,-10.2,-4.5,-5.6,-5.4,-16.6,1.3,8.4,4.4,3.8,5.9,22.5,18.6,15.3,7.9,2.2,11.0,17.6,14.0,2.2,-1.0,10.1,14.0,3.4,8.7,-2.0,13.1,18.6,15.7,4.7,8.2
11,DC,TOTAL,4.5,1.2,-0.7,3.4,2.2,1.6,1.2,2.5,2.4,3.0,3.9,2.4,3.0,9.4,34.9,353.9,10.2,6.5,12.7,7.7,7.0,8.4,6.1,11.4,27.4,22.6,-3.9,-70.4,22.3,27.3,23.8,27.6,30.5,30.5,29.0,28.0,11.1,7.4,8.1,9.4,6.6,7.8,5.7,5.0,6.6,4.5,7.9,6.9,10.5,13.1,14.0,11.2,10.9,9.1,10.7,11.7,10.9,9.0,12.1,7.5,0.7,3.2,0.8,-2.8,1.2,0.5,1.7,2.0,0.1,2.6,-1.9,0.4,4.1,1.5,1.6,6.7,2.9,2.1,1.7,2.8,3.2
12,FL,441,-0.4,1.3,1.1,4.9,3.4,1.5,5.5,5.4,2.3,6.7,5.1,0.7,4.1,6.4,-28.3,-35.9,-6.0,4.9,3.4,-0.3,10.2,6.0,-0.4,9.3,13.5,7.4,80.7,115.2,35.7,22.8,18.8,13.3,12.0,11.3,19.1,12.6,16.2,19.8,2.3,1.1,-3.5,2.1,2.5,12.9,8.1,10.5,5.4,3.7,4.4,2.7,2.7,-1.7,10.3,7.1,6.6,8.0,10.1,3.3,8.1,8.7,0.9,7.8,1.3,6.4,4.3,-4.2,5.4,1.1,-3.4,6.8,8.9,7.0,4.5,-2.8,7.5,5.9,-0.8,2.5,2.8,1.9,6.1
12,FL,442,-1.0,-0.1,-0.2,3.9,2.7,-3.3,1.3,0.7,2.7,2.8,1.5,0.9,4.4,6.8,-26.1,-61.7,-26.0,-0.1,-0.8,-0.8,4.0,1.9,-6.1,3.6,9.4,5.0,64.4,213.4,51.1,17.2,17.3,14.3,14.3,16.1,19.6,8.3,-0.2,7.5,0.6,0.7,0.7,1.9,-3.8,1.0,-3.1,-3.4,-1.6,-2.5,11.3,4.6,1.3,-3.5,1.7,-1.2,2.3,3.7,0.3,-4.8,2.0,-4.4,-10.7,-7.2,-14.4,-7.5,-4.8,-8.2,-4.8,-7.9,-6.8,-2.1,-1.4,4.9,4.2,0.3,3.1,5.5,2.5,2.4,6.1,-1.6,-1.8
12,FL,443,-0.2,-5.2,-4.5,-5.2,-3.4,-6.9,-7.4,-4.2,-1.7,-2.5,-2.9,-0.5,-3.7,-1.2,-25.7,-58.6,-50.9,-26.4,-11.9,-15.5,-15.8,-10.2,-15.2,-19.1,-2.2,-5.2,50.4,178.8,119.7,56.3,33.8,26.5,29.3,26.4,15.4,18.1,7.5,13.4,3.3,5.4,2.3,-3.5,-1.3,3.1,3.2,-4.1,-2.8,-1.2,7.3,1.5,-7.4,-13.4,-6.7,-5.2,-9.1,-6.8,-4.0,-3.0,0.0,-3.4,-2.6,3.8,-5.8,2.6,3.7,-1.8,4.3,-1.6,-9.8,-3.7,2.7,8.7,-3.0,-5.8,3.8,-1.7,-0.2,0.6,3.4,2.6,7.7
12,FL,444,12.5,3.1,1.4,6.3,-1.4,-5.4,0.4,1.4,0.5,-0.2,-2.0,3.9,1.1,6.8,5.7,4.4,12.7,24.5,15.7,11.9,22.3,13.9,15.7,19.1,14.7,11.8,33.2,29.7,9.0,6.4,4.9,8.0,5.9,5.7,15.0,11.5,8.1,13.2,1.8,-2.1,6.7,6.2,4.2,13.0,8.3,7.5,0.6,-0.4,6.6,4.0,-3.4,-4.2,3.5,-1.1,-1.0,0.8,-4.4,-0.5,0.4,-3.6,-3.4,3.8,-4.0,8.0,-0.5,-2.5,9.6,0.3,5.7,12.3,5.7,5.7,-0.3,-8.5,0.8,-1.1,-5.2,-1.4,-4.3,-7.4,-2.2
12,FL,445,4.5,2.2,0.0,5.3,4.7,5.6,4.1,9.0,0.1,3.6,6.4,-1.5,1.4,7.8,25.9,13.7,16.7,13.8,17.2,5.4,14.1,12.4,8.5,11.9,10.5,4.1,-10.4,0.3,-0.1,3.4,4.0,6.6,7.0,8.2,7.0,9.3,10.6,11.2,9.7,10.5,6.1,7.6,6.2,6.6,10.8,8.9,11.8,7.3,4.2,6.5,6.1,4.1,4.9,3.5,2.7,4.4,0.1,-0.7,-0.5,1.1,1.0,3.5,2.5,-1.7,2.5,1.4,0.8,1.3,0.9,6.3,1.1,2.6,2.7,-0.4,1.3,6.0,2.8,0.8,3.5,3.9,2.0
12,FL,446,12.0,9.9,4.1,7.6,4.3,1.9,5.0,1.1,3.8,3.0,-2.5,3.2,-1.9,-0.4,3.7,-12.4,-13.6,0.1,2.0,-2.3,4.2,-0.5,0.1,4.0,0.2,-1.0,6.3,22.4,17.7,13.7,6.7,11.9,7.7,4.6,11.6,8.0,9.7,9.0,1.2,1.6,5.3,2.8,2.0,5.1,5.0,5.8,4.9,0.0,3.8,4.9,5.0,3.0,7.9,4.3,2.5,4.5,3.4,9.2,6.6,6.6,5.1,6.2,-0.8,4.0,1.6,-1.4,10.1,4.9,7.0,4.0,2.1,5.9,4.0,3.9,8.9,9.1,7.8,11.1,7.0,4.5,10.2
12,FL,447,-7.2,-4.0,-2.2,9.7,0.6,-3.3,-1.2,-3.1,-5.0,-5.2,-0.5,8.4,14.0,8.7,-15.2,-40.0,-29.3,-16.9,-15.2,-17.5,-14.5,-16.3,-18.5,-11.5,-6.5,-3.3,29.0,62.4,55.5,38.0,35.7,40.4,44.3,48.9,56.3,44.5,30.0,37.7,44.6,46.7,41.3,47.0,40.0,28.5,18.8,15.5,13.4,4.4,1.8,-5.9,-17.1,-17.8,-22.0,-25.2,-23.1,-9.5,-6.0,-9.0,-12.7,-8.8,-3.6,3.6,2.5,6.0,5.0,1.1,2.5,-5.6,-10.4,-4.6,-3.2,-0.9,-1.6,-7.6,-9.0,-9.4,-8.6,-6.5,-4.4,-3.7,10.6
12,FL,448,3.1,-1.9,-0.9,6.1,-1.4,-1.1,-0.7,1.9,-2.4,1.5,-1.3,2.8,1.9,6.4,-48.5,-96.6,S,-3.4,-19.9,-4.6,6.2,-4.4,-14.5,-8.7,-6.9,-12.1,106.5,S,62.2,30.3,45.4,18.9,16.2,25.9,38.3,24.6,16.9,20.1,8.8,9.4,-0.1,-2.6,-0.1,2.4,0.2,1.9,-0.9,2.7,12.3,9.2,3.6,0.4,4.2,4.9,4.9,9.4,7.4,2.9,6.8,7.2,7.3,10.7,4.3,1.5,8.6,5.8,5.1,1.7,2.1,4.0,8.2,5.7,4.1,-1.0,2.6,6.7,5.7,3.6,7.9,7.4,7.3
12,FL,451,0.1,-3.8,-12.9,-1.6,-3.0,-3.6,3.7,-1.7,0.8,3.6,0.0,1.7,-10.7,-4.2,-17.1,-34.4,20.3,22.0,7.7,3.8,11.1,9.2,4.8,10.2,19.2,15.0,S,S,-15.5,-11.1,-2.7,-10.5,-3.9,S,S,-10.1,-19.1,-9.7,-3.9,5.6,-4.8,-7.2,-4.3,7.4,-6.6,2.7,6.1,9.8,0.1,3.6,3.5,-8.5,6.8,3.4,4.7,-5.3,0.3,-8.0,-9.1,-15.9,1.2,1.7,-3.6,-0.5,-4.7,-6.4,-5.7,-0.1,-2.4,9.4,10.2,11.6,3.2,-4.9,1.7,2.1,3.1,3.7,14.0,17.9,12.2
12,FL,452,-0.9,-1.2,-0.6,4.3,6.0,1.1,0.0,3.6,-2.9,0.8,1.1,-1.2,3.4,7.8,3.6,S,18.4,6.5,-1.2,3.7,8.1,11.0,-0.9,1.8,6.8,-0.8,2.0,104.3,-3.5,6.0,16.1,11.5,8.7,11.5,12.1,8.5,15.1,14.8,11.2,16.8,11.1,13.9,14.2,7.6,9.7,12.1,10.5,16.4,6.5,9.2,8.5,3.4,4.1,4.5,3.5,7.0,11.9,1.7,1.2,0.8,5.2,6.1,9.3,0.6,3.9,2.3,-0.4,1.3,0.9,0.2,8.3,0.6,1.9,-3.5,-5.4,-0.9,-0.8,-2.1,0.3,0.5,-3.7
12,FL,453,0.3,-5.6,-2.5,5.4,1.7,2.3,6.8,8.7,6.8,0.6,0.3,3.4,-0.3,0.2,-19.5,-43.0,-28.3,-9.9,-9.8,-13.0,-3.4,0.6,-14.3,-6.8,14.7,18.9,65.5,136.0,81.2,59.7,S,47.4,45.2,30.3,S,39.9,13.5,19.6,11.9,13.1,14.5,12.5,3.4,16.6,11.7,8.3,3.0,5.6,13.6,9.9,3.8,1.5,2.3,2.2,-2.1,-8.3,-1.5,1.3,6.8,-2.1,6.3,10.0,8.8,10.3,8.7,0.8,11.1,16.5,9.9,12.5,10.0,17.7,9.5,4.1,8.5,3.6,11.1,14.9,15.0,3.9,10.3
12,FL,TOTAL,1.8,0.8,0.1,5.4,2.7,0.4,2.7,3.5,0.3,2.6,2.0,1.3,2.9,5.9,-11.1,-30.7,-4.0,4.0,1.4,-0.7,7.2,4.2,-1.5,3.8,7.4,3.0,33.6,75.0,23.4,17.5,17.4,14.6,13.5,14.1,19.3,14.3,13.7,16.8,8.0,8.4,5.9,8.4,7.5,10.9,8.4,8.9,6.3,5.3,5.4,4.2,1.5,-1.8,3.1,0.8,0.5,3.7,4.3,0.9,2.4,2.5,1.3,5.8,1.9,3.6,3.5,-1.1,4.1,0.9,-0.9,4.6,5.4,4.8,2.9,-2.4,2.5,3.2,0.3,1.7,2.6,1.6,4.4
13,GA,441,1.8,-0.4,1.3,4.6,2.8,0.7,6.2,6.7,4.0,4.7,5.8,1.1,4.3,9.7,-26.1,-32.9,-4.3,6.9,4.9,-0.4,12.3,9.4,1.0,11.8,11.0,3.6,76.6,104.8,32.7,21.0,16.1,10.5,8.6,9.2,17.5,9.9,13.7,19.1,0.5,0.8,-2.8,1.8,-0.9,11.2,6.7,6.4,1.7,1.6,0.7,-0.4,-0.7,-5.8,6.2,3.9,5.2,3.5,6.1,0.8,4.5,4.3,1.0,6.7,0.1,4.7,1.0,-7.9,4.3,1.4,-4.8,5.7,7.4,5.5,3.8,-1.7,9.3,7.8,1.1,5.6,4.0,3.1,8.3
13,GA,442,-0.3,-1.2,0.0,3.0,2.6,-1.6,3.6,4.8,8.3,2.0,1.9,2.0,4.5,7.2,-21.8,-60.7,-26.0,0.8,0.8,1.9,5.5,2.3,-1.8,4.4,10.8,3.0,50.2,S,49.5,11.4,11.8,5.4,4.5,7.4,13.5,4.1,-5.7,4.1,-1.4,-2.1,0.1,1.2,-5.5,2.4,-0.6,-2.6,-2.4,-3.3,7.4,3.1,-1.0,-5.7,0.0,0.4,0.3,0.5,-3.0,-4.3,-0.5,-3.8,-10.2,-3.5,-10.9,-5.2,-5.8,-8.8,-2.9,-4.4,-4.5,-0.3,1.1,2.8,3.9,0.3,4.3,4.9,3.7,5.7,8.1,0.6,2.5
13,GA,443,1.5,-3.7,-3.9,-4.3,-3.0,-6.5,1.4,-4.0,-1.4,-2.8,-2.0,-1.3,-7.1,-4.3,-20.7,-56.1,-47.1,-20.1,-13.8,-11.6,-14.1,-8.0,-15.6,-16.9,3.9,-2.2,39.6,158.5,100.0,42.2,24.4,18.3,23.0,20.1,14.0,20.3,6.0,14.7,6.0,7.8,5.7,-0.9,1.0,5.9,7.8,0.0,1.8,-2.1,2.9,-3.0,-10.7,-15.1,-8.0,-6.0,-10.5,-6.8,-7.2,-5.5,-1.9,-4.6,-3.9,6.3,-3.5,3.2,2.3,-0.8,5.8,-0.5,-6.8,-4.8,-1.5,2.1,-4.6,-9.3,-1.0,-4.4,-1.9,-4.9,-1.7,-2.5,3.7
13,GA,444,14.9,3.2,1.7,6.0,-1.2,-5.3,1.1,0.0,0.5,-0.3,-1.7,2.4,-0.3,7.4,5.7,2.4,11.1,23.8,15.4,12.0,21.9,13.4,14.8,19.2,16.1,13.5,36.0,34.0,12.4,9.9,7.3,11.2,8.5,8.3,17.9,14.9,11.9,17.4,5.8,1.1,10.1,8.6,7.0,15.6,10.8,10.3,4.1,2.0,6.5,3.6,-4.4,-4.7,2.9,-1.3,-1.0,0.2,-4.4,-0.1,0.0,-3.2,-5.3,1.3,-5.8,6.1,-1.9,-4.2,7.6,-0.8,3.3,9.3,3.3,3.5,1.5,-4.9,3.8,1.5,-3.4,1.2,-1.6,-5.3,1.5
13,GA,445,4.2,2.0,0.5,6.0,4.9,3.9,7.2,7.8,1.6,4.2,5.4,3.0,-1.1,5.0,19.8,9.4,9.2,7.1,8.5,2.3,7.9,6.3,4.5,6.2,10.5,5.1,-9.0,1.7,1.1,4.3,3.1,7.3,7.8,9.0,7.8,10.4,9.7,10.6,9.4,9.6,7.8,9.2,7.5,5.7,6.6,6.9,7.6,5.8,7.6,10.1,9.5,7.6,7.7,6.6,6.1,8.6,7.5,4.4,5.7,5.6,-3.4,-0.5,-0.4,-5.3,-1.5,-2.4,-2.3,-2.5,-4.0,1.0,-0.3,-2.6,6.1,0.4,1.2,6.3,3.8,2.7,4.5,4.3,2.8
13,GA,446,-2.7,-0.8,-2.5,1.8,-0.3,1.9,4.1,0.0,0.2,-2.2,-2.1,3.1,3.6,6.0,10.7,-7.5,-10.1,4.0,7.0,3.9,12.7,10.2,4.7,10.0,-0.5,-2.2,5.2,21.6,17.5,11.6,4.8,9.6,6.2,4.2,10.7,8.1,11.5,11.9,3.1,3.9,7.7,5.3,4.4,7.1,7.1,6.8,6.5,4.5,10.1,10.7,11.4,8.6,13.7,10.9,8.5,10.9,9.5,15.4,12.4,9.5,3.7,13.6,5.8,11.1,8.4,5.1,17.5,11.9,14.6,12.1,9.8,14.0,13.1,3.9,9.3,9.3,7.5,11.6,7.3,4.7,8.9
13,GA,447,-5.0,-3.2,1.8,7.3,-0.1,-2.6,5.1,-2.4,-4.3,-4.3,0.2,9.9,14.8,7.4,-17.7,-37.9,-28.2,-16.7,-15.4,-15.6,-12.3,-14.5,-17.2,-11.1,-3.1,-0.3,40.2,71.0,63.0,43.0,38.9,39.4,43.5,48.3,55.7,45.4,27.8,35.6,38.2,39.6,34.7,43.6,38.7,27.0,19.0,15.2,12.2,2.3,6.3,-1.3,-13.3,-14.7,-18.7,-22.2,-20.2,-5.7,-2.7,-5.0,-9.7,-4.5,-2.5,5.0,3.3,6.6,6.0,2.7,4.5,-3.7,-8.8,-4.2,-0.7,1.4,0.3,-7.2,-7.7,-8.1,-6.9,-4.9,-2.8,-2.5,2.0
13,GA,448,8.2,-2.2,0.9,7.8,-0.7,-0.7,-1.6,8.8,0.2,0.7,-1.7,1.4,-1.6,-1.7,-47.4,S,S,1.7,-18.5,S,4.3,-4.0,-7.9,-5.7,-1.4,-9.4,110.1,174.6,49.4,24.5,39.2,14.1,13.9,21.0,28.9,19.7,13.7,20.3,2.0,3.6,-1.6,-3.5,-2.1,6.1,5.0,4.3,-1.4,3.8,4.8,4.2,-1.6,-6.1,-2.6,-2.4,2.9,3.9,-1.2,-2.8,3.1,1.1,2.0,9.5,1.7,-0.4,4.7,5.9,4.3,-6.4,-2.1,7.7,6.4,4.3,3.5,-0.1,4.2,7.2,6.1,-1.1,6.6,5.3,0.2
13,GA,451,0.0,-2.7,-13.2,-0.1,-2.6,-2.7,5.2,5.4,7.1,3.9,0.7,3.4,4.6,-0.6,-11.8,S,S,31.7,18.4,14.3,19.2,14.8,7.1,13.4,1.2,4.9,S,39.3,-9.3,-3.9,0.6,-4.9,-3.7,5.2,21.2,1.9,4.6,12.2,-6.7,-0.5,-0.6,-1.4,1.6,3.6,3.9,1.3,-2.7,3.7,6.9,-0.1,2.6,-2.5,2.9,3.9,3.4,2.7,2.9,2.6,3.2,-0.1,-6.2,1.4,-4.3,-5.3,-4.8,-8.7,-7.4,-8.9,-7.2,-4.9,-4.0,-2.2,-3.9,-4.3,0.3,2.1,1.4,1.8,4.6,5.7,4.3
13,GA,452,4.3,-1.0,-0.6,7.5,4.4,-0.5,0.5,3.2,0.2,-0.3,0.2,-1.6,2.8,8.5,6.2,-34.5,S,24.6,15.2,19.4,19.0,17.8,11.0,9.8,14.3,3.0,6.0,76.7,S,-9.1,0.2,-8.1,-1.8,1.9,4.0,5.3,4.5,8.9,3.2,9.9,10.6,13.7,9.2,11.6,11.3,10.4,6.0,6.9,0.1,2.8,-3.9,-7.9,-6.7,-5.6,-3.3,-3.5,-2.1,-8.2,-8.3,-7.5,-1.2,0.8,12.4,0.2,1.0,2.0,-1.5,1.0,-3.3,3.4,1.5,2.2,0.6,1.1,-1.8,4.8,4.8,0.8,4.5,-2.1,0.3
13,GA,453,3.3,-2.0,0.9,4.7,1.9,0.8,4.3,4.4,3.5,1.9,2.3,4.5,2.9,4.0,-20.0,-35.7,-20.0,-2.6,-4.7,-6.5,1.7,1.4,-4.3,4.5,-0.5,-1.0,43.4,80.1,35.2,25.0,26.1,17.7,16.9,9.3,15.3,6.3,2.6,10.8,2.4,4.8,8.7,4.5,-2.8,5.7,1.4,-0.6,-6.1,-3.9,5.7,1.0,-0.4,-4.0,-2.6,-3.8,-6.4,-7.2,-1.8,6.4,5.8,0.3,9.3,14.4,4.3,7.5,5.9,1.1,7.3,9.2,9.8,13.7,3.7,13.2,5.9,1.1,5.6,1.0,3.9,9.7,10.9,1.8,9.1
13,GA,TOTAL,2.5,-0.5,0.3,5.4,2.1,-0.2,4.1,4.0,1.3,1.3,2.1,2.1,3.4,6.9,-8.8,-24.4,0.7,7.3,3.9,2.2,9.3,6.4,1.7,6.4,8.2,2.8,32.3,61.7,17.6,13.2,12.9,9.7,10.3,11.8,16.8,12.7,11.7,16.5,6.8,8.0,7.5,10.1,7.6,11.7,8.9,7.9,4.6,3.4,4.1,3.0,-1.1,-4.5,-0.1,-1.9,-1.0,1.7,2.2,-0.2,0.5,0.4,-1.1,4.4,1.7,2.7,1.5,-2.3,3.3,0.0,-2.6,3.9,3.5,3.5,3.7,-1.4,3.2,4.2,1.4,2.7,3.3,1.2,4.4
15,HI,441,-1.9,-1.2,-5.4,-1.6,-0.7,-7.4,0.7,5.3,-0.3,-3.7,-0.1,-4.4,-6.8,S,-33.4,-48.1,-18.1,0.8,-5.9,-15.7,-5.5,-0.5,-9.8,-2.3,3.0,24.9,63.6,122.5,33.0,14.6,9.6,10.2,5.5,1.8,9.2,3.7,4.6,8.5,-4.9,-7.1,-11.8,-4.5,-4.6,6.2,2.8,4.3,-0.2,-2.3,5.0,2.5,3.8,-2.5,8.7,3.3,4.3,1.5,5.7,3.2,6.5,6.3,4.8,9.2,1.0,8.5,5.0,-1.4,9.3,9.5,3.3,9.5,12.8,12.5,8.2,1.9,13.7,9.4,4.8,5.4,8.0,4.6,7.7
15,HI,442,-3.0,-2.4,-5.2,-5.6,-9.5,-6.6,2.1,-2.5,1.6,1.7,0.1,-1.6,10.8,11.0,-16.1,S,-11.7,7.6,12.6,9.6,7.8,5.1,7.4,16.0,4.6,0.8,46.8,S,41.7,15.7,4.0,3.5,8.6,11.7,7.1,-1.3,-4.8,2.3,-1.8,-3.3,-2.3,-2.0,-5.1,0.5,-0.7,-2.9,-4.7,-6.2,28.4,23.0,17.2,9.5,14.8,14.6,13.8,13.9,10.5,6.0,13.0,9.7,-28.1,-23.4,-31.0,-23.5,-20.9,-25.4,-19.3,-23.3,-22.4,-18.3,-21.3,-17.1,3.3,-1.7,4.3,3.3,0.2,5.3,7.4,1.7,-0.6
15,HI,443,-0.9,-8.0,-7.1,-6.7,-5.1,-6.9,-0.3,-5.6,-4.9,-1.5,-0.4,-0.8,-7.7,-4.8,-26.1,-62.5,-57.2,-25.5,-20.0,-19.5,-20.1,-13.5,-19.0,-23.3,5.5,1.7,56.5,222.3,170.3,62.2,42.5,39.4,40.1,36.7,24.9,29.0,6.4,13.7,3.5,6.3,3.4,-4.4,-1.5,1.9,4.9,-3.7,-4.3,-4.0,17.1,11.4,-0.7,-6.7,-1.4,1.7,-2.3,0.7,3.9,6.3,13.4,6.9,-10.7,-6.9,-14.4,-7.0,0.1,-10.8,-4.5,-9.9,-17.9,-10.9,-7.6,-0.2,-3.3,-4.1,4.8,0.2,-6.1,-0.2,2.3,2.3,7.9
15,HI,444,37.2,3.3,4.4,9.5,1.4,2.8,11.3,-3.0,8.0,2.5,-1.6,2.8,-14.7,5.8,24.4,25.1,21.7,31.8,20.3,17.8,25.4,17.4,19.5,25.7,20.7,14.5,14.4,0.9,-7.3,-0.8,-2.8,4.5,5.6,-1.2,5.4,3.7,-13.7,-11.5,-15.8,-17.7,-16.2,-13.0,-20.6,-16.4,S,-14.0,-15.9,-13.2,S,18.6,12.0,10.6,26.0,1.8,9.2,4.3,10.8,12.6,14.1,-2.8,-9.0,5.2,-6.5,-2.2,-6.3,-9.0,10.4,S,-6.2,2.6,19.7,S,S,S,S,S,S,S,S,12.9,S
15,HI,445,18.7,15.4,6.5,10.8,9.9,3.0,13.1,-4.7,1.0,-6.8,0.7,-1.5,S,S,S,40.5,S,33.5,30.4,35.0,32.4,S,35.5,28.6,6.0,-2.0,-5.6,-0.2,1.1,15.2,16.7,19.7,17.3,14.7,10.9,18.6,3.4,5.5,-1.3,10.3,0.4,-0.3,-0.7,0.7,1.7,1.7,3.2,0.0,-18.9,-16.9,-15.9,-19.6,-17.1,-17.9,-20.1,-21.5,-18.5,-20.8,-18.2,-16.9,2.4,6.6,1.6,0.9,2.9,3.4,3.3,6.7,3.8,6.4,3.7,3.9,5.1,1.1,3.6,5.8,5.5,3.4,4.4,5.7,2.1
15,HI,446,10.2,4.2,4.4,7.7,2.0,1.7,4.4,-0.5,3.9,2.7,-1.8,-0.2,-2.6,3.1,1.1,-16.2,-14.7,-1.4,3.7,-0.4,4.8,0.6,-0.4,5.7,-2.3,-5.3,8.4,24.1,19.2,13.1,3.7,9.1,7.4,3.4,11.3,9.4,9.2,9.0,-0.4,2.9,5.2,3.3,2.0,3.9,4.4,4.0,2.0,-1.9,1.9,1.8,1.3,-0.6,5.0,1.8,-1.0,2.8,-1.9,3.6,3.5,1.0,3.3,5.0,-2.1,1.9,0.7,-4.0,8.1,4.7,6.2,1.9,1.3,4.2,1.9,4.6,9.4,8.3,7.9,10.1,4.9,4.7,9.7
15,HI,447,-27.6,0.5,-28.0,10.9,-8.0,-8.4,-26.5,-4.4,0.1,-2.2,-3.4,-4.3,S,S,-40.9,-54.6,-45.7,-41.8,S,-42.3,-40.6,-40.0,-39.7,-37.8,S,S,S,S,S,S,S,S,S,S,S,S,S,S,S,35.5,S,S,S,S,S,S,S,S,S,S,S,S,S,S,S,S,S,S,S,S,-1.3,7.0,3.3,6.7,4.3,4.8,9.6,2.8,-3.8,5.3,2.6,8.1,2.7,-3.3,1.9,0.2,-2.2,-2.0,-3.9,-5.2,-13.8
15,HI,448,1.4,-2.3,-0.5,4.8,-2.4,-0.8,0.8,3.2,-0.6,0.6,-0.5,4.0,9.3,10.8,-48.1,S,S,-12.7,-13.5,-8.1,0.3,-3.6,-13.4,-4.3,-17.2,-23.8,95.4,S,S,30.1,28.0,8.2,10.3,14.7,28.0,10.6,10.5,19.6,2.3,5.8,-3.6,-6.1,-8.3,-3.6,-2.2,-7.7,-9.7,-5.4,19.8,14.4,8.4,5.9,10.2,8.6,12.7,17.3,10.5,9.0,12.9,15.1,-1.7,4.2,0.5,-1.2,5.7,4.0,-0.9,-1.6,-2.3,4.4,3.7,-2.8,4.8,-2.7,4.6,7.2,5.0,-0.3,8.4,7.7,6.1
15,HI,451,-14.2,-10.1,-7.9,-0.4,-2.8,1.4,7.4,3.5,2.3,2.8,2.8,2.8,7.3,-6.6,-25.1,S,S,14.2,1.4,0.0,12.7,10.4,4.8,5.3,-3.8,-14.7,S,S,S,S,-15.1,-10.4,-16.8,-14.1,-7.2,-14.5,13.6,29.3,6.8,11.0,12.4,12.9,15.6,18.1,19.7,17.3,16.4,23.3,6.2,2.1,2.4,1.7,5.0,3.4,3.6,1.0,2.0,-1.2,-1.4,-5.0,8.9,11.0,6.1,1.5,4.9,2.7,2.3,7.2,4.2,6.2,3.5,10.6,0.7,-4.7,0.0,-1.2,2.4,-5.0,4.1,2.5,-0.3
15,HI,452,3.3,-1.5,-4.3,4.1,1.3,-2.2,2.1,1.4,-3.5,-0.2,2.3,-2.0,5.2,10.4,0.0,S,-21.6,-16.5,-11.8,-16.7,-9.8,-5.5,-24.8,-19.3,-5.1,-11.9,-0.6,S,40.8,33.4,24.5,S,19.9,17.6,34.3,27.2,2.1,12.7,8.3,6.6,-0.4,11.3,5.8,1.0,13.4,6.0,13.9,13.1,9.8,6.3,2.6,-0.4,-1.2,-8.2,-2.8,-2.1,-3.8,-4.8,-0.6,2.9,-8.3,-0.5,3.6,-5.8,3.3,6.0,-2.4,2.8,3.7,3.6,2.8,0.0,2.8,1.5,0.0,7.1,1.5,0.3,2.2,-0.8,-2.3
15,HI,453,-3.7,9.9,2.2,8.8,0.2,-1.9,8.5,3.6,2.1,2.6,-4.1,5.2,14.7,13.5,-24.9,-61.0,S,S,-27.3,S,S,-17.3,-17.8,-15.0,-21.9,S,28.9,140.2,67.1,42.5,27.4,38.4,35.1,11.9,12.8,7.0,23.9,28.1,18.2,8.8,25.4,7.9,8.8,18.9,8.9,9.2,7.1,13.1,13.2,14.6,1.8,8.8,5.0,17.4,25.4,-6.7,11.9,11.7,7.8,7.1,-7.0,5.6,6.7,27.7,4.3,9.6,-7.4,21.3,0.3,0.1,-6.4,5.7,7.4,3.9,15.7,-15.6,38.1,3.7,10.2,-11.3,11.0
15,HI,TOTAL,7.9,1.6,-1.7,5.0,0.6,-1.6,4.0,0.7,1.4,-0.5,-0.5,-0.1,-0.3,2.4,-5.6,-30.0,-4.2,3.9,0.3,-4.0,3.3,4.2,-2.9,1.6,3.6,1.6,26.1,69.9,17.4,17.5,14.4,17.0,14.4,11.0,17.3,13.1,5.6,10.4,-0.1,-1.3,-2.0,1.0,-1.7,2.1,0.6,1.0,0.5,0.5,13.6,8.0,5.7,2.5,8.9,1.1,4.0,2.3,5.0,4.6,6.4,3.2,-3.2,4.7,-0.7,1.8,1.0,-0.6,4.5,13.5,-0.5,4.2,7.4,11.7,13.1,8.6,18.4,18.5,18.5,18.1,18.3,4.5,16.3
16,ID,441,-3.5,1.9,-0.6,4.5,2.8,0.2,5.7,6.6,4.2,4.1,6.3,2.3,3.9,1.2,-27.1,-34.4,-5.1,7.4,2.8,-4.4,7.7,4.2,-4.2,7.6,22.3,19.4,95.0,120.9,40.9,26.3,22.9,20.0,20.0,19.3,28.4,18.9,3.8,8.2,-9.1,-9.6,-11.8,-8.1,-9.3,1.6,-3.2,-1.9,-5.8,-6.3,6.2,5.0,3.2,0.4,11.1,8.3,9.3,6.8,9.5,4.3,8.2,7.9,-0.5,3.0,-2.3,2.6,0.8,-6.6,4.4,2.3,-4.0,7.3,9.4,9.6,6.9,1.0,9.9,8.5,3.3,5.8,5.2,3.0,7.4
16,ID,442,0.0,2.4,-3.6,4.5,-0.7,0.8,5.2,1.6,7.1,3.4,-1.3,0.0,10.6,8.0,-4.5,-54.4,-28.5,4.4,2.7,8.5,12.9,10.5,9.7,17.2,21.0,19.1,52.0,S,88.8,29.7,27.7,20.3,16.4,19.4,27.3,8.5,2.1,10.2,5.7,9.1,7.6,6.2,2.9,12.4,7.2,4.5,0.4,4.8,6.1,1.0,-3.2,-18.9,-14.9,-3.5,-15.7,-17.8,-9.9,-11.4,-3.2,-9.1,-14.5,-10.5,-15.2,1.0,3.6,-12.0,8.8,2.5,-5.5,0.6,-3.2,2.1,7.8,6.7,7.7,4.7,5.0,5.7,6.0,0.6,3.5
16,ID,443,2.5,-3.3,-2.8,-3.2,-3.3,-5.7,7.4,-3.6,-2.5,-2.0,0.8,0.8,-15.3,-7.3,-19.4,-60.1,-51.0,-20.4,-14.3,-6.5,-4.4,-1.9,-21.5,-13.5,10.7,-1.6,31.1,172.5,110.4,37.9,19.5,14.4,8.6,6.2,22.6,9.8,-5.8,3.9,-1.3,-2.5,-6.7,-10.8,-14.6,-7.2,-2.9,-9.4,-11.2,-11.2,9.1,4.1,-4.6,-9.6,0.6,1.8,-0.4,-0.6,-1.8,1.7,9.0,11.0,1.2,8.4,-2.6,7.4,11.9,1.0,7.1,2.5,-4.5,1.4,-7.2,-6.7,-5.7,-6.6,1.5,-1.6,-6.3,-1.2,7.7,2.4,8.6
16,ID,444,12.8,2.8,0.9,9.8,-1.2,-4.0,1.3,1.3,2.1,1.2,0.7,3.0,7.6,17.8,16.6,12.6,18.4,30.6,22.9,19.2,30.3,22.1,22.8,27.8,17.3,14.5,36.4,36.1,18.5,15.0,12.3,15.6,11.8,10.4,20.2,18.0,14.8,19.4,9.5,4.0,12.8,11.3,8.9,17.9,13.8,12.7,7.2,3.3,6.2,3.8,-4.2,-4.5,2.7,-1.7,-2.0,-0.9,-4.0,0.1,1.1,-1.6,-2.5,3.6,-3.3,8.4,0.4,-1.3,9.8,2.5,4.1,10.4,3.2,5.7,4.2,-4.5,4.0,-2.2,-4.2,0.8,-1.1,-6.3,0.6
16,ID,445,4.1,1.5,2.7,4.6,5.2,3.3,7.4,7.3,3.6,4.5,3.8,0.2,1.6,7.4,24.9,15.9,15.1,10.8,11.6,7.4,11.3,12.8,11.9,14.4,19.5,13.0,-6.2,4.1,4.0,10.4,9.7,10.9,12.8,12.2,10.4,13.0,11.2,13.2,13.6,13.3,12.2,12.8,11.7,11.0,10.9,10.6,13.9,13.3,-0.2,1.0,0.9,-0.9,0.6,-0.5,-1.0,1.0,0.2,-2.9,-1.9,-3.1,1.0,3.2,1.9,-0.9,1.5,0.4,1.3,1.6,-1.4,3.4,2.7,0.9,5.2,0.8,2.0,5.7,2.9,2.5,3.5,2.8,3.2
16,ID,446,0.8,6.8,1.4,4.5,2.9,0.7,4.7,1.8,3.9,3.9,-1.1,4.9,9.0,9.5,12.5,-6.7,-8.4,9.5,10.3,4.0,12.4,6.4,6.3,10.2,0.6,-1.8,9.2,27.5,21.4,12.2,7.6,12.1,8.1,5.1,11.4,11.8,19.8,20.0,11.0,11.1,14.3,11.6,9.0,13.6,14.0,14.8,13.5,9.3,8.2,9.8,9.6,7.0,13.6,11.2,8.9,11.3,9.8,14.6,12.4,8.9,1.8,3.1,-3.3,0.9,-2.2,-5.2,5.5,-0.7,0.6,0.5,-1.9,2.6,4.2,1.1,5.4,6.8,5.1,8.9,6.3,2.2,3.8
16,ID,447,-1.4,-5.2,5.9,5.1,0.5,-3.6,-0.1,-1.8,-4.3,-5.0,-0.4,7.6,13.3,5.5,-11.8,-33.9,-27.4,-13.0,-9.3,-6.9,-3.7,-6.5,-11.1,-9.7,-18.4,-3.2,38.3,75.6,42.7,33.8,32.3,29.1,34.2,37.4,44.7,44.8,50.8,42.2,27.9,31.2,52.9,46.0,37.2,28.0,16.8,17.2,10.9,0.3,10.0,4.8,-5.9,-11.4,-15.3,-17.5,-17.2,-8.5,2.8,-1.7,-2.2,1.7,-21.3,-13.6,-23.1,-17.1,-13.0,-12.7,-6.6,-10.9,-17.4,-11.9,-8.7,-2.4,20.3,10.6,21.4,14.0,9.3,9.0,4.2,6.1,-4.8
16,ID,448,1.5,-1.2,0.5,5.2,0.6,0.7,0.5,1.6,-0.8,5.0,4.4,8.6,0.6,7.1,-49.7,-71.2,S,-5.9,-14.6,-10.2,-0.6,-7.6,-12.2,-6.4,7.7,-2.5,149.9,330.0,59.2,37.7,52.7,30.6,31.8,37.8,43.9,33.0,14.8,25.2,2.1,7.4,1.9,1.3,-2.0,2.6,-0.5,2.0,-0.2,-1.9,17.3,12.3,8.5,7.4,11.8,10.1,8.0,7.3,11.8,8.2,14.3,20.6,-6.3,1.9,-2.6,-7.2,-3.2,-3.1,-1.0,0.7,-5.8,-0.9,-6.2,-7.3,7.2,-1.9,3.7,7.8,6.1,4.6,8.4,8.2,8.4
16,ID,451,-6.3,-9.9,-9.7,-2.4,-2.5,-0.3,6.9,4.9,4.4,11.8,1.9,4.7,10.0,13.5,-17.0,S,S,28.3,17.0,11.4,21.2,23.9,24.2,22.3,50.0,28.8,98.0,S,10.4,20.9,24.3,27.2,29.5,27.8,39.4,34.7,-3.7,16.4,-3.4,-5.8,0.7,-1.5,6.1,5.2,5.1,5.2,2.1,6.5,4.9,-5.3,-3.5,1.6,1.7,-2.1,-2.5,0.9,-0.4,-1.6,-1.3,-5.2,-1.9,6.5,1.7,-4.2,1.0,0.6,-1.0,0.2,-2.0,-1.7,0.5,3.8,-1.3,-4.5,0.2,-1.4,2.7,-3.7,2.1,1.5,0.3
16,ID,452,4.0,-1.1,-0.3,4.8,3.6,1.4,3.8,3.5,2.0,5.4,2.2,1.6,0.8,9.7,-2.8,S,-12.6,-15.7,-12.3,-19.1,-14.2,-6.3,-15.4,-11.8,11.8,5.7,14.6,203.4,36.8,39.3,34.4,S,32.4,27.7,26.6,24.3,23.1,27.0,18.3,14.7,10.8,18.2,18.3,11.6,20.1,14.3,21.7,14.2,3.4,1.3,3.2,6.5,11.3,4.5,3.8,2.1,6.0,5.7,9.1,12.0,2.0,7.4,13.0,0.9,6.1,7.7,8.6,13.3,7.5,10.7,11.6,5.5,13.8,9.4,5.8,4.4,8.3,1.3,1.0,-2.9,0.4
16,ID,453,0.8,-8.1,-4.9,-1.7,-5.2,-3.4,3.7,4.7,1.7,4.4,1.7,5.0,11.6,14.2,0.3,-17.5,-2.7,17.3,11.6,4.2,15.6,7.1,7.7,22.2,29.7,S,S,111.8,57.8,45.0,48.0,S,51.0,S,S,S,30.9,34.6,19.8,20.0,24.6,19.2,13.8,10.8,4.6,4.1,-0.8,0.0,2.1,-2.4,-7.3,-7.9,-4.4,-4.5,-5.8,-5.2,3.4,5.8,5.7,7.2,-2.6,4.7,2.0,14.0,9.1,3.1,10.2,6.2,4.1,5.2,-4.4,2.0,11.3,6.1,15.3,-2.1,9.6,12.1,9.5,5.9,10.2
16,ID,TOTAL,0.7,-0.1,0.6,4.7,2.0,-0.3,4.2,3.8,2.0,2.7,3.0,3.0,5.0,6.3,-9.1,-28.2,-6.1,2.6,1.2,-3.3,4.7,3.6,-2.2,3.6,12.7,11.4,44.9,85.4,33.0,26.0,23.7,24.3,22.5,21.9,27.8,22.9,15.5,18.7,6.0,5.7,7.9,9.7,8.0,10.6,8.0,7.6,5.9,2.9,5.6,3.5,0.5,-1.5,3.0,0.2,-0.3,1.0,4.4,2.1,4.4,5.1,-3.7,1.1,-2.7,-0.7,-0.2,-3.3,3.5,2.1,-2.9,3.6,3.8,4.1,9.2,3.3,8.5,6.4,4.5,4.5,3.7,1.5,2.9
17,IL,441,-1.6,-1.8,0.8,5.8,1.8,-3.1,2.8,5.0,1.6,3.2,3.3,-2.2,1.1,6.6,-28.5,-35.7,-9.7,5.6,2.3,-5.1,9.5,6.0,-4.0,7.7,11.2,2.6,76.2,107.7,37.0,22.0,16.5,13.6,9.5,10.4,20.7,12.6,22.7,26.7,6.5,6.8,4.4,6.5,4.9,18.0,14.9,12.2,9.9,8.3,6.9,4.6,2.9,-0.4,10.0,9.6,10.8,7.9,9.3,5.8,6.9,8.8,-1.5,5.1,-2.3,2.1,-1.4,-10.2,0.6,-2.3,-7.4,2.8,5.2,3.2,3.5,-2.3,11.5,8.7,1.7,7.1,5.9,4.1,9.1
17,IL,442,-1.8,-1.2,-3.2,1.1,0.4,-2.7,1.5,0.9,2.1,2.2,1.7,0.2,4.1,4.0,-20.0,-59.3,-29.7,-1.5,1.1,2.4,5.5,6.3,-1.5,3.5,14.3,10.8,57.2,206.1,64.7,23.8,18.1,12.5,13.4,12.1,18.5,9.9,-1.1,6.8,1.9,3.0,3.3,1.8,-1.6,5.2,1.5,0.4,-0.4,-1.1,16.8,5.7,0.1,-6.1,-1.6,-0.4,-1.6,-4.1,-5.1,-8.6,-2.8,-4.5,-13.5,-3.4,-10.1,-3.8,-0.9,-5.9,1.6,0.4,0.8,7.2,5.1,10.5,4.8,0.5,5.6,5.0,0.9,-0.1,2.9,-3.6,-4.7
17,IL,443,-0.4,-1.4,-4.0,-1.4,-1.6,-4.8,4.5,-1.9,0.6,-1.1,-0.8,-1.3,-3.7,-3.3,-15.1,-53.0,-46.4,-20.9,-13.7,-13.7,-11.3,-5.5,-17.0,-14.2,5.6,-1.0,32.0,142.5,92.0,45.0,28.6,25.1,26.4,17.3,23.8,15.7,1.0,10.5,6.7,8.5,9.6,-1.0,-7.9,-1.6,-2.1,-5.9,-9.1,-6.3,3.5,-2.5,-12.3,-17.4,-10.4,-3.3,-8.4,-7.0,-4.3,0.3,6.8,8.7,-4.0,1.1,-7.5,-0.4,3.3,-11.2,2.1,-5.6,-12.7,-3.3,-7.2,-5.8,-4.3,-4.9,1.3,5.0,-2.5,-0.1,2.1,2.4,17.3
17,IL,444,9.7,2.6,1.9,5.4,-1.8,-4.1,1.6,0.2,1.2,0.5,-0.8,6.1,2.9,7.6,6.3,8.2,14.1,24.5,15.4,11.5,21.6,14.1,15.1,18.2,15.0,12.4,33.7,25.5,7.5,4.7,4.0,6.8,5.0,5.7,14.5,11.6,12.6,18.1,6.2,2.4,12.4,12.7,11.3,19.7,14.4,13.6,9.1,6.2,4.0,1.5,-6.7,-5.9,0.5,-3.0,-4.3,-3.4,-6.0,-1.8,-1.8,-3.3,-7.3,-2.4,-9.1,1.4,-5.3,-7.6,6.4,-4.7,-1.1,4.3,-4.1,-4.5,-1.1,-7.5,2.3,-0.5,-4.2,-0.9,-5.8,-4.8,-0.5
17,IL,445,7.8,2.0,2.1,7.4,5.5,4.5,7.4,7.2,2.8,3.6,5.2,2.7,1.2,8.1,23.9,15.0,17.9,10.8,12.2,8.7,13.0,13.8,9.9,9.4,10.2,5.3,-10.1,-2.5,-5.0,2.1,1.3,2.8,4.7,4.3,2.7,7.2,5.9,8.4,7.8,10.5,8.8,10.0,9.5,8.4,7.4,8.5,10.1,8.1,5.5,6.7,5.8,3.7,4.2,3.0,1.4,3.7,4.0,0.1,-0.8,1.8,-1.8,0.7,0.5,-3.8,0.0,-1.0,-1.2,-0.7,-2.3,1.3,3.6,-2.3,5.0,0.9,1.6,5.9,3.1,2.1,4.3,3.8,2.5
17,IL,446,12.7,11.2,3.7,6.9,3.5,1.4,4.2,1.4,4.2,4.0,-2.1,3.2,-0.3,1.7,7.7,-9.2,-10.3,1.8,5.0,-0.8,5.3,0.2,1.6,5.5,-0.2,-2.4,2.0,17.1,13.4,10.9,3.9,8.6,5.5,2.9,8.8,6.4,3.0,2.2,-4.4,-3.3,-0.5,-2.7,-3.9,-0.6,-0.4,0.1,-0.6,-5.9,3.3,5.3,5.0,2.9,7.7,4.5,3.1,5.0,3.6,9.1,6.6,6.3,6.8,7.7,1.0,5.6,3.5,0.4,11.2,5.9,7.6,6.8,4.3,7.1,5.3,3.4,8.0,8.9,6.2,10.1,6.6,3.9,8.4
17,IL,447,-2.9,-3.5,4.1,6.6,-0.5,-3.5,2.9,-3.6,-4.4,-5.4,-1.1,8.6,8.1,4.2,-19.2,-41.0,-32.3,-19.7,-17.7,-16.3,-13.5,-15.1,-18.1,-11.2,-8.0,-5.4,34.5,69.0,49.5,34.1,31.5,29.9,33.2,37.4,46.5,36.1,34.1,39.6,38.2,39.8,48.3,51.9,44.1,31.6,22.9,21.0,16.3,5.3,11.9,5.0,-7.6,-9.6,-14.6,-18.5,-16.3,-0.4,3.9,-1.2,-4.1,0.3,-9.7,-5.3,-6.8,-1.7,-2.9,-5.2,-3.2,-11.2,-16.9,-11.1,-7.7,-5.5,-0.4,-4.2,-4.9,-5.5,-4.5,-3.2,-1.6,-0.3,0.3
17,IL,448,-3.2,-1.4,0.5,5.1,-2.6,0.2,1.1,4.0,-1.6,3.3,-0.8,4.4,11.5,8.2,-49.5,S,S,-14.7,-13.1,-13.0,-4.5,-12.5,-19.5,-9.0,-4.8,-17.4,114.1,S,S,34.4,35.9,21.6,19.1,24.2,39.0,22.8,11.0,21.9,1.3,5.1,-1.2,-3.7,-5.6,0.3,1.0,-1.7,-3.3,-1.6,-5.8,-2.7,-10.3,-11.7,-8.8,-8.6,-9.7,-2.7,-7.7,-9.3,-8.8,-6.6,-4.1,5.9,-0.5,-3.2,5.6,1.6,0.3,-1.1,-3.1,4.1,4.4,-0.5,5.5,-9.0,4.3,7.6,4.0,4.9,7.3,6.0,5.1
17,IL,451,-9.9,-11.8,-11.6,-4.1,-6.0,-3.6,5.2,3.4,1.6,9.2,-0.8,0.3,8.7,11.5,-22.9,-71.6,S,6.7,11.4,-3.4,2.7,-0.6,6.0,9.4,1.1,-13.2,53.0,312.0,489.4,7.5,0.6,8.9,7.8,5.1,2.2,0.3,4.9,15.3,-3.3,0.3,3.0,0.0,1.9,7.5,9.4,5.2,5.2,6.9,7.8,11.9,2.3,-0.4,3.2,3.4,1.8,-1.9,2.7,-1.0,-2.2,-0.2,5.1,6.3,-1.3,-6.1,-1.2,-4.9,-3.6,-3.9,-5.2,3.5,6.1,0.0,-7.5,-9.5,2.5,-0.3,1.2,0.4,4.1,5.8,5.4
17,IL,452,-3.1,1.5,0.1,5.8,-0.6,3.7,4.4,3.2,-1.8,3.2,-0.4,-1.8,3.0,4.2,0.4,S,-12.3,-2.2,2.8,-4.3,0.7,-1.3,-8.1,-4.9,13.6,-2.7,8.0,152.0,27.7,11.6,8.8,16.9,12.8,14.0,15.4,10.5,0.2,7.4,-0.4,3.8,6.3,8.6,6.7,5.4,10.9,8.0,6.2,7.9,8.0,13.1,6.0,7.5,1.2,5.9,3.7,3.2,3.6,2.7,2.1,5.7,1.1,5.4,6.9,-3.9,3.3,-3.0,0.0,3.8,-1.4,0.5,5.5,0.7,10.2,2.7,3.4,6.8,3.6,7.0,2.5,-0.1,-3.8
17,IL,453,-1.4,-1.8,-0.6,6.4,4.2,3.4,8.0,5.7,6.0,6.4,3.3,3.2,7.0,5.0,-16.3,-37.7,-24.9,-1.5,-2.6,-7.1,0.9,-5.0,-2.2,10.3,2.1,1.8,46.8,90.9,42.5,22.2,24.2,25.3,21.1,21.8,24.9,10.7,27.0,29.8,22.2,23.2,33.2,27.0,20.9,19.0,18.3,13.0,10.1,11.6,5.9,4.1,-2.8,-1.9,-0.4,0.1,-7.6,-5.2,0.3,4.3,5.3,5.0,-2.9,4.6,2.8,5.0,1.8,-4.4,4.5,6.4,3.5,5.9,-4.0,3.7,10.9,5.3,8.9,4.0,11.7,15.7,15.9,4.3,11.2
17,IL,TOTAL,1.7,0.8,1.1,5.8,1.0,-0.3,3.8,2.8,0.6,2.1,1.0,1.5,2.9,5.5,-8.8,-30.9,-15.0,1.2,1.6,-3.0,4.7,1.7,-3.3,2.0,6.9,0.1,28.4,69.9,32.9,15.9,12.7,13.8,11.9,12.5,18.1,13.1,12.1,17.1,7.5,8.9,10.8,11.6,9.4,12.3,10.9,9.3,7.2,4.9,6.4,5.6,0.3,-1.3,0.9,0.3,-0.3,2.4,3.0,1.7,1.3,3.2,-2.3,2.5,-1.4,-0.4,-0.1,-5.0,1.3,-1.4,-4.3,1.1,2.0,0.4,4.2,-1.3,4.8,4.9,1.6,4.4,3.3,1.9,3.5
18,IN,441,0.7,0.8,0.7,6.8,3.1,0.7,6.3,5.9,4.1,4.9,5.4,1.7,10.1,12.7,-23.4,-30.2,-2.1,11.4,8.3,4.0,16.2,11.4,2.7,16.2,12.0,6.4,85.0,107.4,36.1,23.9,18.4,13.7,13.1,13.2,23.8,12.5,14.9,18.6,-1.3,-0.2,-2.3,0.6,-1.6,9.4,4.9,5.5,0.7,0.9,6.1,4.4,2.8,-0.6,9.0,6.6,8.4,7.0,8.8,3.8,8.4,7.3,-1.7,2.9,-3.9,0.7,-1.6,-8.4,1.1,-1.0,-6.6,3.4,5.2,4.3,2.7,-1.6,11.2,8.7,3.4,6.1,6.7,3.2,8.4
18,IN,442,0.4,-0.1,-6.1,1.9,0.8,-1.4,0.2,0.4,2.0,1.0,0.2,-0.9,0.0,0.8,-21.9,-55.2,-27.0,-2.2,1.1,0.4,4.3,1.9,-4.3,8.7,22.9,13.8,60.9,S,58.2,23.0,16.5,14.4,14.7,15.2,21.6,7.1,-9.4,-2.1,-4.7,-2.9,-2.0,-3.9,-6.4,-2.2,-4.2,-4.0,-3.7,-4.2,18.1,11.1,6.7,-5.9,-2.1,5.3,1.9,4.7,3.6,-0.3,3.0,1.1,-12.9,-8.2,-14.7,-3.9,-1.1,-10.9,-1.5,-6.6,-8.4,-3.5,-4.5,-0.1,3.6,-2.2,3.3,2.5,-0.8,1.1,5.2,-3.4,-2.3
18,IN,443,0.3,-5.6,-4.5,-3.0,-1.5,-4.6,6.0,-2.3,2.2,2.0,3.7,1.2,9.3,11.6,-7.3,-50.0,-40.6,-6.5,-0.7,S,1.2,7.6,-5.7,-1.8,1.2,-4.0,34.9,158.6,102.4,37.1,18.8,13.2,13.6,12.4,10.3,9.6,3.1,10.7,3.4,5.1,3.6,-1.6,-0.8,6.1,6.5,-2.4,0.4,-2.7,-5.2,-8.6,-14.9,-21.2,-14.1,-13.7,-17.2,-15.5,-17.9,-15.3,-9.6,-7.3,2.0,8.8,-1.5,8.5,14.2,3.8,12.2,6.5,2.0,10.8,4.6,1.6,-2.8,-3.6,2.6,-0.1,-4.6,1.3,4.0,2.2,9.3
18,IN,444,21.0,1.6,-1.6,3.1,-2.3,-3.2,3.2,-0.1,2.7,1.0,0.4,0.1,-4.3,11.7,6.7,4.7,10.8,23.9,15.8,12.3,21.0,12.5,16.9,18.6,17.1,13.6,39.5,34.6,14.1,8.6,6.8,10.4,10.1,10.7,16.4,16.3,13.6,17.8,7.5,1.7,11.2,10.2,8.9,16.7,11.7,10.7,5.6,2.3,1.5,1.1,-8.1,-7.2,-1.1,-4.5,-6.1,-4.9,-6.9,-2.2,-3.2,-5.7,-7.2,-2.4,-8.0,2.1,-5.4,-7.6,4.3,-7.1,-1.8,3.6,-5.0,-5.5,-4.5,-7.5,3.1,0.5,-2.3,1.1,-1.1,-0.5,0.0
18,IN,445,0.8,2.6,3.9,5.8,3.0,2.9,6.1,5.4,1.9,4.8,4.5,4.1,12.1,12.1,29.3,10.1,10.5,10.3,10.2,4.9,11.7,9.0,5.9,11.0,-2.0,-5.2,-16.0,-0.9,-1.6,-0.9,0.2,2.6,0.5,-0.1,1.5,2.0,5.8,9.4,5.0,6.5,5.8,6.7,5.1,3.8,5.6,7.1,7.0,5.0,4.4,4.2,2.1,-0.9,-1.8,-1.7,-3.0,-1.3,-0.8,-3.2,2.0,-1.7,-0.6,2.3,4.1,0.8,4.9,2.1,3.5,4.6,1.4,4.0,2.2,1.9,4.2,-2.0,-1.3,3.6,2.2,1.4,2.3,1.7,2.5
18,IN,446,12.0,7.4,5.0,8.8,4.1,2.1,5.4,0.8,5.0,3.7,-2.8,2.6,2.3,6.8,10.6,-5.9,-6.0,8.3,8.7,6.0,10.1,5.1,7.0,10.4,6.0,3.1,10.6,24.8,20.0,17.3,10.1,15.0,11.5,10.0,16.6,12.8,12.5,11.2,2.2,3.9,7.8,5.0,4.8,8.1,8.4,7.9,6.4,0.7,3.2,4.0,5.0,3.2,8.4,4.0,1.9,3.8,2.2,7.8,6.5,5.4,2.6,3.9,-3.9,1.4,-0.3,-3.7,8.1,3.8,6.1,1.9,0.4,4.7,4.3,5.0,10.9,9.4,8.6,12.0,6.3,5.5,11.3
18,IN,447,-10.2,-4.0,-0.9,7.8,-1.1,-4.2,-2.2,-3.5,-5.6,-6.5,-2.1,7.6,7.6,0.3,-22.9,-43.5,-33.5,-21.7,-19.8,-20.7,-18.0,-18.5,-21.3,-14.8,-3.3,-0.5,35.4,65.8,59.8,42.0,39.0,41.3,44.6,47.9,57.2,44.1,25.6,32.3,38.6,43.4,36.2,40.8,34.2,21.2,16.7,13.2,10.4,-0.1,6.8,-1.0,-12.0,-14.2,-18.7,-22.1,-20.5,-4.8,-3.2,-5.9,-11.4,-3.6,-7.4,-0.8,-2.5,1.0,0.1,-2.8,-1.1,-8.4,-13.6,-9.7,-3.9,-3.7,0.1,-6.2,-7.3,-7.5,-6.0,-3.7,-1.8,-2.9,-1.3
18,IN,448,-3.2,-4.5,0.0,3.7,-3.6,-0.5,-0.7,4.2,-1.0,0.4,-1.5,2.6,5.4,-1.4,-49.7,S,S,-8.6,-18.1,-11.9,-2.4,-9.4,-15.9,-8.3,-1.3,-15.6,113.6,S,45.4,25.3,36.4,17.9,15.5,21.7,32.4,17.2,13.2,23.7,3.2,7.1,2.8,-0.2,-1.1,4.6,2.9,1.9,0.8,1.7,6.5,8.2,-2.5,-3.0,-1.8,0.9,2.8,6.5,3.0,-0.4,-1.0,6.0,-1.6,8.2,0.7,-1.3,5.2,2.0,1.6,-2.9,-3.9,1.5,2.7,-3.3,0.4,-6.7,3.7,3.9,4.5,1.3,5.1,5.8,4.7
18,IN,451,-5.6,-8.0,-11.3,-1.6,-4.8,-3.2,5.2,6.3,2.9,2.4,0.2,2.8,5.1,9.7,-17.9,-63.1,S,30.3,20.0,16.2,22.8,12.2,8.6,13.5,S,S,S,197.8,S,S,S,S,-20.4,S,S,S,-13.6,2.8,-15.5,-1.9,-3.0,-3.9,-5.5,-0.1,3.3,0.6,-6.5,-1.1,28.2,23.5,7.3,2.2,7.8,7.8,11.6,5.4,12.5,9.2,14.2,9.1,16.6,10.6,6.6,1.6,8.8,7.0,3.4,5.7,3.0,10.2,8.9,9.3,-3.5,-9.2,1.9,1.5,1.3,0.1,3.2,5.6,5.0
18,IN,452,-2.8,0.8,-0.9,7.1,-2.0,1.9,4.1,4.0,-0.7,3.0,-0.1,-1.4,9.9,6.4,7.6,S,15.9,16.4,11.3,8.7,12.5,4.6,1.7,2.2,16.5,-0.4,9.4,166.7,1.1,-2.1,4.6,6.1,5.4,11.7,10.4,8.2,4.4,11.1,4.4,8.3,10.0,11.5,10.2,9.3,15.3,10.2,8.0,8.8,8.2,14.3,3.9,4.4,0.1,4.4,1.1,5.9,1.0,0.8,3.9,3.9,-1.9,2.1,6.7,-2.2,3.8,-0.2,5.9,0.4,0.9,4.4,5.6,3.4,7.8,2.0,2.8,4.4,3.8,5.1,2.2,3.3,0.7
18,IN,453,1.0,-1.9,0.7,8.9,6.7,1.5,7.8,5.5,5.9,4.9,4.2,4.8,11.3,13.7,-5.3,-26.4,-14.2,7.4,7.7,3.9,9.0,5.4,7.5,17.9,7.3,4.3,41.6,S,35.7,22.0,22.3,24.1,23.0,23.8,26.7,15.1,16.4,20.6,10.9,8.5,13.5,8.9,3.8,4.4,1.0,-0.3,-7.5,-3.2,-11.3,-12.3,-17.9,-17.4,-13.8,-13.1,-15.0,-17.2,-8.8,-5.1,-3.9,-7.3,0.4,6.0,4.6,10.9,10.3,6.8,10.1,9.6,6.6,7.9,-0.9,6.2,12.2,6.6,12.0,2.3,8.1,13.6,14.0,6.6,9.9
18,IN,TOTAL,0.9,0.5,0.3,6.3,0.6,0.0,3.8,2.7,1.1,2.0,1.3,2.0,7.4,8.2,-5.4,-29.6,-2.3,7.4,4.8,1.9,8.7,4.0,0.5,6.5,7.9,1.8,31.6,73.6,21.5,14.3,13.6,13.4,12.8,14.5,19.5,13.2,11.5,16.4,6.5,8.1,8.9,10.0,7.9,10.3,9.2,7.8,4.8,2.8,5.5,4.9,-1.0,-3.0,-0.9,-1.9,-2.4,1.6,1.2,0.2,1.7,2.1,-2.4,2.0,-1.0,0.6,0.8,-3.5,3.3,-1.1,-3.1,1.8,2.0,1.8,3.1,-1.5,4.3,3.8,1.9,3.9,3.4,2.2,4.1
19,IA,441,-2.0,-1.6,-1.6,4.9,1.2,-0.4,6.3,6.5,5.1,4.8,6.5,4.1,10.3,14.4,-19.1,-24.7,1.1,12.9,8.4,1.9,14.1,12.3,3.4,14.6,13.9,7.5,73.3,92.1,32.0,21.1,16.1,14.4,12.2,10.8,21.5,12.7,10.8,15.4,-4.2,-4.5,-6.7,-3.5,-4.2,7.7,2.9,2.5,-1.0,-2.4,5.9,2.7,2.4,-1.0,10.0,5.6,7.3,5.4,6.7,3.4,6.7,6.3,-2.3,6.4,-1.8,1.1,-1.0,-6.4,2.9,0.0,-5.2,5.3,5.0,5.4,4.4,-3.9,9.4,9.8,2.1,4.1,5.0,1.9,8.1
19,IA,442,0.0,0.6,-5.4,4.8,0.9,0.2,3.8,1.6,2.6,2.2,1.5,-3.0,-0.2,-1.7,-18.4,-58.6,-35.1,-6.6,-4.5,-1.0,2.9,1.2,-4.4,11.0,11.0,10.2,45.4,S,67.4,18.4,14.4,8.3,6.6,8.9,17.0,-0.5,5.3,12.9,8.4,13.3,12.9,12.4,7.6,12.7,10.2,8.0,5.9,8.9,3.0,-2.1,-4.6,-20.4,-17.5,-5.8,-16.1,-12.1,-9.2,-9.7,-3.1,-7.3,-9.4,-1.2,-7.8,3.4,6.3,-7.3,10.0,3.3,-2.2,2.2,-0.5,2.0,5.8,1.8,5.2,7.0,7.8,3.9,7.0,1.2,4.0
19,IA,443,17.3,6.1,6.0,-2.9,-2.8,-7.0,1.0,-3.9,-1.4,-3.8,-1.0,-0.1,-10.2,-3.8,-16.5,-53.7,-43.3,-11.5,-3.7,-0.3,-1.5,4.0,-11.3,-6.9,14.2,6.5,40.2,S,101.0,42.1,21.2,15.0,18.6,17.9,21.4,12.8,3.6,9.8,5.3,4.2,2.7,-3.8,-0.7,7.2,2.8,-4.1,-2.4,-1.7,13.0,3.6,-0.5,-6.9,2.2,5.3,-1.9,-1.7,0.7,4.1,3.9,3.6,-7.1,6.2,-7.7,3.1,4.5,-3.0,6.4,0.6,-6.1,0.0,-0.2,-3.3,-1.5,-5.4,5.0,1.5,4.1,6.5,5.7,-3.0,7.8
19,IA,444,13.4,2.4,-0.6,6.3,-3.6,-4.6,1.9,1.6,2.4,1.4,0.9,2.6,-1.1,9.5,6.5,6.5,12.8,23.3,13.3,10.0,20.2,11.9,14.4,19.5,18.4,14.3,39.0,30.0,13.5,12.1,9.3,12.5,8.6,8.8,18.9,15.6,4.5,9.4,-1.0,-4.1,4.4,2.1,2.3,10.3,6.7,6.1,-0.6,-2.6,-1.3,-5.0,-12.8,-12.4,-6.9,-11.1,-12.3,-13.2,-11.7,-7.2,-8.2,-10.6,-6.9,0.2,-5.8,4.8,-2.8,-4.1,7.8,3.1,-0.5,4.7,2.1,1.6,2.2,-6.2,4.3,2.0,-1.1,2.5,0.4,-4.5,1.8
19,IA,445,7.2,1.3,0.8,4.6,2.2,5.7,7.3,6.8,1.2,4.8,3.3,2.8,0.4,3.3,22.2,10.9,10.3,7.1,8.3,4.0,10.2,6.8,4.6,5.5,7.7,6.2,-10.1,-1.8,-1.5,1.1,0.7,3.7,4.4,4.8,5.3,8.0,12.5,16.5,14.7,15.6,13.4,14.8,13.4,10.8,12.0,5.7,6.7,6.8,-3.2,-2.7,-2.9,-3.3,-2.9,-4.3,-5.9,-4.3,-4.8,0.2,2.8,-5.2,-3.2,-1.1,-0.3,-7.1,-7.6,-8.9,-7.7,-6.4,-9.3,-6.5,-1.5,1.2,5.2,0.7,-1.3,6.3,7.3,7.0,3.3,8.8,1.8
19,IA,446,10.7,14.4,6.9,8.1,5.0,3.1,5.7,1.5,4.0,3.4,-1.4,4.4,1.3,2.1,6.0,-8.1,-9.7,3.1,3.2,-1.4,5.4,0.3,0.0,1.6,4.4,2.3,9.1,22.1,18.4,14.5,8.5,14.0,9.8,8.0,15.3,14.2,10.8,10.8,3.9,3.7,7.0,5.0,4.2,7.3,7.3,7.6,6.7,1.3,9.7,8.7,9.8,8.4,12.7,9.6,7.5,9.8,9.2,14.2,11.1,9.4,-0.2,2.2,-4.3,-0.5,-2.0,-5.0,5.3,0.0,1.3,0.5,-1.1,2.9,6.9,4.3,8.4,10.4,6.5,10.9,7.4,4.6,9.1
19,IA,447,-0.1,-3.1,6.3,3.7,-2.8,-4.3,2.6,-5.4,-4.7,-6.2,-2.2,8.2,3.1,1.1,-20.2,-40.0,-32.0,-19.5,-17.0,-16.3,-14.0,-15.7,-19.3,-12.6,-9.5,-7.3,31.9,68.5,42.1,29.5,26.7,25.9,30.4,35.9,45.4,33.4,31.8,33.5,28.2,29.1,44.4,46.2,37.8,25.6,16.3,14.1,8.9,-0.3,8.9,5.8,-6.9,-10.8,-16.1,-19.7,-17.3,-1.2,3.0,-2.5,-3.9,-0.7,-5.6,4.7,3.4,10.6,9.5,7.0,10.7,2.1,-2.5,2.8,10.5,14.1,14.1,2.8,2.2,0.4,1.2,2.2,1.7,2.8,1.2
19,IA,448,-3.2,-6.2,1.3,7.4,-0.8,3.1,0.0,3.1,-0.6,3.6,1.3,4.2,-0.6,6.6,-51.2,-87.3,S,-10.7,-19.0,-17.5,-4.3,-13.8,-18.2,-6.3,3.7,-13.2,125.3,S,53.7,28.9,36.4,23.7,20.1,27.1,37.3,18.3,20.9,35.5,7.1,15.3,6.9,5.6,3.7,5.1,10.0,7.6,9.0,10.9,-0.7,-3.6,-8.8,-9.4,-5.8,-5.5,-4.7,-1.6,-6.5,-6.8,-6.1,-3.3,-4.9,7.4,-0.4,-4.1,0.4,-1.4,0.9,0.9,-4.3,1.8,-1.2,-4.6,7.8,-6.3,5.1,6.0,6.2,4.6,8.7,7.7,10.4
19,IA,451,-18.0,-16.3,-8.3,-1.2,-7.8,0.6,4.6,8.4,1.6,25.7,0.8,7.6,29.2,S,-8.4,S,S,48.0,28.0,21.5,37.0,15.8,17.5,22.5,11.7,-3.9,62.9,S,S,-5.5,-0.2,1.8,-3.8,1.8,8.7,1.1,2.0,15.6,-8.0,-2.6,-0.2,-2.0,-0.2,3.6,4.0,2.0,5.1,1.9,8.4,1.7,0.1,1.7,3.8,5.2,1.6,2.8,5.7,5.4,1.0,5.0,-0.3,9.9,-2.2,-9.6,-4.3,-8.0,-3.2,-8.2,-8.5,-6.6,-4.3,-4.9,-3.5,-12.2,-0.3,1.1,0.9,0.6,2.5,2.1,4.5
19,IA,452,-0.5,-2.9,3.3,7.9,-2.0,7.2,6.9,7.9,0.2,9.0,-0.9,0.4,-1.8,8.5,3.9,S,22.7,14.5,6.2,4.5,5.9,0.3,-0.4,-1.2,17.0,-4.1,3.5,82.1,-15.4,-11.4,-5.4,-9.3,0.2,4.9,4.2,2.7,-2.2,8.2,-4.4,3.9,7.3,7.0,5.5,16.8,6.7,3.4,1.8,0.0,2.6,5.4,0.0,1.4,-2.0,0.1,-1.6,1.1,0.0,-1.8,-3.4,2.1,-2.9,6.7,8.1,-4.1,2.2,0.2,6.9,1.4,-3.0,2.4,6.1,-0.4,16.5,-1.0,2.1,8.4,6.2,6.1,2.5,6.4,4.2
19,IA,453,2.0,-3.0,-3.3,7.2,2.5,1.0,7.7,3.5,4.2,6.8,4.2,9.7,11.7,22.4,-0.9,-28.7,S,6.0,5.6,0.0,5.1,-2.1,2.2,10.6,-0.4,-2.8,28.9,71.2,S,9.5,6.6,11.7,11.0,15.5,18.9,9.0,16.3,20.5,9.1,7.9,11.1,11.8,9.5,5.6,3.2,1.6,-1.7,-0.9,4.4,-2.6,-6.1,-5.9,-0.9,-2.1,-5.8,-6.3,-0.1,-0.5,2.6,1.3,-6.4,1.5,3.1,7.2,7.5,1.9,6.6,3.5,2.7,3.0,-3.0,4.8,11.4,7.7,11.3,3.0,8.4,12.3,9.7,7.0,10.0
19,IA,TOTAL,2.1,-0.8,1.7,5.2,-0.6,0.4,4.9,2.7,0.7,2.3,1.4,3.9,3.3,7.2,-7.1,-24.3,-3.7,4.0,1.2,-1.5,4.9,1.1,-2.3,3.2,7.1,1.7,29.8,57.3,17.5,12.8,11.5,10.9,12.1,13.9,19.9,13.8,12.7,17.8,6.3,7.7,11.5,12.8,10.7,13.4,8.7,6.5,3.7,0.8,4.2,2.3,-2.6,-4.8,-3.1,-5.4,-5.4,-0.4,0.8,-0.2,0.3,0.5,-3.8,4.1,0.3,1.5,1.0,-2.2,4.4,0.1,-3.9,1.8,4.1,4.3,8.3,-0.9,4.4,5.7,3.3,4.6,3.5,3.4,4.6
20,KS,441,-2.6,0.4,0.0,5.1,2.4,1.2,8.3,7.8,4.9,5.5,10.1,7.0,7.2,8.1,-26.1,-33.4,-6.1,5.7,1.7,-2.1,10.3,6.7,-1.9,7.7,3.5,-1.1,67.5,93.6,24.8,14.8,9.5,5.1,4.6,4.6,11.1,3.5,6.5,10.8,-7.4,-7.7,-8.0,-4.6,-6.7,4.6,-0.1,0.3,-3.6,-4.8,8.6,7.4,4.7,1.2,9.4,6.8,8.6,6.0,8.0,2.9,7.4,7.7,-0.8,5.5,0.1,3.2,2.5,-4.5,4.9,4.1,-2.7,8.0,9.1,9.8,4.8,-2.1,9.9,9.6,4.1,5.9,6.4,3.0,9.9
20,KS,442,0.3,1.4,-1.4,5.2,3.5,1.4,5.9,4.6,5.5,3.5,4.1,-1.3,3.8,5.4,-19.8,-66.6,-44.7,-8.8,-8.0,-1.9,5.4,1.1,-4.0,-6.3,17.6,13.4,58.9,S,117.1,32.5,29.3,19.7,12.9,18.7,23.1,22.1,6.8,15.8,11.4,13.6,12.9,12.0,8.4,12.4,9.2,7.7,7.3,8.8,1.8,-6.0,-9.1,-18.8,-15.1,-8.3,-16.3,-15.9,-12.9,-16.6,-8.1,-9.4,-8.6,3.5,-2.0,4.1,6.8,0.0,11.8,13.8,7.4,13.0,11.9,14.6,6.3,4.4,5.8,8.3,5.6,0.4,3.1,-3.0,-4.5
20,KS,443,-6.5,-8.6,-7.5,-3.2,-3.6,-5.1,2.1,-2.1,-1.4,-0.9,-2.2,-1.6,12.6,13.8,S,-47.1,-36.4,S,-2.5,S,S,5.2,1.0,S,-18.9,-21.5,13.9,101.5,58.2,17.7,3.9,0.7,1.7,-0.5,-6.9,-5.1,2.4,8.4,3.6,2.8,-0.4,-6.2,-6.2,-1.1,-0.6,-8.3,-6.6,-6.6,-5.8,-9.3,-15.9,-20.8,-12.8,-12.0,-17.1,-15.7,-17.5,-12.6,-11.5,-13.3,-4.4,3.0,-9.7,0.3,7.4,-5.5,5.0,1.9,-3.1,1.0,3.5,6.1,-0.9,-0.6,8.3,1.0,-6.1,1.3,5.5,-0.8,8.0
20,KS,444,8.7,3.4,0.1,9.5,-4.8,-3.6,3.2,3.6,3.9,1.8,0.7,6.7,7.3,11.7,11.2,11.1,19.7,29.6,19.0,16.6,27.2,19.4,20.4,27.3,21.3,20.3,41.9,31.9,13.4,12.7,11.5,14.5,11.5,11.1,22.2,15.2,5.8,9.3,-1.4,-5.4,4.6,3.2,2.0,9.8,5.3,4.9,-1.8,-2.7,1.3,0.2,-8.0,-7.6,-2.7,-7.9,-9.4,-13.8,-6.5,-2.5,-2.7,-6.6,-1.3,3.3,-3.6,6.9,0.3,-0.2,14.2,11.2,3.3,8.4,0.7,2.9,-1.0,-8.5,3.3,1.6,-1.6,1.8,-0.5,-3.4,1.6
20,KS,445,3.8,0.4,0.0,3.8,3.1,2.5,5.7,5.1,1.5,3.3,3.3,1.7,0.5,7.1,22.1,11.5,11.4,8.2,9.1,3.0,7.8,7.9,5.8,9.4,13.3,7.8,-8.3,1.0,1.7,5.5,5.0,9.1,9.2,8.9,9.8,9.9,1.8,4.3,4.9,7.5,3.3,5.6,4.1,2.7,2.7,3.6,4.6,3.8,3.6,4.0,3.5,1.4,2.7,0.3,0.1,2.7,2.3,-0.8,3.9,-0.7,1.1,3.5,4.4,-0.2,3.5,1.6,2.7,2.2,0.8,3.3,-0.5,0.1,5.5,0.0,-0.7,4.7,2.0,1.7,4.6,3.8,2.5
20,KS,446,12.7,12.5,4.3,7.2,4.7,2.1,5.1,2.1,4.7,4.8,-1.7,4.7,-3.4,-1.7,1.0,-15.2,-15.9,-2.0,-0.1,-5.5,1.5,-4.2,-3.3,0.3,0.2,-2.5,7.4,23.3,17.8,12.2,5.9,11.4,6.5,2.9,10.3,8.3,8.8,8.7,0.4,0.9,4.8,2.1,0.8,4.8,4.8,6.0,4.9,-0.4,8.3,9.9,9.6,7.7,12.5,9.6,7.4,9.2,8.3,15.0,12.1,11.6,0.4,1.6,-4.8,-0.3,-2.5,-5.4,5.7,-1.0,1.3,-4.8,-6.0,-2.1,-1.7,-1.1,4.4,4.3,6.6,5.5,-0.2,0.4,9.2
20,KS,447,-4.8,-3.5,1.7,3.2,-3.6,-1.5,3.7,-4.4,-4.9,-6.1,-1.6,7.9,6.1,2.1,-19.6,-38.8,-30.3,-19.5,-17.5,-29.5,-27.9,-28.4,-31.6,-26.2,-10.6,-8.1,8.4,40.4,39.0,28.6,25.6,47.4,53.0,58.2,69.1,56.3,22.6,26.9,48.6,45.5,39.2,38.6,29.6,18.1,7.5,7.5,3.6,-5.8,-19.9,-23.6,-33.9,-37.9,-39.8,-41.0,-39.1,-26.8,-22.6,-29.8,-29.6,-28.4,-7.0,3.8,4.3,15.0,11.9,5.6,8.6,-0.4,-6.4,4.7,1.9,10.5,10.9,-0.7,-16.5,-17.1,-17.5,-14.5,-14.1,-11.7,S
20,KS,448,-0.3,-8.2,-1.7,4.9,-3.7,-0.8,-0.2,1.6,-1.0,2.9,1.9,4.6,2.6,9.3,-48.4,-65.7,S,-7.2,-16.6,-11.1,-0.7,-11.7,-18.1,-8.8,-5.0,-18.2,112.3,209.7,45.0,22.1,30.2,16.8,12.4,22.0,30.1,19.6,13.2,25.7,1.8,8.9,1.9,0.5,0.2,2.7,6.4,0.9,-1.7,-0.7,5.9,6.0,-1.0,-2.1,3.3,1.3,0.6,6.0,-0.9,-0.8,2.5,3.9,-7.6,5.1,-0.9,-4.3,1.2,-0.8,2.2,-1.5,-1.1,2.9,2.1,0.2,10.4,-4.9,6.5,7.5,5.1,1.3,7.3,7.5,6.5
20,KS,451,-0.8,-7.6,-11.4,-0.5,-6.3,-3.2,4.6,3.6,3.9,3.1,-0.5,3.8,5.1,S,-16.6,S,19.6,25.1,14.7,7.8,17.9,9.9,2.4,8.1,S,S,S,S,S,S,S,S,S,S,S,S,-7.5,0.8,-14.5,-4.5,-3.6,-7.2,-7.1,-2.7,0.1,-5.6,2.7,-1.3,-1.6,22.0,-2.2,-9.1,-2.8,-2.1,4.6,-2.4,-2.7,-0.6,-7.4,-2.6,18.1,9.4,7.2,5.2,10.4,5.3,2.6,2.6,2.3,8.7,13.1,8.9,-4.2,-15.8,0.9,0.7,0.5,-5.9,5.0,4.2,3.5
20,KS,452,-1.9,-2.4,-2.1,3.8,-4.7,3.0,3.5,4.4,-1.1,6.7,-1.0,-1.0,3.6,8.2,8.0,-33.8,30.5,18.4,5.5,6.8,9.7,4.0,1.8,2.0,8.4,-8.2,3.2,62.0,-19.3,-13.1,-1.4,-0.9,-1.9,2.6,3.1,2.0,1.5,10.6,-2.7,9.7,10.8,10.1,9.0,6.7,9.3,7.7,7.6,5.5,5.9,6.7,3.5,3.7,0.2,4.1,0.1,3.7,3.1,0.5,-4.9,1.5,0.9,9.4,9.9,-3.0,4.6,0.2,7.0,3.4,0.6,1.8,7.6,2.7,6.6,-1.6,1.7,7.5,4.6,4.4,2.3,8.1,3.5
20,KS,453,0.6,-5.0,0.3,7.4,1.9,0.9,6.3,3.1,4.1,4.2,3.2,2.8,5.6,2.9,-18.5,-26.6,-13.2,0.6,-4.3,-7.5,1.7,-2.1,-2.0,10.3,3.0,7.8,45.7,57.7,21.5,13.9,15.8,18.1,15.0,17.1,24.3,10.7,8.6,13.0,5.4,4.8,5.4,3.8,2.0,3.8,0.3,1.5,-7.0,-2.0,11.1,4.5,-1.0,-0.6,2.7,2.6,-4.7,-2.5,2.3,1.2,4.6,1.7,-13.3,-6.3,-6.0,3.7,2.7,-4.6,4.7,-2.3,-3.6,-1.3,-6.0,-0.7,10.6,7.0,13.3,-8.0,1.4,1.0,-0.1,-2.3,2.3
20,KS,TOTAL,0.2,-0.4,-0.3,4.7,-0.5,0.6,5.3,3.6,1.5,2.7,2.8,3.9,4.4,6.6,-8.6,-24.5,-2.4,4.8,0.8,-3.0,4.0,0.5,-3.3,2.0,4.0,-1.1,26.1,51.8,13.7,9.7,9.7,10.9,10.2,11.9,16.6,10.9,7.0,12.0,3.6,5.5,6.1,7.0,4.7,7.1,4.1,3.9,1.6,-0.7,1.9,1.0,-4.0,-6.7,-4.4,-5.8,-6.2,-3.3,-1.5,-4.2,-2.7,-1.8,-1.5,4.8,1.7,2.9,3.7,-0.9,6.3,3.4,-0.8,4.8,4.2,5.0,5.0,-1.9,2.6,3.5,0.7,1.4,1.7,1.3,9.0
21,KY,441,0.5,-1.5,1.3,7.2,2.1,0.3,7.3,6.7,3.9,4.5,6.0,2.6,7.6,11.1,-25.8,-30.7,-2.3,11.1,6.5,2.5,15.7,11.7,2.6,18.6,8.5,3.6,78.5,97.6,29.4,19.0,14.5,10.0,8.2,8.2,20.3,7.0,18.0,22.0,1.3,2.2,0.1,2.2,0.1,11.9,8.5,7.4,1.7,1.2,-2.1,-5.3,-6.1,-7.2,2.8,-0.1,0.6,-0.9,1.0,-2.5,0.3,2.2,-0.7,7.2,0.7,2.1,-1.3,-8.2,3.0,-1.3,-5.5,4.8,5.6,3.5,4.5,-2.2,9.2,7.3,2.1,5.2,2.5,4.2,6.6
21,KY,442,-1.0,-1.6,-2.8,1.1,0.9,-1.7,0.2,0.6,1.8,0.9,2.5,-0.1,8.5,15.3,-18.9,-56.2,-25.1,4.9,7.8,7.0,13.7,7.6,-0.9,10.6,17.6,3.6,56.6,S,61.8,20.5,16.0,14.2,9.3,14.5,21.4,7.5,-5.8,2.0,-2.8,-0.8,-0.8,-1.1,-5.8,-0.8,-0.9,-4.2,-5.6,-4.1,13.7,8.1,5.4,-6.5,-0.9,5.4,2.7,3.5,-0.2,-1.4,4.5,1.0,-4.6,8.6,-1.3,5.3,8.2,0.8,10.0,7.7,8.4,11.8,12.6,17.4,7.9,4.0,8.3,7.6,7.2,2.9,4.0,-2.3,-2.7
21,KY,443,-0.2,-6.4,-5.1,-3.0,-0.9,-5.0,7.5,-2.3,2.3,1.6,3.3,1.7,-6.5,-1.8,-14.4,-57.7,-48.0,-13.9,-10.8,-3.9,-6.0,-0.1,-18.3,-11.8,11.6,3.8,39.3,190.9,117.7,40.2,22.7,15.7,17.8,17.2,22.5,17.4,3.0,11.1,3.4,2.3,2.6,-3.1,-3.0,6.1,4.6,-5.0,0.3,-3.9,-6.6,-13.0,-20.8,-24.2,-16.3,-14.6,-16.2,-18.0,-18.7,-15.0,-13.5,-6.1,-3.5,4.7,-3.5,3.7,4.0,-3.3,0.4,-2.4,-7.6,-1.5,-4.0,-7.3,-5.4,-5.7,1.6,0.1,-0.7,1.5,5.8,2.1,11.5
21,KY,444,11.9,2.8,1.4,-3.2,-1.4,-3.9,1.5,-7.8,3.2,-2.2,-1.4,3.6,-2.1,3.5,1.7,0.4,4.0,18.4,10.4,7.2,17.1,10.1,11.0,15.6,20.3,20.4,42.7,40.3,21.1,17.1,15.7,21.3,15.0,17.9,26.2,23.3,18.2,21.9,11.1,5.2,15.4,14.8,13.1,21.1,19.0,15.1,11.7,7.1,1.4,-0.6,-8.8,-9.1,-2.5,-6.9,-6.6,-5.3,-8.9,-4.7,-4.9,-7.5,-5.6,0.0,-7.4,4.6,-4.1,-5.6,4.8,-8.2,0.6,7.3,-3.2,-3.2,-1.7,-2.0,6.5,2.6,-1.7,2.3,1.3,2.7,3.1
21,KY,445,0.0,-2.2,-2.8,1.6,2.5,1.7,3.9,4.1,0.7,3.0,3.0,1.6,-3.2,1.9,17.7,6.6,8.6,4.7,6.8,-1.2,-7.3,-8.0,3.4,5.1,14.1,10.5,-6.1,4.5,2.2,7.4,4.9,12.5,8.4,24.9,9.2,10.7,3.1,5.4,4.9,5.7,3.0,4.4,3.5,1.3,18.6,2.8,2.4,2.2,-2.5,-2.6,-10.2,-10.9,-8.7,-10.5,-12.3,-9.2,-10.9,-12.1,-12.2,-11.3,-9.0,-8.1,2.0,-3.7,-2.3,-2.7,-2.2,-3.4,-5.0,-0.7,0.6,-5.6,4.9,-3.6,-3.7,2.8,2.6,1.3,4.5,3.0,0.1
21,KY,446,-6.0,2.9,0.5,4.2,2.8,1.1,2.8,0.3,0.5,-0.3,-2.1,3.8,10.9,11.2,18.3,-1.5,-4.1,9.9,13.3,8.3,16.5,12.3,9.9,15.8,-0.6,-2.9,4.0,21.1,16.3,10.4,4.4,9.2,5.7,5.1,9.6,7.6,9.2,10.1,1.3,2.0,5.6,2.8,2.2,4.4,5.7,4.4,4.8,4.5,17.3,18.8,18.4,15.2,20.5,19.2,16.6,19.4,18.3,24.7,20.1,15.2,6.5,5.7,1.2,5.9,2.1,-0.4,10.4,4.0,6.8,6.9,3.2,6.9,5.2,4.3,7.7,8.7,6.2,11.6,9.3,4.9,6.4
21,KY,447,-8.7,-3.3,0.2,6.6,0.0,-3.6,-1.1,-3.4,-4.6,-6.3,-1.2,7.5,14.3,6.7,-17.7,-37.5,-28.3,-15.7,-13.7,-16.3,-14.7,-15.2,-17.3,-10.6,-9.1,-6.5,27.8,52.8,48.2,32.9,29.7,33.8,37.4,41.7,48.9,38.1,26.3,32.9,38.0,42.5,37.0,41.2,33.5,23.4,16.6,13.3,9.6,0.1,3.1,-3.1,-15.3,-16.9,-21.2,-24.3,-22.6,-8.4,-5.2,-8.5,-11.4,-8.0,0.5,3.3,2.9,7.0,5.4,2.2,5.1,-4.1,-9.8,-4.4,-2.8,1.0,-4.5,-6.5,-7.5,-8.2,-6.5,-4.6,-2.5,-2.8,-6.2
21,KY,448,2.2,-3.4,1.0,6.2,-1.1,5.0,-0.9,7.3,4.6,1.9,0.4,2.7,3.2,-3.7,-50.6,-93.8,S,-3.0,-17.8,-13.5,1.8,-9.1,-20.0,-9.5,-4.9,-20.6,117.9,S,46.3,12.9,28.1,16.1,8.7,18.5,36.8,14.8,6.4,27.2,-2.5,2.9,2.0,-1.4,-2.3,4.4,4.0,2.3,-3.1,1.5,21.3,17.5,5.9,5.9,7.4,9.4,11.5,11.6,7.6,5.4,11.1,11.3,-3.7,9.5,2.0,-1.5,4.8,3.0,4.9,-0.5,-1.5,4.4,2.6,0.9,3.1,-5.9,3.3,5.3,4.3,1.2,5.3,5.3,2.9
21,KY,451,-7.6,-8.8,-10.3,-1.4,-5.0,-3.4,5.8,6.5,2.2,10.9,1.8,6.6,17.3,7.5,-15.6,-15.0,17.5,34.0,15.5,8.7,28.2,11.5,7.4,9.5,25.4,9.7,61.4,S,-1.9,S,1.6,3.6,-7.1,-1.9,8.2,0.5,-25.2,-4.2,-11.8,-0.9,-1.8,-3.6,-2.9,1.9,6.0,3.9,-0.9,2.7,2.7,8.3,0.1,-5.7,-0.5,-1.4,0.6,-5.9,-4.8,-8.3,-6.5,-9.9,13.9,6.6,2.4,-0.7,4.0,3.2,3.3,3.1,1.9,12.0,11.0,13.1,-3.4,-8.0,0.1,1.5,0.9,-2.9,3.0,7.8,5.7
21,KY,452,3.0,-2.4,-0.3,10.0,-0.2,0.9,2.9,4.2,-0.6,3.1,-0.8,-0.3,8.8,10.6,10.1,S,S,31.4,18.2,17.7,24.7,15.3,10.7,9.6,21.5,-0.8,13.7,131.1,-9.3,-11.3,1.4,-4.2,-0.3,5.7,6.9,6.6,-9.1,8.6,-5.5,4.4,6.2,7.5,4.1,12.1,8.4,5.4,2.3,1.2,10.0,8.0,-2.0,-4.3,-5.7,0.2,-3.2,1.6,-2.5,-4.3,-4.7,-1.3,-5.3,5.7,13.6,0.3,4.7,1.5,7.2,-0.1,-0.5,3.2,4.6,2.1,4.3,-2.6,-1.1,9.4,4.4,6.2,2.0,10.1,6.4
21,KY,453,3.3,6.2,1.2,8.5,5.5,4.4,10.2,8.1,9.8,9.0,5.4,8.4,6.6,4.7,-9.7,-32.7,-23.9,-3.0,2.7,-4.7,-0.5,-3.6,0.3,9.6,2.9,2.2,43.2,90.3,42.4,34.7,25.5,29.8,29.4,26.8,32.1,16.2,29.0,30.2,18.1,16.9,22.4,10.9,4.6,4.9,3.5,1.7,-5.9,-0.9,-10.1,-11.4,-14.7,-17.8,-9.3,-11.5,-9.2,-12.8,-5.0,-2.1,-1.1,-3.7,-0.2,5.7,4.7,14.0,5.1,4.4,7.9,10.1,5.2,8.1,-1.6,5.9,13.1,9.3,13.9,2.1,14.6,15.5,13.5,4.2,8.3
21,KY,TOTAL,-0.3,-1.4,-0.2,5.1,0.9,-0.3,3.3,2.1,0.8,1.2,1.3,2.7,6.3,7.5,-5.6,-27.3,0.0,9.4,5.3,2.0,8.0,3.8,1.6,7.5,9.1,2.2,30.2,66.1,16.9,11.2,12.2,12.1,11.1,15.7,19.1,12.9,8.8,16.7,6.3,9.0,9.9,10.8,7.8,11.6,11.3,7.1,3.7,1.8,3.4,0.9,-5.8,-7.6,-4.7,-5.7,-6.1,-2.0,-2.5,-3.4,-3.4,-2.0,-2.4,3.4,2.9,2.6,1.3,-2.0,4.6,-1.5,-2.7,3.1,2.3,1.7,2.6,-2.3,2.3,4.0,1.7,3.6,2.8,4.0,3.2
22,LA,441,-2.1,-3.9,-1.7,3.5,0.7,-0.2,4.3,5.4,3.9,3.7,5.3,-2.0,6.3,10.1,-23.9,-29.1,-0.1,11.3,8.8,1.5,15.2,13.5,5.2,15.4,14.9,6.8,80.8,100.5,31.3,20.1,15.8,12.8,8.8,10.3,16.1,9.3,12.4,17.2,-3.4,-2.8,-5.5,-2.7,-3.1,9.6,5.2,3.1,2.5,-1.2,-6.9,-9.2,-9.0,-14.1,-0.6,-2.7,-1.6,-5.2,-4.3,-7.5,-4.8,-1.8,0.4,8.5,0.4,6.5,-0.6,-9.0,2.6,-0.6,-4.4,6.0,6.1,5.1,3.7,-2.6,11.1,10.2,2.6,8.0,5.4,3.7,9.4
22,LA,442,1.6,0.6,0.6,3.0,2.7,-1.1,2.9,2.9,5.3,3.2,5.4,-1.3,-3.6,4.7,-28.8,-58.2,-24.7,-3.2,-3.4,-6.1,-1.7,-3.6,-10.9,-1.4,16.4,2.3,62.2,S,46.8,17.8,16.3,14.5,14.1,16.9,23.1,10.6,-5.0,2.6,-4.2,-4.5,-2.0,-3.0,-6.5,0.5,-3.6,-5.8,-5.2,-4.3,10.6,7.2,1.9,-6.6,-2.9,-3.4,0.0,-0.3,-2.4,-4.8,-1.3,-4.5,-21.9,-18.5,-24.3,-16.5,-14.5,-17.9,-13.8,-18.3,-16.2,-11.1,-12.5,-7.7,4.3,0.8,5.7,6.1,2.5,6.7,8.1,1.4,0.8
22,LA,443,-4.3,-9.3,-7.8,-2.7,-1.2,-2.7,0.2,-1.1,0.5,-0.8,-2.6,-0.9,5.1,6.7,-13.1,-50.1,-40.7,-14.0,-4.4,-6.3,-6.6,0.7,-6.5,-8.8,-9.4,-14.1,24.5,123.8,76.5,29.2,13.8,9.4,10.1,8.5,2.3,4.5,4.4,13.8,3.6,4.1,2.2,-4.8,-2.4,1.4,3.3,-3.7,-2.7,-2.7,4.8,0.0,-7.8,-12.5,-5.4,-4.1,-8.1,-4.4,-6.6,-5.4,0.9,-1.5,-11.0,1.3,-6.9,1.0,1.4,-3.9,1.6,-3.2,-8.5,-11.8,-5.8,-4.3,0.8,-8.0,-1.4,-6.3,-6.4,-4.6,-1.3,-4.8,3.4
22,LA,444,14.1,2.0,0.3,6.3,-1.8,-4.3,1.0,1.7,1.5,-0.1,-1.7,3.5,-4.2,2.5,0.7,-1.6,5.6,16.6,9.7,6.0,15.3,7.6,9.1,13.3,14.6,11.7,33.6,32.0,11.6,8.9,5.8,10.2,7.2,6.7,17.7,14.0,11.4,16.8,5.0,0.7,9.5,9.4,7.6,15.6,11.0,10.7,3.0,1.5,5.1,2.9,-4.1,-5.1,2.5,-2.7,-2.1,-0.6,-5.0,-1.0,-0.5,-4.3,-8.5,-2.4,-9.7,1.7,-6.3,-8.1,2.3,-8.3,-1.3,4.4,-3.9,-3.0,-1.9,-9.8,-0.4,-3.2,-6.3,-2.8,-5.3,-6.1,-2.0
22,LA,445,5.2,0.2,4.7,9.5,9.1,8.3,10.1,9.3,5.2,6.9,7.8,3.9,-0.6,8.5,22.0,14.7,15.9,11.1,10.1,5.9,8.1,8.5,6.2,6.4,14.3,8.2,-9.0,-2.8,-4.8,1.1,2.5,3.3,12.6,9.8,7.9,11.2,7.9,10.6,11.4,12.7,11.7,11.6,10.9,11.2,4.6,8.8,10.8,7.3,2.2,3.1,0.9,-0.2,-0.2,-1.0,-1.4,-0.7,-2.4,-6.2,-5.1,-4.5,0.1,0.0,-0.2,-3.3,-0.3,-0.9,-2.7,-0.8,-0.8,2.1,2.2,2.4,2.6,-1.0,0.9,2.7,1.9,0.2,3.6,1.8,0.8
22,LA,446,3.1,4.2,-1.8,2.9,2.7,2.1,4.8,0.0,-2.3,-6.7,-1.5,6.0,4.1,6.2,12.8,-5.8,-10.0,3.7,5.9,2.6,15.1,13.7,3.4,8.2,-2.9,-5.0,2.1,16.0,11.6,7.8,1.5,6.7,2.8,0.8,6.7,3.9,7.4,7.2,-1.3,-0.5,3.4,1.1,0.0,3.1,3.4,3.7,3.2,-0.7,5.1,6.5,6.5,4.4,9.5,6.0,4.5,6.6,5.2,11.1,8.2,7.2,3.1,3.3,-2.7,1.8,-1.1,-3.4,7.4,1.6,4.3,3.3,0.3,4.1,5.0,4.8,8.5,9.6,6.9,11.7,8.9,5.1,7.3
22,LA,447,-3.1,-5.2,3.0,6.2,1.2,-2.9,7.3,-2.0,-1.8,-3.4,2.7,10.9,6.2,1.2,-22.1,-44.1,-36.7,-23.4,-22.0,-20.4,-17.3,-19.3,-22.6,-16.0,-13.4,-10.3,30.9,67.1,43.2,27.4,24.8,23.4,26.1,32.2,38.4,28.7,25.4,34.0,31.0,29.6,41.6,42.4,38.2,25.8,15.7,12.6,9.3,1.9,5.0,-3.4,-15.2,-14.7,-19.6,-22.0,-21.4,-7.7,-2.3,-7.1,-10.0,-7.0,-8.7,-2.3,-3.9,-0.3,-1.1,-4.2,-2.2,-9.5,-14.6,-9.3,-7.7,-4.8,-0.3,-6.4,-7.5,-8.1,-6.5,-5.2,-2.9,-2.1,-4.7
22,LA,448,7.3,-2.1,-1.2,14.9,-3.2,1.1,-1.6,10.0,6.9,0.6,-0.9,4.8,0.0,-3.9,-48.8,-60.7,S,S,-14.6,-7.4,7.4,-5.7,-12.3,-6.5,-0.9,-19.5,112.3,170.8,32.2,9.0,21.7,S,S,18.2,25.1,4.1,8.3,21.4,-3.6,9.3,-3.3,-5.7,-0.8,9.8,31.6,4.1,5.2,7.2,9.4,15.5,4.4,-2.0,8.1,4.7,10.6,15.8,7.8,5.7,7.2,7.8,-1.3,9.1,-0.2,-3.0,2.6,4.2,3.8,-5.1,-1.6,6.1,3.1,5.1,4.9,-0.3,1.9,11.6,3.5,-4.4,8.1,6.3,1.4
22,LA,451,2.1,-3.2,-15.6,0.6,-5.7,-3.1,0.8,-0.6,7.3,0.9,0.5,2.5,-6.7,-8.2,-18.9,S,23.7,23.9,11.0,2.5,11.0,6.2,-0.3,5.9,10.1,2.8,S,S,S,S,-13.5,S,S,S,S,-12.4,-16.8,-2.9,-14.1,3.1,-0.9,-3.3,-3.7,6.7,8.3,-3.5,-1.6,-1.5,-17.8,-8.3,-10.7,-21.5,-14.5,-13.3,-12.9,-19.8,-17.4,-18.8,-20.8,-26.5,0.4,-0.1,-4.7,-6.5,-4.0,-8.2,-3.9,0.0,-3.1,4.4,3.4,11.7,-0.2,-4.3,-5.8,4.4,0.2,-4.6,4.6,3.8,3.0
22,LA,452,3.2,-2.3,-3.6,5.6,0.7,1.8,-0.6,4.3,1.3,3.8,-2.1,0.1,3.3,10.5,10.6,-33.9,S,32.1,22.2,19.2,14.3,18.1,14.1,13.6,13.7,-8.3,6.0,72.2,S,-18.6,-6.1,S,-15.2,0.6,0.9,-1.0,-2.3,11.2,-6.5,10.0,-0.1,8.6,4.3,19.2,22.9,2.5,3.2,0.5,-0.9,-0.3,-3.3,-10.0,0.1,-5.3,-2.4,2.3,-3.0,-8.4,-11.6,-5.2,0.2,9.2,15.7,-1.2,1.2,3.0,-1.1,-1.0,-0.2,1.9,1.5,1.3,5.4,-1.4,-5.3,27.1,8.6,6.8,6.1,12.3,9.6
22,LA,453,-6.2,-3.0,-3.1,4.3,-3.1,-4.4,4.0,1.9,3.6,4.6,2.6,7.4,19.0,17.5,-4.7,-28.8,S,9.8,11.6,2.2,8.9,4.0,8.4,22.1,5.7,-2.5,45.5,S,41.5,20.7,14.5,14.8,18.3,17.7,21.8,12.6,11.2,23.6,4.8,9.8,10.5,8.3,5.7,14.5,3.0,0.6,-3.3,-1.5,-7.1,-13.9,-14.0,-16.7,-12.9,-14.0,-18.6,-18.9,-9.1,-3.6,-8.7,-11.4,-7.7,1.4,-0.3,9.4,4.1,-5.8,3.2,5.7,1.1,-1.9,-3.7,4.7,13.6,4.1,7.7,-8.1,3.7,11.4,16.1,4.4,10.3
22,LA,TOTAL,1.7,-2.0,-0.8,5.4,1.2,0.1,3.9,3.3,1.9,1.2,1.8,2.7,3.4,6.6,-7.7,-24.7,-0.2,8.4,4.4,1.1,7.5,6.0,1.5,6.6,7.0,-0.9,30.8,57.0,12.7,7.6,8.6,5.0,5.3,10.2,13.9,8.5,9.0,16.2,3.2,6.6,6.7,8.7,7.2,13.4,10.2,5.4,4.2,1.1,0.0,-1.7,-5.7,-9.2,-3.0,-6.0,-5.3,-2.3,-2.7,-4.7,-5.2,-3.2,-2.6,3.5,0.1,1.1,-1.1,-4.4,0.7,-3.1,-3.9,1.2,0.3,1.7,3.1,-2.4,2.0,7.0,1.5,3.3,3.6,3.2,4.4
23,ME,441,3.2,2.9,8.1,14.0,13.5,9.6,4.2,0.9,3.9,3.2,9.8,8.6,8.5,10.3,-20.3,-28.6,2.0,17.0,15.5,10.0,20.2,15.2,3.5,18.5,16.7,12.4,76.5,99.9,25.3,17.7,13.6,11.0,11.9,10.1,16.1,9.6,11.1,16.0,-1.9,-3.1,-5.6,-3.1,-3.1,8.0,1.2,3.1,0.9,-3.0,-1.4,-2.3,-2.5,-5.4,10.0,3.0,5.2,3.1,4.0,-0.5,4.1,4.1,2.3,6.3,-1.0,1.0,-2.0,-4.5,2.2,2.7,-5.3,4.5,3.7,7.1,4.7,-4.8,4.8,9.2,1.3,2.6,3.1,-0.4,6.8
23,ME,442,-2.6,-2.8,-2.6,-0.8,1.5,-3.0,-1.8,-1.7,-1.8,-1.0,-2.2,-3.0,10.0,17.7,-19.4,-52.0,-31.3,-0.2,6.2,6.2,15.3,11.5,1.0,11.0,11.6,2.7,59.7,S,76.7,26.2,17.0,13.0,11.2,14.3,22.8,8.4,2.9,12.4,7.3,7.0,8.0,5.6,-0.5,6.2,5.6,4.5,0.3,0.7,9.4,1.4,-5.8,-8.2,-3.9,-4.7,-1.7,-4.8,-9.9,-11.4,-5.5,-10.5,-19.3,-18.3,-17.5,-15.1,-12.2,-15.6,-10.4,-15.0,-11.0,-3.7,-7.7,1.7,8.4,2.8,6.4,8.4,4.4,5.7,11.9,2.2,1.4
23,ME,443,-2.0,-5.7,-2.2,-3.4,1.5,-1.4,0.8,-2.4,-1.3,-2.1,-2.5,1.5,-3.2,-2.0,-24.3,-56.6,-52.8,-19.6,-13.7,-11.8,-12.5,-2.3,-11.4,-8.7,-15.1,-20.5,11.6,112.1,74.5,14.9,4.3,-5.8,-7.5,-6.0,-4.0,-12.4,-7.6,6.3,4.9,11.4,7.4,-3.4,-1.2,6.2,14.2,0.2,-7.8,2.4,7.0,1.5,-7.4,-15.8,-4.4,-0.8,-9.0,-3.7,-6.1,-6.3,-0.4,1.2,12.0,19.7,5.1,12.7,7.4,8.7,16.5,-9.0,-11.0,7.2,12.3,-24.7,-18.7,-25.9,-12.7,-6.0,1.3,-3.1,3.0,22.6,24.2
23,ME,444,17.2,5.4,2.7,11.3,0.7,0.5,2.9,2.7,4.3,1.2,1.6,3.9,5.0,14.1,17.7,9.9,17.4,29.6,21.8,19.1,28.7,21.5,24.2,29.8,13.9,11.3,30.4,34.5,13.7,8.0,1.1,4.9,1.8,1.0,10.2,6.1,10.3,14.4,3.4,-0.4,6.7,4.4,8.1,14.9,10.4,11.3,5.1,4.4,3.5,0.7,-7.0,-7.7,-1.1,-4.4,-5.2,-2.7,-8.4,-3.9,-5.1,-8.0,-6.2,0.5,-5.9,3.9,-2.7,-4.1,6.2,3.8,2.3,6.8,9.3,7.7,6.9,-0.6,3.4,1.9,-1.7,3.6,1.8,-9.0,2.6
23,ME,445,4.9,1.8,-0.3,5.8,3.9,5.1,3.9,4.0,1.9,4.1,3.2,1.2,-0.9,5.7,23.6,9.9,6.6,5.6,7.0,3.3,7.5,8.2,6.6,8.1,S,S,S,S,S,S,S,S,S,S,S,S,8.0,4.8,5.0,9.9,7.8,8.5,9.2,9.5,8.1,6.2,9.2,7.0,1.9,7.4,6.6,4.2,3.9,1.7,3.2,4.4,4.3,0.2,3.9,0.9,1.9,3.2,3.9,-2.3,3.3,1.4,2.4,2.0,-1.0,4.0,0.2,0.6,2.6,-0.9,-2.0,5.8,0.5,-0.7,2.1,2.6,2.7
23,ME,446,-13.1,-3.1,0.7,5.7,1.6,0.5,3.2,-0.8,2.6,1.8,-2.8,2.2,6.2,8.9,16.7,-0.6,-3.5,8.0,11.0,7.1,12.8,8.7,8.0,12.7,-2.9,-4.5,-0.1,14.4,12.0,7.2,0.9,6.9,3.6,2.6,8.7,7.5,18.2,15.1,5.3,5.6,9.8,7.6,6.4,8.5,8.5,7.4,7.0,10.8,32.3,S,S,S,40.3,S,S,S,S,S,S,28.1,5.8,7.4,-1.3,3.5,2.1,-1.1,10.7,5.6,7.6,4.9,2.9,7.4,4.5,3.0,8.5,9.3,6.6,10.1,5.5,2.9,7.3
23,ME,447,-0.9,-10.3,-0.7,-5.7,-5.6,-10.6,0.6,-9.1,-8.6,-9.0,0.5,8.9,0.6,3.5,-13.7,-40.8,-37.2,-24.2,-18.0,-12.6,-10.2,-13.1,-15.0,-8.9,-23.1,-20.3,-7.3,42.3,21.0,40.2,29.5,21.4,26.4,13.8,22.6,12.5,36.1,41.9,54.9,33.6,57.4,21.5,16.3,10.4,-6.2,9.4,2.4,1.0,-23.4,-26.3,-26.3,-36.6,-40.3,-40.8,-37.0,-28.5,-10.6,-15.9,-26.6,-25.3,-2.4,9.2,-12.2,11.0,6.2,-0.2,2.9,-6.3,-20.3,-17.0,-11.8,-7.9,-3.1,-14.9,6.4,4.0,-7.4,-4.1,-4.7,-0.9,16.9
23,ME,448,-10.2,-17.0,-7.7,3.5,-15.2,-10.3,-5.6,-2.5,-12.8,-6.2,-3.3,-11.7,-6.4,27.3,-78.9,-84.5,S,-51.2,-43.7,-35.9,S,S,S,S,S,S,127.5,S,S,32.6,39.6,20.9,21.0,25.6,44.5,26.3,10.6,33.9,0.8,10.5,2.6,3.9,-2.9,3.0,3.3,0.1,-2.0,0.4,18.2,11.9,2.8,2.0,4.8,3.3,7.3,7.9,4.8,4.8,8.9,14.3,-3.4,4.4,-0.3,-2.0,4.2,2.6,2.2,3.4,-2.7,2.6,-3.3,-3.9,8.6,-7.6,4.4,5.9,4.4,2.8,6.9,7.4,7.6
23,ME,451,-8.3,-0.7,5.5,-3.7,3.1,-0.9,2.6,3.7,14.9,-3.6,1.8,0.9,-2.3,-1.3,-37.0,S,S,33.0,27.7,12.5,7.7,S,S,S,18.7,S,77.9,563.7,S,S,S,S,S,S,S,S,S,30.8,7.1,11.5,13.4,17.3,24.5,22.9,23.8,24.0,27.8,29.2,-5.5,15.1,-3.4,-4.7,0.3,-7.9,-5.8,-9.7,-10.6,-15.4,-11.1,-21.2,6.0,-7.4,-11.1,-13.1,-10.9,-2.4,-6.8,0.5,-9.5,3.4,-10.7,9.4,4.2,-32.8,-0.5,1.4,-3.4,-12.4,3.2,2.3,4.5
23,ME,452,3.7,-1.0,2.5,3.7,-1.3,3.5,4.2,4.3,1.5,0.7,2.0,0.1,7.6,9.8,11.2,S,-2.5,2.6,15.8,1.5,12.6,12.9,6.2,5.1,10.6,-7.2,-0.8,132.6,8.9,-2.3,-8.0,-16.1,1.0,0.9,-0.6,3.8,-8.7,5.9,-1.9,6.6,10.3,12.3,12.3,31.8,10.6,5.4,8.8,7.5,13.6,18.1,5.7,5.6,0.4,-0.4,3.4,4.0,0.9,-0.2,-0.1,-1.0,7.1,8.4,6.1,0.3,6.9,6.2,1.4,8.7,-2.4,7.3,2.0,3.4,5.6,-9.8,-0.3,4.5,1.0,2.2,2.9,0.2,-2.0
23,ME,453,-6.4,-9.3,-3.8,5.1,2.6,1.5,6.7,3.2,4.0,6.1,5.9,6.2,26.1,28.4,14.1,-8.5,3.0,25.1,22.9,17.4,24.2,16.9,17.4,22.4,10.7,3.6,36.7,67.2,32.2,24.5,23.8,32.4,28.4,29.6,29.2,20.7,20.0,27.4,15.1,12.0,16.3,14.9,8.2,3.9,-0.3,-4.5,-4.7,2.2,-0.5,-3.2,-7.9,-1.0,-0.4,-2.7,6.2,-3.2,5.1,12.7,7.6,-1.7,19.1,19.7,12.5,20.9,25.4,23.4,23.6,23.9,17.8,21.0,15.1,30.5,13.9,11.1,21.5,3.7,6.0,16.6,9.4,16.9,15.7
23,ME,TOTAL,1.6,-2.0,1.6,5.4,1.9,1.2,2.8,0.3,0.2,-0.1,3.0,2.7,3.5,9.5,-5.3,-24.9,-10.9,3.7,6.1,2.6,8.2,3.6,-1.6,3.6,-8.7,-14.3,8.8,38.7,9.6,2.2,-2.0,-3.8,-1.5,-3.7,-0.1,-3.0,9.7,16.9,7.4,6.3,9.6,6.7,6.2,12.1,4.4,6.0,4.2,3.2,0.9,1.0,-2.8,-5.6,-1.5,-4.7,-2.8,-1.1,1.0,-0.8,-0.6,-1.7,1.6,5.6,-1.5,2.1,1.6,-0.4,3.7,2.9,-3.8,2.7,1.5,3.8,4.0,-5.3,3.7,5.9,0.4,2.3,2.6,0.4,6.0
24,MD,441,0.5,1.6,-0.8,2.1,1.1,-1.0,4.3,4.3,1.5,2.3,4.2,2.1,8.1,12.9,-24.6,-35.7,-7.5,4.8,2.5,-1.2,10.5,9.4,0.5,11.1,-0.8,-7.7,59.5,95.9,25.3,11.6,7.4,2.0,0.1,-1.1,7.6,-2.2,7.6,12.3,-5.2,-5.6,-9.6,-3.4,-6.5,5.4,0.4,0.6,-2.6,-2.7,1.1,-1.2,-0.7,-4.5,4.8,1.1,3.0,0.4,4.7,1.1,2.3,3.8,4.1,12.3,4.5,9.6,10.7,0.8,11.6,8.3,3.4,12.4,16.8,15.0,6.8,-1.3,8.9,6.8,-1.0,3.0,2.4,1.8,9.9
24,MD,442,-1.2,0.0,1.6,1.8,2.5,-1.3,6.0,2.8,4.1,3.5,2.9,0.8,14.5,18.0,-13.2,-55.6,-23.8,10.9,11.3,11.2,17.1,15.8,8.0,16.1,7.4,-2.0,44.1,S,53.3,13.6,7.2,1.7,2.8,3.9,14.1,4.8,3.3,17.3,9.6,9.1,6.7,5.5,3.8,14.6,10.0,7.4,1.5,1.0,4.3,-6.0,-12.1,-14.3,-5.0,-9.2,-9.3,-11.5,-14.5,-15.4,-8.2,-11.0,-16.6,-7.8,-11.7,-9.2,-12.3,-10.3,-4.5,-2.9,-2.7,0.7,-0.1,6.5,7.8,2.7,8.0,7.8,5.7,6.4,6.1,0.1,-0.8
24,MD,443,-7.2,-5.1,-4.1,-3.5,-1.7,-4.5,-0.8,-2.5,-0.9,-2.9,-3.5,-1.1,-0.3,1.8,-21.2,-50.8,-44.5,-22.0,-12.0,-13.1,-12.9,-6.2,-11.7,-16.6,-2.0,-7.6,40.7,134.0,92.8,45.7,25.0,21.0,24.4,21.1,9.7,12.8,3.5,12.0,2.4,3.0,1.2,-4.4,-1.6,2.2,3.0,-5.1,-2.1,-0.4,13.7,8.7,0.8,-5.6,0.2,2.9,-1.2,3.1,3.7,5.9,10.6,1.9,-9.2,-3.9,-10.8,-3.2,1.1,-10.5,-2.4,-8.0,-14.9,-8.2,-4.6,2.7,0.4,-1.5,4.5,-3.5,-6.4,-0.2,-1.6,-3.6,4.3
24,MD,444,14.5,2.3,0.7,5.5,-2.4,-4.5,0.8,0.1,1.6,-0.1,-1.3,2.0,-0.5,7.3,5.5,3.6,11.8,22.8,15.4,11.4,21.9,12.7,15.8,20.4,16.1,14.7,35.8,33.2,12.0,10.4,7.8,12.3,8.3,8.5,18.4,12.8,8.7,11.9,1.7,-3.0,6.2,5.2,3.5,11.2,7.7,7.1,0.6,-0.1,2.8,0.7,-5.9,-6.1,0.8,-3.7,-3.4,-1.9,-6.5,-1.7,-1.9,-5.2,-9.4,-3.2,-10.2,1.3,-6.7,-9.1,1.2,-8.8,-3.3,2.4,-5.3,-4.5,-1.2,-8.7,-1.7,-3.8,-6.1,-2.6,-5.0,-7.0,-4.2
24,MD,445,4.0,-0.9,-2.0,5.0,2.6,2.3,4.4,3.9,0.5,2.5,1.6,1.0,2.2,10.6,31.6,19.4,19.9,14.2,15.9,12.6,15.5,15.6,13.6,13.2,6.5,0.4,-16.3,-9.5,-10.7,-3.3,-3.1,-1.5,1.5,1.6,-0.1,3.0,9.9,9.4,9.3,15.0,13.1,10.1,8.6,7.7,6.9,5.7,7.4,6.2,-0.6,4.0,2.3,-0.3,-0.2,-0.3,-1.3,1.2,1.9,-0.4,-1.6,-0.5,2.1,3.0,3.0,-2.0,2.7,2.2,3.9,3.1,-0.5,3.1,3.4,1.4,5.1,0.0,-1.5,4.0,0.1,-0.4,0.9,1.6,1.0
24,MD,446,-3.7,0.9,1.6,4.6,2.4,0.5,2.9,-0.8,2.0,1.4,-3.3,1.8,7.7,10.2,12.4,-5.6,-6.2,6.0,11.3,7.2,13.3,9.6,8.2,14.1,-2.4,-4.4,5.3,21.4,16.0,12.6,3.9,8.5,6.0,3.5,10.3,6.2,11.0,11.4,2.4,4.1,7.6,5.3,3.7,6.6,6.5,5.9,5.8,5.5,18.4,18.7,19.1,16.3,22.5,18.8,17.2,19.7,17.6,23.8,20.7,16.4,5.7,6.0,-0.4,4.6,1.5,-1.1,9.9,4.6,7.6,6.6,3.4,7.2,5.3,5.9,10.0,10.2,7.2,12.5,9.4,6.7,9.1
24,MD,447,3.6,-1.3,17.4,3.0,3.8,-1.4,6.4,-1.3,-0.2,-2.5,2.4,10.4,9.1,5.3,-17.7,-37.5,-33.8,-20.0,-16.4,-13.6,-10.4,-12.3,-15.7,-9.4,-9.2,-5.9,36.9,75.6,35.2,36.2,31.8,27.6,30.4,34.5,43.0,31.1,30.3,36.6,36.8,40.4,70.5,51.9,36.2,29.5,18.7,17.3,14.9,8.2,7.5,2.8,-14.3,-16.2,-20.2,-23.4,-16.9,-5.5,-1.7,-6.1,-10.0,-7.6,-7.4,-1.1,-3.3,0.8,-0.4,-2.2,-0.9,-8.9,-12.2,-7.8,-5.9,-2.1,1.1,-6.3,-6.0,-7.7,-6.6,-4.9,-3.7,-3.3,-5.1
24,MD,448,3.2,-0.7,1.0,6.1,-2.8,-2.0,-2.2,0.9,-2.6,-0.3,-0.7,1.2,1.8,1.8,-54.3,S,S,-28.5,-11.9,-19.1,-11.2,-12.6,-22.8,-15.7,-11.0,-25.2,111.9,S,S,49.3,26.2,16.2,19.2,21.1,40.3,23.2,15.5,35.9,9.1,15.7,5.5,3.6,-2.1,6.1,4.7,1.8,-0.5,0.9,3.3,-1.2,-7.5,-7.0,-5.6,-4.1,-2.7,1.1,-3.4,-5.3,-2.4,1.4,-3.0,5.5,2.0,-3.6,5.3,0.3,-2.2,2.2,-5.4,2.2,1.4,-2.1,1.7,-4.4,3.6,7.4,4.3,3.9,7.9,7.5,8.4
24,MD,451,-11.9,-12.7,-5.0,-4.8,-4.8,-9.6,1.1,1.5,3.4,8.0,5.1,7.2,29.0,31.7,-15.3,S,S,S,S,31.1,S,S,S,S,33.9,7.0,94.5,S,S,2.7,-2.4,15.9,-7.1,-5.5,4.4,-2.2,-1.5,17.7,-4.5,0.6,-3.0,-1.6,-1.4,3.6,6.1,3.2,-1.4,5.8,-18.0,-9.0,-14.0,-19.6,-15.0,-13.9,-15.5,-22.9,-16.7,-22.8,-20.7,-23.1,19.0,5.5,1.5,1.1,5.2,1.4,-0.8,9.7,-1.8,15.0,10.4,10.7,-1.6,-8.0,2.1,-0.3,1.5,-3.3,8.2,7.0,6.8
24,MD,452,-0.8,-1.1,-1.3,5.2,2.6,0.3,1.7,3.0,-0.4,0.5,2.1,-1.5,5.8,8.7,-0.1,S,-17.0,-6.2,11.0,-4.5,5.1,3.1,-5.3,-4.1,6.5,-9.1,6.3,152.7,29.2,14.2,4.9,7.9,9.2,12.1,14.3,12.0,0.6,18.1,3.7,9.8,6.3,13.3,5.3,12.8,11.3,8.9,3.8,12.0,14.5,8.1,6.4,4.9,-2.9,-1.8,4.6,3.8,0.9,-2.3,2.9,-1.1,-4.5,3.6,8.0,-1.6,8.6,4.9,-3.3,3.2,-1.1,2.8,1.3,-1.9,1.1,-7.6,-4.8,5.2,-1.9,-3.8,0.8,5.0,3.8
24,MD,453,-8.7,-5.1,1.7,6.0,1.9,2.5,9.1,7.3,7.6,3.6,7.2,6.1,11.5,8.9,-17.5,-38.8,-19.1,1.2,-0.7,-4.6,2.8,1.6,-1.9,9.5,-7.9,-6.1,34.1,88.7,35.4,16.7,18.8,14.4,13.0,10.9,15.8,6.9,9.2,16.1,6.7,4.6,6.2,5.7,-0.9,5.4,-2.2,0.5,-2.7,-4.9,26.6,18.7,15.2,13.8,11.9,10.8,12.5,8.8,16.5,14.3,14.8,S,3.5,10.7,6.9,9.7,9.6,5.7,7.7,10.4,8.0,11.1,5.1,6.7,10.3,4.7,9.2,1.9,8.5,13.2,11.4,5.7,10.1
24,MD,TOTAL,1.4,0.0,0.7,3.6,1.2,-0.8,3.4,2.5,0.9,1.2,1.9,1.9,6.1,10.1,-9.2,-30.7,-12.6,2.2,5.1,-0.1,8.6,6.7,0.7,5.9,1.6,-5.3,28.5,69.8,26.7,13.2,8.2,6.9,6.4,6.7,12.9,7.0,9.2,15.7,3.9,5.5,6.1,7.7,3.5,9.8,6.2,5.3,2.5,3.1,5.2,3.0,-0.7,-3.1,-0.2,-2.4,-0.3,1.0,1.9,0.1,0.9,0.7,-0.4,5.4,1.6,3.0,4.7,-0.2,4.6,2.5,-0.5,5.1,5.3,4.8,4.2,-2.3,3.0,3.8,-0.7,1.2,1.8,1.8,4.7
25,MA,441,11.1,8.7,0.7,4.5,1.5,-2.7,2.7,5.9,2.2,3.1,2.4,-0.5,-11.5,-8.5,-26.3,-43.2,-15.6,0.7,-3.1,-9.2,2.6,-0.7,-8.8,1.6,5.9,1.5,59.1,115.3,31.2,15.3,10.7,6.0,4.0,4.9,11.2,5.7,12.4,16.7,-1.4,-3.4,1.5,6.4,4.9,16.8,11.3,10.3,11.0,9.0,7.4,3.7,4.1,0.1,6.9,2.8,5.0,2.7,5.0,1.9,3.0,3.0,-1.0,7.8,0.0,5.2,1.0,-8.4,2.9,-0.9,-4.5,4.4,5.5,5.0,5.1,-2.8,9.9,8.2,0.5,5.5,1.7,3.1,6.2
25,MA,442,-0.8,-2.9,-2.0,1.2,0.2,-3.5,2.1,1.9,2.2,2.3,1.0,-0.4,10.6,12.5,-19.9,-64.2,-38.1,-2.3,3.3,1.6,5.0,9.8,-0.4,1.8,-0.7,-4.2,46.5,224.4,75.0,16.2,7.9,4.1,5.8,0.7,8.0,4.2,-1.6,7.5,1.6,2.5,1.6,0.1,-3.8,2.1,1.4,0.7,-2.1,-3.6,15.3,5.3,-0.5,-5.6,0.0,1.0,-1.7,-3.6,-7.1,-11.0,-4.6,-6.0,-21.3,-13.8,-18.5,-14.0,-11.9,-14.2,-6.9,-6.3,-5.5,0.3,-1.8,2.8,8.0,4.3,9.1,11.2,6.8,5.6,7.5,0.7,-1.7
25,MA,443,-2.9,-5.9,-5.1,-1.1,1.1,-1.3,4.7,-1.2,1.1,0.4,1.4,2.4,-1.3,-0.2,-22.9,-61.3,-51.8,-22.0,-14.9,-11.3,-11.2,-4.7,-13.7,-12.2,2.9,-2.4,52.1,212.3,132.7,55.5,35.4,27.7,28.3,24.7,22.1,20.7,0.1,10.5,0.5,3.7,-0.1,-9.0,-6.8,-3.8,-0.6,-7.4,-9.7,-7.8,8.4,0.2,-8.2,-12.0,-7.0,-3.8,-8.9,-5.9,-4.3,-2.8,1.1,-1.1,0.2,5.3,-4.8,1.7,1.3,-1.9,4.2,-0.5,-6.8,-1.6,3.3,7.4,-3.7,-6.8,4.9,2.8,9.4,7.9,12.4,8.8,13.7
25,MA,444,12.9,1.9,-1.1,3.5,-0.7,-1.3,3.7,1.4,4.9,2.1,2.2,5.4,0.2,7.7,7.6,-0.6,7.6,20.2,13.7,11.1,20.9,15.0,15.6,21.5,12.2,11.4,34.2,39.5,13.9,7.7,3.2,4.9,2.5,0.5,8.4,6.3,18.4,20.1,11.1,3.2,10.3,9.3,9.2,19.0,14.9,15.0,7.7,6.6,0.0,-1.3,-10.2,-10.0,-2.5,-6.9,-5.8,-4.2,-8.8,-4.7,-4.0,-8.2,-11.3,-5.4,-11.8,-0.9,-7.6,-8.3,0.3,-7.2,-3.4,2.0,-3.6,-4.6,0.1,-4.3,4.0,1.2,-4.2,1.0,-2.1,-6.4,0.0
25,MA,445,6.5,2.2,-2.0,3.9,4.4,3.1,2.7,2.9,1.3,2.8,2.9,-0.3,-3.3,4.0,22.9,10.1,4.6,2.2,3.6,2.1,6.5,6.2,3.5,8.2,1.5,-2.0,-19.1,-11.0,-6.6,-2.8,-2.7,-2.2,-2.2,-2.6,-2.1,-1.5,6.0,3.4,3.0,10.1,3.9,7.2,5.9,6.3,4.7,4.4,6.9,4.4,-1.9,2.8,5.2,2.2,3.0,-1.3,-2.4,-1.7,-0.6,-3.9,-1.5,-0.7,2.6,2.6,0.6,-4.5,0.7,0.6,2.6,1.9,-1.1,4.0,2.0,-0.3,2.5,-0.9,-1.8,6.4,1.2,-0.4,3.0,1.9,2.4
25,MA,446,2.0,3.4,3.2,6.8,2.8,1.6,3.9,-0.3,2.9,1.6,-3.1,1.7,8.1,11.4,15.9,-1.5,-2.8,9.4,12.9,9.5,15.6,11.3,10.8,15.6,-1.4,-3.2,4.0,18.5,14.3,12.1,4.4,9.1,5.8,3.9,11.0,7.5,12.6,10.4,1.7,3.9,7.1,4.4,4.0,5.7,6.2,5.9,4.8,3.3,7.4,9.6,10.0,7.1,12.4,9.6,6.7,9.8,7.9,13.7,11.1,7.1,4.7,5.7,-1.9,3.6,1.3,-2.2,10.6,5.6,7.9,4.1,2.3,6.4,4.5,5.0,10.8,9.3,8.4,12.5,6.9,5.8,11.2
25,MA,447,-18.6,-16.3,-14.3,-12.3,-14.7,-18.6,-17.0,-19.0,-21.2,-19.9,-2.3,4.7,-2.7,-1.2,-17.2,-45.9,-40.3,-29.1,-18.9,-10.6,-11.6,-13.1,-16.7,-7.7,-27.5,-23.1,S,S,S,57.8,38.5,26.0,35.7,S,S,S,26.6,28.2,S,S,63.1,S,S,S,S,0.9,-6.1,-6.4,S,S,S,S,S,S,S,S,-28.6,-37.2,S,S,-15.1,4.0,S,-10.6,-10.4,-15.9,-11.7,-20.4,S,-36.4,-31.6,-20.6,-3.1,-19.9,23.1,23.1,-5.0,3.5,2.2,-0.7,S
25,MA,448,3.3,0.8,1.0,2.5,-3.0,1.7,1.7,4.2,1.3,1.1,-1.0,3.9,5.9,9.0,-53.9,S,S,-34.7,-12.3,-15.3,-5.8,-11.4,-21.1,-13.4,-10.3,-20.3,124.7,S,S,71.5,34.9,16.9,20.6,26.1,45.6,26.4,7.4,26.9,10.3,9.8,0.5,-0.2,-4.0,1.4,2.4,-0.9,-3.5,0.7,17.0,4.4,-3.1,-1.0,1.1,1.3,2.6,6.2,1.0,-1.5,1.9,4.5,-4.3,2.2,-3.2,-6.3,1.8,-1.4,-3.3,2.2,-6.8,1.2,-1.4,-3.6,4.0,-6.5,5.7,6.6,4.3,3.7,6.9,7.3,8.3
25,MA,451,-13.6,8.2,-4.0,-9.1,-6.0,-5.4,3.1,3.8,-11.6,-18.8,-0.5,-7.3,5.3,0.7,-22.6,S,S,20.7,33.7,-3.2,41.0,33.9,26.5,27.9,44.9,27.3,119.6,S,S,33.6,17.6,S,27.0,30.9,26.5,33.6,5.4,8.1,-3.2,-3.2,-1.5,-0.1,4.6,5.4,5.3,3.4,2.7,6.0,23.3,27.3,10.2,7.9,11.5,8.4,7.6,6.1,7.2,8.1,13.0,3.3,2.9,-7.5,-4.7,-10.1,-5.5,-4.5,-8.2,-3.9,-7.7,0.4,-4.2,-1.2,-2.7,-8.8,1.6,0.8,0.1,-1.8,4.0,3.4,2.7
25,MA,452,3.7,-0.3,1.1,3.7,0.0,3.0,4.5,3.7,1.7,1.5,1.3,-0.3,7.8,13.1,1.8,S,-22.1,-11.2,12.3,-5.2,5.0,2.9,-3.7,-5.8,6.6,-5.0,5.7,213.4,46.1,21.1,0.5,8.3,11.7,13.5,10.3,12.3,-5.0,5.0,1.7,6.8,3.8,7.9,6.1,6.8,9.6,3.7,2.9,17.8,23.9,21.0,12.8,11.1,7.6,7.6,12.4,10.7,5.6,5.8,11.1,-2.5,2.1,5.1,5.8,-2.0,6.5,5.2,-2.2,7.9,-2.2,3.2,-1.3,-2.3,-7.7,-15.5,-12.4,-9.7,-13.6,-11.9,-0.5,2.9,4.0
25,MA,453,-4.4,-9.9,-3.9,5.0,3.5,2.0,7.5,4.4,6.6,3.7,-1.7,6.1,28.3,33.3,5.8,-25.1,-12.3,10.6,15.2,10.5,19.8,14.2,9.4,16.0,8.1,6.1,49.7,106.8,59.3,45.4,41.1,38.5,34.4,28.3,27.4,14.0,9.7,18.3,12.2,17.6,24.9,18.1,10.9,13.5,10.8,5.9,12.2,17.2,24.3,16.1,6.9,1.2,2.8,5.0,1.2,-2.0,3.5,10.2,8.7,-0.8,2.3,9.4,6.4,11.0,6.4,0.6,7.6,10.0,7.0,9.9,1.1,10.4,10.1,4.1,8.9,3.9,10.3,15.6,14.4,4.8,10.9
25,MA,TOTAL,3.6,1.3,-1.4,2.3,-0.2,-1.7,1.2,1.2,-0.2,-0.2,1.0,1.1,-0.9,3.3,-7.1,-33.3,-19.5,-2.6,2.0,-2.8,5.6,3.1,-2.3,2.9,1.4,-2.7,19.2,67.1,33.7,18.3,10.1,9.4,8.8,6.8,11.6,8.4,9.2,13.1,6.9,7.7,7.5,6.1,3.9,8.3,5.4,6.0,4.8,6.1,4.3,2.7,0.1,-3.1,-0.4,-3.0,-2.1,-1.1,0.1,-0.9,0.3,-2.1,-1.4,3.5,-2.9,-0.2,0.0,-3.9,1.6,0.5,-3.6,1.9,0.4,0.9,2.1,-3.8,4.3,5.0,0.0,2.6,3.2,2.6,8.7
26,MI,441,2.9,2.8,1.6,5.5,3.3,0.6,6.9,4.7,1.8,1.8,2.4,-2.3,1.9,4.7,-26.8,-35.8,-5.2,8.9,5.2,-0.7,12.5,9.0,-0.2,11.0,8.7,3.0,75.8,105.3,27.3,16.5,11.5,8.0,6.6,7.1,17.3,9.8,18.8,22.7,1.9,2.4,-1.3,2.3,0.0,11.8,7.4,6.8,1.5,-0.5,0.4,-1.5,-1.5,-4.6,6.9,3.9,6.2,4.0,6.6,3.2,7.9,7.8,3.3,9.9,1.8,6.1,3.7,-5.2,6.0,2.0,-2.8,7.2,9.4,10.1,4.9,-1.6,10.4,8.8,2.3,7.1,6.4,4.4,9.4
26,MI,442,-1.5,2.4,-3.9,11.0,6.0,9.4,21.0,12.6,12.2,12.5,13.0,3.3,13.0,-16.3,S,S,S,S,S,S,S,S,S,S,38.2,S,28.8,S,43.8,3.7,1.9,-1.1,-6.9,-5.8,2.3,-7.3,-11.0,-1.9,-5.6,-2.3,-2.9,-3.8,-7.3,-2.5,-3.5,-4.5,-6.8,-6.7,20.2,7.6,2.5,-1.8,3.5,5.4,4.4,2.7,-0.8,-2.3,2.3,0.8,-12.4,-6.9,-10.9,-9.0,-7.8,-11.1,-2.2,-5.4,-4.5,1.7,-0.4,5.2,6.1,2.9,6.5,7.3,6.0,5.4,8.2,0.3,0.2
26,MI,443,4.2,-0.6,-0.4,-3.5,-2.7,-6.0,-1.5,-4.6,-1.7,-3.5,-3.3,-2.6,-14.0,-8.8,-27.7,-52.2,-43.9,-21.0,-10.2,-8.9,-9.9,-5.3,-15.4,-13.2,12.6,3.1,50.9,S,89.9,44.8,25.6,18.8,19.6,19.0,18.6,17.2,2.5,10.2,3.1,4.6,2.4,-3.0,-2.1,4.2,6.3,-3.4,0.3,-1.6,-11.4,-14.5,-21.0,-27.1,-18.9,-18.1,-18.9,-17.2,-19.3,-15.2,-10.8,-10.5,5.9,13.3,4.6,12.9,20.8,5.1,10.0,3.6,-2.3,13.9,-2.4,2.6,-2.9,-4.2,1.3,0.3,-7.9,2.7,5.5,12.0,10.0
26,MI,444,19.5,1.7,-1.2,6.7,-1.7,-2.5,1.4,2.6,3.1,0.9,-0.4,-1.2,-7.5,4.7,3.1,-1.4,10.7,23.1,12.5,10.5,21.6,11.9,14.0,20.7,16.3,14.8,38.5,35.6,9.1,4.8,5.1,8.3,4.0,4.5,13.0,8.9,10.3,13.7,1.6,-0.4,9.8,8.4,5.4,13.5,10.4,9.5,1.8,0.5,3.2,3.0,-3.5,-5.4,1.0,-2.9,-1.5,0.1,-5.8,-0.9,0.1,-4.0,-7.1,-2.1,-8.5,2.3,-5.1,-7.3,1.8,-6.6,-0.7,5.4,-1.2,-1.4,-2.2,-9.3,1.1,-0.7,-4.4,-0.9,-2.6,-6.0,-1.2
26,MI,445,-4.4,-0.3,-5.7,2.7,0.5,1.0,6.7,7.3,-2.9,-2.5,1.5,2.5,4.6,2.2,21.1,7.4,11.6,7.3,2.3,0.5,13.6,13.2,-8.2,6.4,5.7,3.4,-7.9,2.4,-3.6,0.8,4.7,6.0,4.6,4.4,21.5,7.2,2.5,7.9,5.7,7.6,7.8,8.8,7.6,5.4,3.5,6.9,9.5,7.2,12.8,14.6,15.2,11.3,12.0,10.9,7.9,10.3,12.7,9.1,4.6,7.8,-0.9,-1.5,-2.5,-4.4,-1.0,-2.5,-1.7,-1.9,-3.1,-8.6,3.3,-3.1,6.3,2.1,1.4,5.6,0.1,0.5,2.4,0.8,1.3
26,MI,446,-2.2,0.7,2.3,5.8,2.9,0.5,3.4,0.1,3.5,2.9,-2.2,3.7,2.5,4.3,7.2,-11.1,-12.7,1.4,5.2,1.5,7.3,2.6,3.2,8.3,-1.1,-3.3,5.1,23.9,19.5,12.7,5.0,8.7,5.6,4.0,10.3,7.0,9.0,9.2,0.9,1.6,3.7,1.0,0.5,3.0,2.9,2.7,2.4,1.8,9.8,10.9,11.1,8.3,16.0,13.1,10.4,13.8,11.2,17.3,14.7,10.0,6.5,5.3,-0.4,4.3,-0.2,-2.9,7.6,0.8,3.5,-1.5,-2.1,2.4,-2.2,-0.7,4.6,3.0,6.0,6.3,1.2,1.1,3.9
26,MI,447,-2.2,-2.8,8.4,4.4,-0.4,-4.7,3.5,-5.6,-7.2,-8.6,-2.8,4.5,0.3,-3.8,-26.4,-47.3,-37.4,-22.4,-21.4,-18.7,-14.3,-15.2,-20.6,-11.5,-10.0,-5.1,40.5,77.4,42.7,32.7,32.5,28.6,30.5,34.3,49.4,35.7,30.6,32.7,25.1,28.1,42.6,40.3,29.5,21.5,10.4,11.5,3.5,-4.1,10.8,6.2,-4.6,-2.3,-8.0,-12.7,-8.7,4.2,9.5,2.0,0.4,4.7,-10.1,-4.3,-5.9,-1.4,-2.8,-7.9,-5.9,-12.3,-16.0,-11.7,-12.3,-8.3,0.7,-4.9,-7.2,-5.9,-6.9,-4.4,-3.3,-1.6,-6.6
26,MI,448,-1.8,-4.3,-1.7,3.5,-2.8,-0.1,0.9,0.9,-4.5,0.2,-0.7,3.0,1.5,0.8,-50.8,-98.8,S,-8.4,-8.6,-12.4,-3.0,-5.9,-20.1,-9.1,0.6,-12.0,117.1,S,S,22.3,25.8,13.2,16.3,19.1,38.3,19.4,9.6,15.2,-0.5,4.8,-3.2,-6.8,-8.9,-1.2,-1.4,-5.7,-6.2,-4.0,-2.7,0.1,-7.5,-7.1,-6.0,-1.2,-1.6,4.1,-0.2,-2.0,0.8,5.0,0.8,14.8,6.3,1.1,7.5,3.8,4.9,5.3,-3.6,3.5,1.7,-3.9,5.2,-7.8,3.8,5.7,4.3,4.7,5.8,7.6,7.7
26,MI,451,0.2,-6.1,-13.9,-0.5,-4.1,-3.3,5.5,0.9,4.1,0.9,0.5,2.3,-3.5,2.8,-19.9,S,S,25.8,19.2,6.2,16.8,11.0,5.3,11.4,12.4,10.5,76.3,S,S,11.3,4.8,8.0,2.8,7.7,19.8,8.2,3.5,12.6,-7.7,-9.7,-1.6,-6.4,5.7,0.9,4.5,4.3,4.6,11.3,-4.8,-9.0,-8.1,-3.5,-5.6,-7.2,-9.7,-7.6,-8.2,-6.3,-8.8,-14.0,-9.2,-0.2,-4.9,-11.7,-6.6,-6.1,-7.7,-7.7,-7.1,-7.9,-6.2,-3.0,0.9,-6.2,0.6,0.0,2.3,-3.2,2.3,0.3,-0.4
26,MI,452,0.4,-0.5,-1.5,5.5,-0.4,1.1,3.6,2.3,-2.7,2.7,0.5,-2.5,6.8,9.4,4.4,S,-14.1,-5.7,8.9,-5.6,1.2,-0.7,-7.5,-3.3,14.8,0.7,7.9,310.3,42.4,24.3,13.4,13.8,17.7,20.4,22.6,19.2,8.5,15.8,12.0,11.9,6.9,14.8,11.9,21.2,19.1,11.4,10.5,11.5,14.4,15.3,6.3,1.8,1.6,-4.9,-1.3,-2.3,-5.9,-3.8,7.4,1.8,-7.6,4.6,5.9,3.6,7.9,10.2,4.8,11.3,10.1,13.4,5.5,6.8,9.2,-2.8,2.3,-5.6,4.6,-2.6,2.5,-5.3,-1.3
26,MI,453,0.0,-3.8,-0.1,9.8,3.9,3.9,8.0,4.5,3.7,2.7,-1.5,3.3,-3.8,-1.9,-24.0,-36.2,-14.3,3.2,-2.0,-6.7,-0.2,-5.6,-11.4,-4.0,0.0,-4.5,39.6,65.2,14.5,3.4,9.3,10.8,8.5,8.1,14.2,6.1,15.6,25.7,11.9,13.9,18.4,19.2,12.8,12.8,9.9,12.8,0.3,6.0,S,S,S,S,S,S,S,S,S,S,S,29.1,-10.8,-6.6,-9.1,-6.0,-1.4,3.6,2.1,3.8,-0.2,1.2,-7.0,-0.1,22.1,10.2,11.8,0.7,7.7,12.2,5.0,15.2,6.4
26,MI,TOTAL,1.4,0.2,-0.1,5.0,0.9,-0.2,4.9,2.5,-0.6,0.4,0.6,-0.1,2.0,3.7,-10.1,-38.1,-13.3,2.7,3.3,-2.2,7.5,4.3,-3.9,4.3,7.9,2.6,33.5,95.5,32.4,15.8,12.0,11.0,10.4,11.6,20.9,13.3,12.3,17.4,5.9,6.6,6.7,9.1,6.6,12.4,9.1,7.5,4.2,3.2,7.7,6.4,2.2,-0.2,4.0,0.7,2.4,3.6,3.3,2.6,5.9,4.4,-2.6,4.1,0.1,2.2,2.1,-1.5,2.9,1.0,-0.9,3.4,2.7,3.4,4.8,-2.3,4.3,2.0,1.5,2.1,2.9,0.4,2.8
27,MN,441,-2.5,0.3,-0.8,4.3,3.5,2.4,5.8,6.2,4.2,4.7,7.1,2.2,6.7,9.3,-26.5,-32.4,-4.4,8.3,5.2,-1.2,10.6,8.2,-0.8,10.1,12.0,6.0,82.0,105.1,32.4,19.3,15.4,13.2,10.2,10.8,19.4,10.9,4.7,8.3,-9.2,-10.1,-12.1,-7.7,-9.4,0.3,-3.7,-3.1,-6.9,-6.6,1.4,-1.2,-0.7,-4.0,7.5,3.3,5.1,2.6,5.4,0.6,5.1,4.4,2.6,11.4,3.7,8.0,5.6,-2.1,8.3,6.4,0.7,11.5,12.5,12.1,5.9,-1.8,8.8,8.1,2.0,4.8,4.8,2.0,7.1
27,MN,442,0.3,-0.3,-1.9,3.4,0.8,-1.6,2.6,1.7,1.9,2.0,2.7,-2.3,3.5,6.0,-24.0,-61.9,-32.2,-5.1,-1.4,-0.3,2.1,2.7,-6.0,2.2,10.7,6.6,57.1,S,66.9,21.1,16.5,11.1,12.5,10.8,18.8,6.6,0.1,7.1,3.2,6.3,6.9,5.8,0.9,6.3,5.2,1.8,1.2,3.1,12.3,4.5,-0.7,-8.6,-5.0,-2.0,-3.1,-4.1,-7.3,-7.8,-1.6,-3.0,-10.9,-2.5,-8.2,-4.0,-0.2,-5.0,1.6,0.7,1.5,7.2,4.6,9.2,6.0,2.5,7.0,10.8,6.5,4.1,5.8,0.9,-1.7
27,MN,443,6.2,-2.4,-0.3,0.7,-2.1,-3.3,-1.6,-1.0,1.4,-2.7,-1.6,-0.9,-3.8,-2.1,-22.6,-56.2,-47.7,-24.0,-13.8,-18.7,-20.0,-14.3,-18.8,-23.1,-16.4,-18.7,18.4,110.1,67.7,21.4,6.2,2.6,7.3,4.2,-2.9,11.1,6.9,15.5,8.8,8.2,6.9,1.4,1.9,9.5,9.5,3.7,3.6,-6.6,13.5,4.3,-1.8,-7.0,0.7,4.0,-0.5,1.8,1.4,4.2,5.5,4.2,-0.3,7.1,-5.6,5.8,6.3,-1.3,7.7,0.5,-6.2,1.5,2.2,3.0,-3.6,-5.0,4.6,1.4,3.0,4.2,2.5,-2.0,8.2
27,MN,444,11.3,5.5,2.8,7.0,-3.2,-2.4,3.2,1.4,2.9,1.1,1.6,5.1,2.0,6.4,6.9,11.8,16.4,23.2,13.9,10.4,20.3,12.1,12.6,18.7,14.4,11.1,31.5,22.6,6.9,6.5,5.4,9.1,7.5,8.2,14.4,14.0,6.1,11.2,2.2,-3.2,5.9,4.3,4.0,10.7,6.4,5.1,1.2,-1.8,4.4,-1.0,-12.3,-12.3,-7.1,-10.0,-10.6,-7.6,-12.0,-8.7,-8.9,-12.6,-11.5,-2.2,-4.3,6.3,-1.6,-4.1,4.7,3.6,1.3,7.2,9.2,8.6,6.3,-0.9,9.2,9.5,4.4,8.5,8.7,-3.3,8.3
27,MN,445,3.1,-0.3,4.5,3.9,4.6,5.8,7.9,5.5,1.2,-1.9,-0.3,-0.7,1.4,5.0,19.5,11.7,14.7,8.3,7.7,9.0,14.1,18.3,12.2,16.5,10.4,6.1,-5.5,2.6,-1.9,3.1,4.0,3.6,4.4,3.1,4.6,4.9,19.9,22.9,20.2,23.2,21.0,23.1,22.2,21.1,20.4,21.7,23.7,23.2,-0.1,1.3,3.5,1.6,3.1,1.6,0.2,2.7,3.3,0.3,4.5,0.5,5.5,8.3,6.5,-1.0,4.0,2.5,11.6,11.5,8.6,6.5,3.6,3.2,6.5,-0.8,-1.7,6.1,2.0,0.9,-4.9,-4.9,-5.8
27,MN,446,14.2,13.6,5.9,8.4,5.3,1.0,6.0,1.8,6.2,3.4,1.4,5.4,0.2,-2.4,2.0,-11.4,-13.9,2.2,2.4,-2.5,5.1,-1.8,-1.3,2.8,4.5,7.1,16.5,26.7,26.0,18.6,11.0,16.4,11.6,8.7,19.5,13.9,8.6,5.1,-0.8,0.0,2.6,2.0,1.4,4.2,2.3,6.2,1.7,-7.8,8.5,9.4,10.8,8.6,15.4,10.4,6.7,11.2,9.0,14.4,13.7,17.3,11.6,12.1,4.5,13.7,8.7,3.0,18.4,10.6,14.5,13.1,8.0,15.5,11.2,11.1,13.8,14.7,10.6,17.3,13.7,9.4,13.9
27,MN,447,-3.3,-3.7,5.3,5.3,-0.4,-3.8,2.9,-4.3,-6.4,-7.1,-2.5,6.4,2.7,-0.7,-20.1,-42.2,-33.3,-20.8,-18.3,-17.9,-15.0,-16.6,-20.4,-13.2,-6.4,-2.7,35.4,72.1,46.5,38.2,34.7,34.9,38.3,42.5,52.5,40.7,29.2,33.7,29.7,33.4,43.8,40.8,33.3,22.5,13.4,13.1,9.5,0.0,9.9,3.5,-7.9,-8.8,-13.7,-18.6,-15.6,-1.4,3.9,-2.1,-5.4,-1.4,-8.9,-0.2,-1.4,2.9,1.4,-1.7,-0.5,-7.7,-12.4,-7.5,-3.6,-1.4,2.8,-5.8,-6.6,-7.3,-5.9,-4.0,-2.8,-1.2,-2.2
27,MN,448,3.9,-8.6,2.2,5.2,-0.7,0.7,-0.1,0.9,-3.8,0.7,-0.6,4.8,-1.9,14.5,-52.4,-98.7,-47.1,-22.2,-18.9,-19.5,-11.2,-16.3,-28.4,-11.2,-5.6,-15.4,114.6,S,93.8,40.8,37.6,17.1,20.3,25.5,53.8,25.8,12.7,25.3,7.5,13.4,0.8,-3.2,-5.0,1.7,1.1,-0.7,-4.8,-3.4,3.5,-1.8,-6.8,-1.3,1.3,2.0,0.9,4.4,4.9,2.2,4.2,4.2,-1.1,4.1,-0.9,-8.0,-3.5,-2.3,-0.7,3.2,-6.4,-1.1,-1.5,-6.5,3.7,-4.0,10.0,9.6,10.1,6.2,8.8,9.4,10.2
27,MN,451,-6.9,-8.7,-8.0,0.0,-3.9,-1.2,6.5,4.9,3.7,7.1,-1.4,4.6,9.6,13.7,-16.4,-18.0,12.2,27.5,24.0,10.9,25.1,21.0,13.7,17.7,23.5,10.9,72.7,68.4,17.9,8.1,2.0,4.6,-1.1,4.0,16.5,6.4,1.2,18.2,-0.7,-6.8,3.4,-0.6,9.6,7.1,10.5,8.3,7.4,11.3,1.9,-7.6,-8.8,2.8,-1.2,-4.2,-6.5,0.5,-3.9,-1.5,-4.7,-7.7,-4.3,7.4,2.2,-9.0,-2.3,-3.4,-1.9,-4.4,-4.8,-7.0,-3.9,-0.6,-2.8,-8.0,-2.1,-1.3,1.1,-2.9,0.1,2.1,-0.4
27,MN,452,0.0,-6.2,2.7,4.2,-2.2,4.9,4.7,5.2,-0.6,2.5,-0.1,-1.0,-3.9,9.2,-1.9,S,2.1,-2.0,-0.9,-9.7,-3.0,-4.0,-11.0,-9.5,9.9,-3.3,1.9,84.9,2.8,4.1,4.2,15.2,8.2,9.6,8.9,5.8,1.5,5.4,1.6,5.9,3.8,8.2,5.9,-2.0,10.6,6.9,5.5,4.7,2.2,4.8,2.0,10.0,5.0,7.8,3.9,5.6,4.2,5.5,2.4,11.1,2.6,4.9,2.6,-8.5,-2.3,-8.8,-0.6,4.1,-7.5,-4.4,4.3,-5.1,8.7,2.7,5.7,17.5,4.7,6.8,0.1,11.1,7.8
27,MN,453,-0.5,-1.8,1.5,9.5,-0.5,2.7,8.5,4.1,4.9,5.5,0.9,-0.3,2.2,4.4,-23.5,-58.4,-26.5,-7.1,-6.1,-8.9,-1.5,-6.0,-5.6,6.3,-2.0,-4.9,46.5,160.8,45.4,18.3,16.6,17.8,18.1,18.3,18.2,8.3,11.5,18.3,4.9,5.8,12.5,6.5,1.5,3.9,-5.1,-0.5,-8.2,-5.0,11.8,5.6,-3.4,-3.7,0.7,2.3,-5.4,-2.0,6.2,2.5,9.2,-1.6,-2.8,5.2,7.9,12.1,3.8,0.8,12.2,8.1,7.0,8.8,-2.9,13.0,8.6,3.6,8.5,-0.2,7.5,11.0,13.7,3.8,8.8
27,MN,TOTAL,1.2,-0.7,2.1,4.9,0.9,1.2,4.8,2.8,0.8,0.7,1.4,2.2,2.1,5.7,-11.6,-28.4,-7.7,0.9,0.0,-4.0,3.5,1.5,-4.3,2.2,6.9,2.5,34.4,65.0,22.5,16.1,13.7,14.7,12.9,13.8,19.9,13.8,10.6,14.8,4.9,5.5,7.4,8.9,7.2,8.1,6.6,6.4,3.9,1.5,4.2,1.7,-1.9,-2.2,0.4,-2.1,-2.3,1.6,2.6,0.7,1.7,2.6,-0.3,6.1,1.9,2.5,2.4,-2.1,5.8,3.7,-1.0,3.6,4.9,4.4,6.0,-0.6,4.3,6.7,2.4,4.2,2.6,2.0,4.1
28,MS,441,0.0,-3.1,-0.5,5.0,2.1,-1.8,5.7,4.1,5.9,5.6,6.0,1.6,7.7,12.5,-21.9,-24.5,2.0,16.7,11.4,5.9,19.4,31.4,19.5,37.8,33.6,21.0,104.5,123.0,49.8,39.0,35.5,31.5,26.7,11.0,24.1,15.0,4.1,11.3,-8.1,-9.3,-10.0,-10.0,-9.4,0.6,-2.9,-2.1,-8.8,-13.0,-0.2,-2.5,-3.2,-7.4,5.2,4.3,3.4,1.8,4.3,-1.2,2.2,4.7,9.3,17.0,8.4,15.8,7.7,0.4,12.2,6.6,2.1,14.1,15.2,15.0,3.8,-2.0,11.7,8.3,3.3,7.3,4.1,5.3,8.5
28,MS,442,0.2,0.5,-1.1,2.0,2.1,1.3,2.4,3.1,5.4,0.5,4.2,-1.2,0.7,11.6,-24.8,-54.4,-25.8,-0.4,-2.4,-3.4,4.7,-1.9,-8.2,-3.8,32.6,13.0,75.0,S,70.9,26.2,31.3,28.3,21.7,31.1,34.9,27.6,-5.5,2.6,-0.9,0.2,1.2,3.3,-3.9,3.1,0.1,-1.7,-2.8,-2.0,4.2,-0.9,-5.2,-13.6,-10.3,-10.6,-5.9,-3.8,-7.2,-10.8,-5.2,-9.4,-5.2,3.3,-4.0,3.4,4.7,5.0,6.5,1.3,2.5,11.0,9.0,13.5,7.3,2.6,7.9,7.4,8.0,3.3,7.3,0.0,3.0
28,MS,443,-4.7,-7.9,-8.3,-0.1,0.8,-2.6,11.2,-2.0,1.2,2.2,3.3,0.5,-10.6,-2.4,-7.9,-61.2,-49.1,-10.4,-4.7,5.9,6.0,8.9,-15.6,1.7,20.9,7.8,33.9,220.4,129.2,40.1,18.1,8.2,8.3,12.1,26.9,16.8,7.7,15.8,8.1,5.0,4.3,-1.5,-0.3,13.2,9.2,-5.3,1.1,-4.9,-9.1,-17.1,-24.2,-25.5,-17.1,-17.9,-16.9,-20.7,-24.3,-18.8,-18.8,-8.4,-6.5,11.3,-2.3,6.5,-0.2,1.8,2.0,1.7,-0.8,5.1,5.7,-10.7,-3.2,-10.6,0.8,-2.3,9.5,0.9,3.6,-5.4,3.2
28,MS,444,12.9,2.4,0.3,6.0,-0.8,-3.0,1.5,2.0,1.9,-0.6,-2.7,5.0,-0.9,4.5,3.0,2.7,8.9,19.7,12.6,9.0,17.9,11.4,12.5,16.8,18.9,14.3,37.4,34.8,15.2,12.0,9.6,13.7,11.4,11.5,22.9,19.9,9.9,15.1,3.6,-0.9,7.4,7.9,4.8,13.5,9.6,8.5,1.4,-1.0,1.5,0.6,-6.3,-8.0,0.3,-5.0,-4.9,-2.8,-8.2,-4.2,-2.9,-7.4,-8.3,-2.3,-9.9,2.7,-6.4,-7.8,2.4,-7.4,-1.0,4.9,-3.6,-1.5,0.0,-8.1,0.6,-1.4,-5.0,-1.0,-3.0,-5.2,0.6
28,MS,445,10.1,5.7,1.3,3.8,10.7,9.9,6.1,7.0,7.6,12.0,9.6,6.2,-2.1,4.0,24.2,12.8,10.7,5.7,10.3,1.5,-5.9,-4.0,1.3,4.2,16.4,11.5,-4.7,2.2,-0.1,6.7,6.6,11.8,14.0,24.8,15.5,16.0,7.5,10.8,6.9,13.3,14.0,16.6,14.2,12.3,17.4,3.9,9.8,9.6,-3.5,-0.7,2.6,-5.7,-7.3,-9.1,-9.4,-5.5,-0.6,-1.7,-5.9,-5.0,1.9,-6.3,-5.3,-5.0,-2.5,-4.6,-4.4,-3.8,-9.9,-0.7,0.4,-10.1,-0.4,-1.0,-1.8,3.8,1.3,9.4,12.6,2.5,0.7
28,MS,446,-3.2,-4.6,-12.2,-5.4,1.7,3.3,7.0,-0.7,-14.2,-25.5,2.3,14.2,4.2,7.2,15.9,-6.9,-16.3,-2.8,-2.1,-0.4,25.2,S,-3.4,1.2,-8.2,-9.8,-4.0,9.8,5.6,1.6,-3.3,1.4,-2.4,-4.8,1.1,-0.3,9.9,10.7,1.8,2.1,6.9,3.5,2.4,5.6,5.6,6.5,6.6,2.6,16.8,17.6,18.4,15.9,20.8,18.3,16.6,19.0,18.2,24.7,19.8,19.3,4.1,3.5,-1.9,2.8,-1.0,-2.7,8.0,1.0,4.3,4.2,0.3,3.8,5.2,4.6,8.1,9.5,6.7,12.2,10.2,5.6,6.7
28,MS,447,-4.3,-3.6,-1.8,6.6,1.0,-5.8,0.5,-4.2,-1.8,-6.1,-2.7,6.3,11.2,7.8,-18.2,-38.5,-30.3,-16.8,-14.4,-14.8,-13.0,-13.9,-16.6,-11.1,0.8,2.5,41.9,73.1,70.0,44.9,42.4,43.6,45.1,51.9,60.9,50.1,21.7,31.6,36.5,38.9,34.2,43.7,35.5,25.5,21.4,16.0,12.5,-0.5,3.4,-6.2,-17.8,-18.6,-23.8,-26.7,-24.7,-12.0,-10.8,-13.0,-16.6,-10.1,-8.6,-1.6,-3.5,0.1,0.1,-3.2,-1.5,-9.0,-13.5,-9.1,-6.6,-4.6,0.6,-6.2,-7.1,-8.1,-7.4,-3.8,-2.7,-2.4,2.6
28,MS,448,8.6,-4.1,1.2,9.6,0.7,3.6,-1.0,10.8,7.8,1.9,0.5,4.0,-1.4,-3.0,-45.4,S,S,S,-16.2,-5.3,8.3,-0.6,-3.6,-3.8,9.9,-13.4,113.2,205.0,44.1,18.9,35.3,8.9,9.2,20.0,27.2,13.9,1.0,19.2,-6.6,-8.5,-7.9,-11.2,-4.7,3.3,-0.1,-0.3,-3.8,2.9,14.1,13.5,5.0,5.4,8.3,6.9,8.5,13.3,11.7,8.8,13.5,7.6,-4.9,7.4,-1.9,-4.1,0.3,4.3,1.3,-4.8,-5.7,-0.1,-0.9,0.6,8.4,-3.5,2.2,6.7,4.7,-4.4,6.9,4.0,-6.2
28,MS,451,-2.3,-7.8,-10.3,0.8,-4.8,-2.2,4.1,4.5,6.5,9.2,0.7,3.6,11.9,5.0,-11.8,S,S,32.3,14.7,19.0,24.3,10.7,5.6,10.7,6.6,-4.0,S,S,S,-7.9,3.3,-0.2,-1.9,5.7,18.9,4.3,-4.8,11.9,-12.3,-1.3,-5.6,-3.7,-4.7,-3.2,-0.8,-4.5,-7.3,-4.2,6.9,6.4,5.2,-3.8,6.6,3.0,4.9,5.1,3.3,1.7,1.6,-2.3,-6.8,-2.1,-8.9,-10.8,-8.5,-10.0,-9.3,-11.0,-11.0,-6.8,-6.5,-2.5,0.3,-5.0,-0.2,4.1,3.1,-1.3,5.6,7.4,3.6
28,MS,452,7.0,-2.5,-2.1,10.3,2.5,3.3,1.1,5.6,4.0,2.8,0.7,0.3,10.7,18.3,23.7,-29.5,S,S,S,S,34.9,30.8,22.4,20.7,19.5,-6.6,-0.1,75.1,S,-22.2,-12.0,S,-10.6,-6.2,-0.7,-0.1,-9.0,6.9,-7.7,3.1,4.2,7.0,4.9,21.3,3.9,2.9,2.3,-1.0,1.3,3.7,-6.6,-12.3,-9.3,-6.4,-7.9,-2.0,-4.4,-10.9,-15.6,-9.2,-6.1,5.3,18.9,-1.3,3.9,3.9,1.1,0.5,0.5,2.4,1.6,2.2,7.9,-1.3,-4.3,21.8,8.1,8.3,6.4,3.5,-0.1
28,MS,453,-1.0,0.8,-2.6,5.6,0.8,2.4,8.2,3.8,7.8,6.3,3.7,5.4,8.2,7.6,-7.7,-32.8,-21.4,-1.5,4.1,-3.1,1.5,-1.8,3.8,12.8,2.3,1.6,46.6,94.9,39.9,41.7,29.4,37.6,38.4,33.4,39.2,24.6,30.3,38.9,17.0,18.9,28.3,10.4,3.7,7.0,2.1,1.5,-6.5,-2.8,-8.8,-19.4,-16.9,-21.6,-13.2,-16.0,-12.2,-15.2,-11.4,-8.5,-11.1,-10.5,2.9,12.5,7.1,20.9,8.2,10.3,12.0,12.3,11.4,18.0,7.9,14.0,7.9,10.8,13.9,-0.8,15.5,13.2,14.9,-2.6,6.2
28,MS,TOTAL,2.8,-1.8,-2.2,5.5,2.3,0.3,3.0,2.5,1.9,-0.5,1.8,4.0,6.0,9.7,-0.7,-22.3,6.0,12.8,8.7,7.0,12.1,13.1,6.5,11.5,14.3,3.8,29.9,63.6,14.9,11.5,13.6,9.5,13.4,13.8,19.6,14.5,5.6,15.0,3.8,6.8,8.4,10.2,7.9,12.8,7.8,5.1,2.4,-1.7,2.2,0.1,-5.6,-9.5,-6.4,-8.0,-7.8,-2.6,-2.4,-4.6,-6.5,-3.4,-1.8,4.2,2.9,3.2,1.4,-1.0,3.1,-1.5,-3.1,2.7,1.8,1.9,3.6,-2.2,1.4,5.9,2.0,4.6,4.4,1.7,3.1
29,MO,441,-5.6,1.2,3.0,4.8,-1.0,-3.4,2.8,7.9,4.5,4.4,6.5,2.3,-1.6,2.6,-29.2,-33.7,-9.5,2.0,-0.3,-5.4,9.8,3.9,-1.7,8.0,12.2,4.3,74.4,92.9,29.5,19.3,13.1,10.2,7.3,9.4,17.2,8.9,18.3,22.8,3.1,2.1,-0.4,2.8,1.9,12.6,8.2,8.7,8.4,-0.1,0.3,2.7,-4.0,-5.8,10.0,2.6,3.5,6.2,4.0,0.4,2.1,3.4,8.0,9.9,7.6,11.3,3.1,-0.2,10.5,4.0,2.1,12.8,9.9,15.6,5.0,-1.2,12.2,10.1,3.6,6.3,5.8,3.8,9.3
29,MO,442,1.2,-0.5,-2.0,2.9,1.2,-1.2,0.8,-0.8,2.6,1.2,0.4,-1.8,1.0,7.4,-26.8,-58.8,-29.2,-3.9,-2.0,-3.1,0.0,-0.1,-7.2,-24.8,14.4,3.7,64.5,S,60.9,21.7,17.0,15.8,15.8,17.2,23.7,S,-2.6,5.5,0.9,2.8,2.4,1.9,-1.5,4.3,1.8,0.6,-1.2,-1.5,7.7,1.3,-4.4,-13.5,-10.5,-8.5,-9.0,-7.7,-9.7,-11.5,-6.3,-8.0,-9.4,-4.2,-10.0,-1.3,2.8,-3.6,3.8,-1.4,-0.5,4.2,1.1,6.9,3.1,-0.8,4.1,5.2,3.1,4.8,7.8,1.2,-0.6
29,MO,443,-4.5,-7.6,-6.9,-2.0,-2.4,-2.8,7.7,-1.0,0.4,0.7,1.0,0.6,0.3,3.1,-11.9,-52.8,-44.0,-12.8,-7.7,-2.7,-1.9,2.8,-11.4,-7.3,7.6,2.2,39.2,164.8,110.1,42.9,23.3,18.5,19.7,19.7,20.3,22.0,0.9,6.4,1.3,1.9,0.1,-7.2,-6.9,1.4,-1.0,-8.7,-6.5,-12.0,13.9,10.7,1.2,-4.1,4.0,7.7,4.1,1.3,3.5,9.4,12.8,12.8,-0.7,6.2,-4.4,5.4,9.9,-1.5,6.8,2.8,-2.2,0.0,0.3,-0.2,-1.2,-4.5,4.1,-0.8,-3.2,2.0,4.8,-1.4,7.4
29,MO,444,6.1,2.0,-1.3,8.0,-9.2,-3.1,3.7,7.4,7.7,-0.1,7.2,9.9,9.3,14.3,12.2,8.9,20.0,27.9,15.3,17.9,31.8,26.8,21.5,25.7,20.2,18.4,42.0,29.9,14.6,13.3,13.8,14.8,11.2,11.4,19.9,17.9,8.3,11.4,-0.6,-4.3,6.3,3.5,4.0,12.7,9.3,7.1,0.9,-2.2,0.1,-3.2,-11.2,-9.7,-5.7,-10.7,-13.1,-16.0,-10.4,-5.8,-6.2,-9.0,-6.3,0.2,-5.7,2.6,-3.3,-3.3,11.2,8.7,-0.3,5.3,1.1,4.6,2.7,-4.3,7.6,6.0,1.5,3.4,-0.2,-4.3,2.6
29,MO,445,8.2,4.4,3.3,8.6,6.3,6.3,8.4,8.3,4.2,3.4,1.2,0.7,0.5,6.0,25.2,13.1,13.5,8.2,8.3,5.2,9.2,8.4,6.2,9.5,9.4,6.0,-12.4,-2.6,-3.3,2.9,3.5,4.3,5.7,6.5,6.5,6.5,5.0,7.3,6.7,7.9,5.8,7.9,6.2,5.9,5.8,7.2,8.0,7.0,0.9,0.8,1.5,-1.5,0.1,-1.9,-1.5,-0.2,-0.3,-3.6,-0.4,-2.3,1.6,2.4,3.2,0.6,3.6,0.8,1.8,2.4,0.2,3.5,1.6,-0.1,6.9,1.7,0.4,4.4,2.4,2.8,3.9,3.2,2.6
29,MO,446,11.0,10.2,3.9,7.6,3.9,1.5,5.5,1.7,4.7,3.7,-2.1,4.3,-4.2,-1.9,1.6,-14.5,-15.6,-1.0,-0.4,-5.3,1.4,-4.1,-2.9,0.2,3.6,0.5,9.3,25.3,19.9,15.0,8.4,13.8,9.6,6.8,13.1,10.8,8.3,7.8,0.0,0.5,3.8,1.4,0.2,3.7,4.0,5.0,3.7,-1.4,3.4,5.1,4.8,3.0,8.7,4.6,3.4,5.4,3.3,9.8,7.7,6.6,6.6,8.3,1.0,6.2,3.7,0.4,12.5,6.5,8.6,6.3,3.8,8.1,4.7,3.3,8.0,8.6,7.0,10.6,6.1,3.8,9.2
29,MO,447,-8.2,-4.5,-0.3,1.7,-5.3,-1.1,5.5,-2.7,-5.8,-7.2,-2.3,7.6,11.1,4.2,-19.2,-37.3,-28.3,-19.5,-15.7,-16.1,-10.8,-12.3,-16.1,-8.9,-6.9,-4.4,42.3,77.3,63.9,37.8,35.7,32.6,37.7,42.8,52.1,38.9,28.2,30.4,28.2,33.3,30.9,43.8,33.6,22.7,19.7,16.9,6.7,-1.4,3.5,0.0,-13.0,-18.6,-17.8,-23.7,-20.5,-5.0,-3.2,-7.3,-7.8,-5.0,-3.4,6.1,3.9,10.4,4.9,6.0,9.6,0.4,-7.9,-2.3,4.6,9.6,8.4,-1.1,-4.0,-5.6,-4.4,-3.4,-2.3,-1.8,1.3
29,MO,448,-2.3,-5.0,1.0,6.5,-3.0,0.3,0.6,4.8,-3.1,3.3,-0.2,4.8,1.0,0.8,-48.9,-89.3,S,-5.8,-18.4,-12.4,-0.2,-12.7,-19.8,-8.5,1.3,-19.7,113.6,877.4,36.0,21.0,24.9,18.7,12.6,21.2,37.4,18.8,9.7,22.2,-2.9,6.8,1.2,-1.4,0.7,4.7,8.0,3.2,0.9,0.6,12.9,19.8,4.9,2.7,5.7,5.4,8.4,7.5,2.1,3.6,5.6,8.9,-7.0,8.7,1.3,-3.8,3.1,-0.1,3.7,-0.9,-0.8,3.2,1.2,0.3,8.1,-5.6,3.4,7.5,5.4,3.2,8.2,7.4,6.3
29,MO,451,3.3,-3.5,-14.5,-1.1,-5.1,-2.8,5.4,2.3,4.6,-2.6,0.4,2.3,-8.2,-0.7,-20.4,-16.8,26.0,24.3,16.7,3.1,13.0,14.7,8.0,10.2,S,S,S,S,S,S,S,S,S,S,S,S,-7.7,2.8,-13.0,2.4,-2.9,-3.7,-5.8,-1.7,-1.7,-7.5,-10.1,-9.7,-4.7,19.3,-0.3,-7.5,2.8,0.9,0.5,-5.9,-5.6,-5.7,-6.1,-7.2,9.5,-0.8,-2.6,-6.9,-3.7,-6.6,-4.4,-5.1,-3.2,4.9,3.4,6.2,-8.0,-16.3,-0.6,-0.5,-1.2,-3.7,4.2,6.3,5.6
29,MO,452,-2.0,-2.7,-2.2,5.9,-4.4,1.9,2.5,3.4,-1.2,5.4,-1.2,-1.1,7.0,11.4,11.3,S,S,22.4,8.8,12.8,13.9,7.3,5.6,5.6,15.8,-5.0,8.4,79.5,-16.9,-10.5,-1.4,0.9,2.0,6.1,6.2,5.3,-2.5,5.6,-4.8,6.6,8.1,9.5,8.1,9.6,8.2,6.8,5.8,3.3,5.7,10.6,1.9,3.1,0.0,4.4,1.2,2.5,2.9,0.3,-3.9,3.1,0.0,7.5,10.6,-3.8,2.9,-1.2,6.1,1.2,-0.1,0.7,5.5,2.1,6.2,-0.9,0.2,9.0,5.2,5.7,4.0,6.8,3.5
29,MO,453,-2.6,-2.0,-2.9,6.3,2.8,3.1,7.7,7.0,4.5,2.6,0.0,1.9,9.0,1.1,-13.0,-27.7,-15.9,1.4,1.4,-3.7,6.4,3.3,1.3,10.7,2.5,4.9,42.2,70.3,32.0,15.4,13.5,18.4,16.3,15.4,26.5,13.9,22.8,27.3,13.9,14.5,15.5,17.9,15.9,13.0,9.6,8.1,2.8,3.3,11.2,7.1,5.8,4.6,10.7,8.9,8.1,5.3,11.3,11.3,14.1,12.3,13.6,20.6,15.6,21.5,17.8,16.3,19.1,23.4,18.8,23.2,12.1,22.0,11.8,7.1,13.6,4.8,12.5,16.3,15.1,7.0,12.8
29,MO,TOTAL,-0.9,0.1,0.5,5.3,-2.2,-0.4,4.2,4.1,1.5,1.4,1.5,3.0,3.2,5.2,-8.4,-25.2,-1.1,4.3,0.5,-1.1,7.2,3.1,-0.5,4.3,7.8,1.1,32.6,59.1,17.2,12.8,12.6,12.1,11.6,14.1,19.4,13.8,11.5,16.1,5.4,8.0,8.7,11.4,9.3,11.7,9.5,8.5,5.2,0.5,2.8,3.5,-4.0,-6.2,-1.3,-5.0,-4.7,-0.3,-0.1,-1.6,-1.3,0.4,1.5,6.6,4.3,5.4,3.1,0.8,8.5,3.3,0.0,5.1,5.2,7.4,5.8,-0.9,4.6,5.2,2.4,4.0,3.5,2.5,5.3
30,MT,441,-0.7,0.5,1.3,4.0,2.2,-0.3,5.6,7.4,4.8,4.5,4.7,2.0,7.9,9.1,-24.1,-28.5,1.9,14.5,9.0,3.0,15.6,12.7,6.0,16.7,14.7,9.6,79.8,100.0,29.5,18.7,16.7,12.9,11.8,12.9,20.3,15.0,13.9,17.9,0.1,-1.6,-5.1,-1.5,-3.1,7.8,4.1,1.4,-1.1,-5.3,0.7,-1.8,-1.9,-4.7,8.9,5.9,5.9,4.1,5.5,2.3,4.1,5.0,2.8,8.6,0.8,6.0,1.8,-5.9,5.7,1.8,-3.1,8.2,10.3,9.5,2.3,-1.5,9.9,8.0,1.3,6.2,4.7,3.3,6.9
30,MT,442,1.0,-2.3,-10.3,4.9,-3.6,-3.0,1.7,-3.6,2.8,-0.8,-2.0,-5.5,8.9,2.9,-1.2,S,-19.4,7.1,5.6,14.4,14.1,12.1,9.7,28.5,16.8,24.0,48.4,S,62.1,22.9,18.2,12.5,14.6,18.0,23.2,1.6,-8.4,-5.3,-7.9,-1.0,-1.9,-3.1,-8.1,-1.0,-4.9,-9.3,-8.3,-5.7,15.3,14.4,15.2,-18.0,-11.5,10.4,-7.5,-5.1,7.4,10.4,10.9,7.5,-15.9,-14.6,-20.6,6.1,3.5,-18.4,8.8,-5.2,-18.5,-14.2,-18.7,-14.2,1.0,0.5,4.3,1.3,3.3,9.4,9.3,6.3,13.3
30,MT,443,17.4,4.4,4.1,2.2,0.2,-2.3,12.4,-0.1,4.5,5.1,8.8,5.0,-5.8,-3.8,-7.5,-38.2,-28.3,-0.3,2.5,10.3,8.5,8.7,-12.1,0.2,S,S,44.8,127.1,77.3,40.9,23.3,15.2,14.4,19.3,25.8,14.4,-10.2,-3.9,-2.9,-4.3,-3.3,-8.1,-10.7,-4.4,1.3,-11.0,-7.2,-11.5,-3.4,-6.5,-14.3,-19.9,-11.0,-8.2,-13.2,-7.8,-14.3,-7.7,-10.0,-4.6,1.3,10.8,-2.7,12.0,4.3,0.3,12.9,4.6,-1.2,1.3,-4.5,-9.8,-5.4,-10.3,-1.3,-0.9,5.4,0.6,7.3,2.6,11.3
30,MT,444,10.4,1.9,-0.2,8.1,-1.9,-1.8,2.5,2.0,2.8,2.0,-0.3,4.1,0.3,8.7,9.0,6.3,14.3,23.6,15.7,12.4,21.3,13.3,15.2,21.7,21.5,17.2,36.0,34.2,16.2,13.2,11.3,13.5,10.2,10.8,20.0,17.8,S,S,S,S,20.4,S,S,S,S,S,S,S,1.1,0.6,-7.2,-7.1,-1.0,-4.2,-4.4,-3.1,-6.0,-2.5,-0.4,-4.4,-1.4,1.9,-4.8,6.2,-1.3,-3.3,6.6,-2.0,2.2,7.2,-0.8,2.1,0.7,-8.5,0.9,-2.0,-5.0,-1.0,-1.5,-5.4,-1.3
30,MT,445,2.8,-0.4,1.7,2.8,3.5,2.5,6.6,5.0,1.0,7.2,7.9,3.9,6.8,10.4,32.2,22.5,27.5,19.1,18.8,16.2,21.7,17.5,13.7,16.7,16.4,10.7,-9.5,1.6,-2.5,4.3,4.7,2.5,7.2,5.5,7.0,11.6,8.3,11.5,12.9,13.5,10.7,12.2,11.1,14.0,10.6,11.3,13.2,10.8,7.1,8.6,5.8,4.9,5.9,4.7,3.5,5.9,6.0,4.3,2.7,3.2,3.1,6.2,5.3,1.7,4.5,3.0,4.1,3.5,1.9,4.1,6.3,2.5,5.5,0.7,2.3,5.0,2.5,1.7,2.4,3.6,2.3
30,MT,446,7.9,9.5,1.8,3.9,1.4,-3.0,4.9,2.9,3.0,3.3,-1.6,4.3,8.5,8.0,9.7,-7.1,-8.0,7.8,6.8,0.9,9.7,4.5,2.8,7.9,5.1,3.4,14.1,31.4,25.1,20.4,11.9,17.2,12.0,9.9,17.0,14.8,5.5,6.0,-1.6,-1.4,3.5,0.7,-0.9,2.8,2.4,2.9,2.7,-1.9,17.0,16.6,16.6,15.4,19.1,16.6,15.1,15.9,16.7,22.5,18.2,18.7,13.4,13.0,8.2,12.9,9.7,6.7,18.4,12.4,14.6,14.7,11.1,14.8,6.8,6.0,9.1,10.9,8.5,12.8,11.6,6.9,11.1
30,MT,447,-9.0,-10.2,-2.1,1.5,-1.4,-5.1,3.1,-4.0,-4.0,-6.8,-2.3,5.7,1.6,-0.5,-20.6,-41.1,-34.8,-21.6,-18.2,-22.5,-19.3,-21.3,-25.8,-18.7,-14.3,-9.8,21.8,60.3,14.2,26.6,23.8,30.3,33.0,37.6,47.0,36.0,32.6,36.7,36.9,32.1,75.4,43.8,36.4,27.6,14.7,14.9,10.4,1.4,3.6,-1.2,-11.3,-11.8,-21.5,-20.7,-18.9,-6.3,0.4,-4.4,-5.1,-5.4,-9.3,-2.9,-6.2,0.5,2.5,-5.6,-1.9,-8.9,-14.5,-7.6,-12.4,-2.7,1.7,-3.5,-3.3,-4.9,-3.2,-0.6,-1.5,-1.5,5.3
30,MT,448,4.3,-3.3,3.3,6.2,2.7,3.9,2.0,2.8,0.4,6.2,3.7,11.1,-4.3,5.2,-50.0,-81.1,S,-9.1,-17.7,-16.1,-3.8,8.8,0.6,9.3,S,S,S,S,S,79.6,S,46.5,S,45.8,63.3,38.4,11.8,25.5,3.3,8.5,0.0,-2.5,-5.1,-1.2,2.0,-1.4,-5.5,-3.1,21.0,11.6,3.6,1.8,4.7,1.2,4.6,7.0,-4.7,-8.5,-1.6,2.9,-19.4,-12.4,-17.1,-21.2,-17.7,-15.3,-9.0,-3.3,-7.1,-3.4,-7.0,-8.5,6.3,-3.1,5.7,6.1,5.8,4.9,6.3,7.1,7.1
30,MT,451,-7.4,-6.1,-8.4,0.3,-3.9,0.8,5.5,5.7,9.0,13.7,1.1,9.5,13.9,17.8,-2.1,S,S,46.7,37.5,17.7,28.0,20.2,18.0,28.6,33.4,18.9,77.8,S,S,17.2,6.7,11.7,9.0,12.8,25.6,10.4,-7.8,11.9,-7.3,-13.0,-5.9,-6.2,2.1,2.8,1.4,0.8,-2.7,4.4,7.0,-4.8,-5.9,2.7,2.6,-3.6,-3.3,3.0,-1.4,2.1,2.2,-8.3,-3.0,4.2,-2.5,-10.6,-6.4,-5.5,-4.6,-5.5,-5.2,-7.1,-4.1,-0.5,-4.1,-7.6,-1.9,-0.3,2.1,-3.9,1.6,0.8,-1.6
30,MT,452,5.6,-2.8,2.2,4.9,2.2,3.4,5.4,4.4,0.8,3.7,0.4,1.5,-4.0,8.4,-7.1,S,S,-13.3,-13.4,-19.7,-16.5,-12.2,-21.2,-15.1,3.9,-4.7,8.2,125.5,43.4,21.4,19.9,S,18.7,18.4,18.8,11.6,22.0,27.7,18.2,17.3,12.6,17.8,19.7,11.0,25.3,18.4,20.9,14.6,-2.1,-2.4,-1.1,4.5,5.9,0.7,0.0,-2.6,0.0,2.3,7.0,11.2,-6.3,-0.6,-1.3,-8.8,-4.4,-3.4,0.0,6.3,-3.8,-1.0,3.0,-6.7,13.6,2.5,6.7,4.7,4.5,-1.0,-2.8,-3.3,0.2
30,MT,453,-4.4,1.7,6.4,8.4,3.2,2.5,8.5,8.2,6.9,3.1,9.7,10.7,10.8,31.9,0.4,-27.3,-17.4,-2.3,4.5,-1.1,7.3,4.0,-3.3,5.9,15.0,12.4,54.3,S,51.2,43.9,33.1,34.7,35.0,27.5,33.3,21.4,22.9,32.6,17.1,19.7,29.2,21.3,15.9,19.2,13.2,15.7,8.7,8.8,26.0,8.4,3.5,6.3,6.1,8.2,5.0,0.7,8.2,11.8,16.8,15.1,8.5,11.0,7.7,16.7,13.2,8.9,13.1,15.7,10.7,11.9,-1.0,8.1,9.2,6.9,15.7,-0.7,9.2,14.8,15.6,4.4,11.5
30,MT,TOTAL,0.6,-2.1,0.3,4.0,0.8,-0.5,4.8,3.2,1.7,2.2,2.1,3.8,3.6,7.9,-7.4,-24.4,-6.1,4.4,2.4,-2.7,4.6,2.6,-2.5,5.2,9.6,5.8,34.7,65.9,24.5,19.6,16.9,18.3,16.5,17.2,23.4,17.3,15.8,21.2,11.4,9.6,14.4,12.8,11.4,13.7,11.6,9.7,7.4,3.5,4.0,1.4,-2.2,-2.8,0.3,-1.6,-2.1,0.4,2.1,1.6,2.9,3.0,-1.5,3.3,-1.3,1.7,0.8,-3.3,3.6,0.9,-3.0,2.6,1.3,1.5,4.4,-1.4,4.8,2.9,1.2,2.8,2.3,0.7,4.2
31,NE,441,12.7,14.2,15.6,4.5,1.9,-0.1,6.5,6.4,4.5,4.3,6.9,1.9,6.0,8.2,-26.0,-31.1,-14.7,-4.7,-9.6,-14.0,-1.7,-4.3,-13.8,-2.8,5.6,-7.0,57.8,76.9,31.6,20.9,17.8,15.6,12.2,14.7,26.4,16.9,6.6,16.4,7.8,8.4,4.8,9.0,8.1,19.5,14.8,13.5,8.0,7.0,8.3,7.6,-3.8,-8.8,3.0,-0.4,-13.1,-15.7,-12.7,-17.3,-14.6,-14.5,6.4,14.6,5.1,11.4,7.6,-0.6,27.8,24.9,17.6,30.9,32.5,30.9,2.4,-2.9,10.5,8.0,2.0,5.3,6.2,3.3,8.1
31,NE,442,1.7,2.2,-1.5,8.1,2.8,2.5,7.9,4.2,6.6,4.7,5.0,-2.2,9.6,10.3,-12.3,-63.2,-41.0,-0.4,-1.7,6.2,16.0,9.0,3.2,14.0,21.7,18.7,62.2,277.1,125.6,32.8,32.4,23.5,13.1,22.2,25.6,8.2,-3.2,5.2,-1.0,3.7,2.7,2.7,-1.5,-0.2,0.3,-2.4,-2.2,0.7,12.9,1.2,-0.5,-14.2,-8.1,3.2,-11.6,-6.4,-5.8,-7.7,1.7,-0.9,-9.9,5.4,0.8,7.2,6.4,-1.8,17.7,16.0,10.8,16.3,16.0,17.0,11.1,9.4,10.3,13.3,12.8,1.0,2.5,-5.5,-2.1
31,NE,443,-2.0,-6.0,-6.1,-5.8,-4.8,-7.7,-10.1,-4.3,-2.2,-4.2,-6.3,-5.3,3.4,3.2,-25.2,-55.0,-44.0,-24.6,-11.1,-18.3,-18.9,-11.1,-11.5,-19.3,-2.6,-5.4,57.4,S,102.1,58.3,37.2,32.5,38.3,33.5,14.0,24.4,10.8,19.9,8.0,9.3,8.2,2.2,4.1,9.8,8.8,0.5,3.2,2.1,S,S,S,S,S,8.8,S,S,S,S,S,S,1.9,26.8,4.7,18.5,3.3,5.7,15.1,8.0,5.8,14.4,S,24.7,-4.0,-10.8,0.9,-0.3,S,-3.9,-7.0,-5.1,2.2
31,NE,444,12.3,3.0,-0.9,5.6,-4.3,-3.1,1.7,-2.5,2.1,0.4,0.5,3.4,5.7,14.9,13.7,13.2,18.3,27.4,18.7,16.2,25.7,19.1,19.8,26.7,16.6,16.4,37.2,26.2,12.7,11.2,9.4,11.6,7.6,7.2,16.2,12.8,15.4,20.0,9.1,4.1,11.8,11.8,10.9,20.2,14.9,14.0,8.8,4.4,1.5,-0.3,-8.4,-8.1,-3.1,-8.4,-10.0,-11.9,-6.8,-1.5,-2.9,-5.2,-6.1,-2.7,-7.2,2.5,-2.8,-3.8,9.5,0.0,-1.4,2.9,-5.6,-4.3,-2.8,-8.5,2.9,3.1,-0.5,3.6,0.1,0.0,0.7
31,NE,445,5.5,0.2,3.5,1.1,2.6,3.3,5.4,5.3,2.7,1.9,3.2,2.3,-2.8,2.4,16.3,8.0,7.8,2.7,2.2,-0.1,5.0,8.1,-11.7,4.1,12.0,9.7,-4.4,5.6,3.2,8.3,9.8,11.9,10.7,10.2,28.2,13.4,5.8,9.2,9.0,9.4,7.9,10.7,9.0,7.4,5.0,9.5,10.8,10.2,2.2,1.1,0.0,-1.0,-0.3,-2.7,-2.9,-1.6,1.4,-4.0,-2.0,-4.5,-1.4,1.2,1.0,-4.3,0.3,-1.4,-0.5,-0.6,-3.1,-6.1,0.6,-2.9,5.4,-0.4,-0.6,4.9,1.7,0.3,1.3,0.6,-0.1
31,NE,446,10.9,10.6,2.8,6.2,3.2,0.2,5.8,1.7,4.4,3.8,-2.6,4.2,-4.8,-3.6,-0.8,-16.3,-18.0,-3.3,-2.6,-8.2,-1.3,-6.6,-5.2,-2.4,9.5,7.1,17.4,34.5,28.8,23.3,15.4,21.3,17.5,14.0,21.2,19.9,0.9,0.9,-6.6,-5.8,-2.9,-5.1,-6.5,-2.9,-3.8,-2.3,-3.4,-8.4,13.9,12.9,12.6,11.2,17.6,12.6,12.3,14.1,12.2,19.9,16.7,15.6,-4.3,-0.9,-7.0,-2.8,-5.7,-8.0,2.4,-3.7,-1.7,-3.7,-5.5,-1.3,4.7,2.5,7.3,8.1,6.8,10.3,6.5,3.5,9.1
31,NE,447,3.6,-0.1,8.2,2.5,-2.1,-4.3,4.1,-6.2,-6.8,-6.8,-4.1,7.2,3.8,-2.2,-19.2,-38.0,-31.7,-19.3,-16.6,-20.3,-18.1,-20.2,-24.6,-18.6,-12.1,-6.4,22.5,57.5,37.7,30.0,26.7,33.4,35.9,42.3,51.3,43.2,30.6,31.9,37.5,35.7,50.3,45.3,37.9,26.1,15.5,14.5,10.4,-1.2,0.4,-3.1,-15.2,-19.3,-23.3,-26.3,-24.6,-9.7,-4.4,-7.4,-10.3,-7.9,-10.4,-0.4,-1.9,6.9,5.0,2.7,4.9,-2.6,-7.4,-4.2,2.3,7.0,13.5,2.3,1.5,1.0,-0.4,1.5,3.3,2.6,13.0
31,NE,448,0.0,-6.8,-1.0,5.7,-2.4,0.1,-0.6,3.1,-2.0,3.4,1.5,4.0,2.8,12.9,-49.7,-67.1,S,-12.2,-17.7,-14.6,-4.9,-12.4,-18.5,-7.4,-2.8,-14.8,123.4,228.9,57.5,31.9,38.3,22.7,21.8,27.0,37.9,23.9,13.8,28.1,2.5,9.8,1.7,0.3,-2.1,-0.2,4.0,0.6,-0.4,0.9,8.6,5.3,0.1,-0.8,4.1,3.9,4.2,9.0,2.2,2.5,3.5,5.7,-7.1,4.4,-1.9,-6.3,-1.3,-3.4,-0.7,-1.6,-3.2,0.3,-1.1,-4.0,9.2,-6.8,5.3,7.0,5.6,3.1,6.6,6.9,5.7
31,NE,451,-2.3,-4.6,-7.3,2.1,-2.0,3.4,8.4,9.4,18.5,5.1,-1.7,5.9,0.5,7.0,-20.6,S,7.1,16.3,12.1,5.0,12.5,7.9,-1.9,5.7,20.2,S,S,S,S,S,-15.1,-13.7,-18.1,S,S,-11.7,-26.2,6.6,-12.3,-8.4,-4.8,-7.0,-4.8,-3.4,-3.1,-5.9,-2.5,-3.8,-18.2,-14.3,-18.4,-18.2,-16.4,-18.0,-21.3,-19.9,-21.0,-19.5,-23.4,-21.0,13.9,16.7,6.2,0.6,6.9,2.9,11.2,6.6,5.9,8.4,15.8,8.7,-0.3,-12.1,-0.3,1.6,1.2,-5.5,4.7,2.8,1.5
31,NE,452,1.0,-2.8,0.9,8.6,-0.8,6.5,6.7,7.8,0.5,9.3,-0.4,1.0,-5.2,4.0,-1.4,S,12.0,5.8,0.8,-2.8,-3.2,-6.7,-7.7,-6.9,5.7,-8.9,-0.1,84.0,-15.0,-12.6,-6.9,-7.1,-0.7,3.5,2.6,0.4,5.2,12.1,0.0,10.0,10.5,10.9,10.7,14.1,10.6,8.3,8.7,5.5,3.5,4.6,2.8,3.4,0.5,3.6,-1.0,2.0,1.2,0.0,-4.2,3.1,2.6,12.9,10.9,-0.8,5.1,1.4,9.0,6.4,1.9,3.7,9.5,1.5,12.7,-2.9,1.7,4.8,6.7,3.2,1.7,-0.8,-2.6
31,NE,453,-3.8,-9.4,-3.0,13.8,1.0,1.5,7.8,4.5,4.4,5.3,15.3,6.6,-0.7,1.4,-17.8,-33.4,-15.2,-0.3,-3.7,-8.1,-2.3,-7.7,-15.1,-5.7,12.6,12.3,49.8,78.1,34.6,26.4,26.7,29.2,29.7,27.4,36.5,23.7,14.6,29.3,7.9,9.7,7.2,5.1,2.4,3.9,-2.3,-1.8,-6.8,-9.1,12.6,0.7,3.9,1.0,10.5,8.0,6.3,3.6,10.2,5.7,12.7,11.7,0.8,5.6,9.3,10.3,10.0,8.3,12.1,12.6,11.3,14.4,2.8,9.4,15.7,15.3,21.5,7.3,12.3,12.2,13.6,7.4,12.6
31,NE,TOTAL,6.1,3.0,5.3,4.5,-0.3,0.1,4.8,2.4,1.1,1.9,1.2,2.8,1.5,4.6,-10.7,-26.9,-9.1,-1.3,-4.0,-7.3,-1.0,-3.7,-10.0,-2.7,5.0,-1.2,27.7,55.3,18.9,14.2,13.5,14.0,13.7,16.2,24.0,16.1,9.8,16.8,9.9,11.3,13.7,14.3,12.3,14.6,10.2,9.5,6.9,3.2,4.9,2.7,-4.3,-7.2,-4.0,-6.2,-10.0,-6.5,-4.0,-5.5,-5.9,-4.6,-1.4,6.5,1.6,4.2,3.3,-0.4,10.9,6.6,2.8,6.8,9.4,8.1,6.1,-1.7,5.0,5.1,2.9,3.3,3.5,1.6,5.1
32,NV,441,-1.4,-2.0,-1.2,1.6,1.9,1.9,4.2,5.6,4.6,2.7,3.6,1.8,6.2,8.1,-26.8,-33.8,-5.2,5.7,5.2,-1.2,11.2,9.3,0.5,8.7,11.3,7.1,81.8,112.3,34.5,21.7,16.1,11.5,9.9,9.3,17.6,12.8,11.8,15.6,-1.2,-2.3,-4.8,0.6,-2.9,8.8,4.9,5.5,1.6,1.2,10.0,8.4,6.7,3.3,12.6,9.7,11.7,8.9,11.2,7.0,11.0,10.0,4.3,7.9,1.3,6.3,5.9,-4.8,8.4,6.9,1.1,11.9,13.7,21.9,13.1,6.9,19.4,15.5,9.5,13.9,11.0,8.9,12.7
32,NV,442,1.9,1.0,0.9,5.0,5.1,0.3,3.0,2.9,4.6,3.7,3.6,0.9,10.8,15.7,-15.7,-60.0,-34.5,-0.2,1.5,4.9,11.0,9.9,1.2,6.9,8.7,3.1,50.1,S,81.8,22.9,19.0,11.0,7.5,9.7,16.2,6.7,1.9,8.7,5.0,6.8,5.8,5.7,1.6,6.6,5.3,3.9,1.0,1.1,11.9,6.1,0.9,-6.5,-0.7,-1.4,-3.5,-3.3,-5.6,-9.7,-1.8,-4.0,-12.1,-7.7,-12.8,-7.2,-4.9,-8.0,0.9,-1.2,-1.0,5.5,3.0,9.1,7.4,5.3,9.9,12.4,8.3,5.6,6.0,-1.3,-1.2
32,NV,443,-4.6,-9.7,-9.6,-3.9,-2.8,-5.3,0.4,-3.9,-2.4,-1.6,-2.5,-1.5,5.5,7.8,-15.7,-56.3,-47.5,-20.7,-12.2,-11.3,-11.3,-3.8,-8.4,-12.7,-7.6,-12.1,33.7,167.6,109.4,47.3,27.0,23.0,23.6,18.7,8.9,12.4,3.9,13.0,3.8,4.6,2.6,-6.1,-4.1,-1.7,3.6,-3.7,-4.8,-4.8,19.9,12.3,2.0,-3.5,3.5,7.5,3.1,7.8,7.4,9.5,15.8,14.3,-2.8,3.6,-5.2,2.2,6.0,-3.1,3.5,-3.0,-10.4,-4.3,-2.3,3.9,-4.2,-6.9,2.4,-1.4,-2.6,0.0,2.9,4.3,8.9
32,NV,444,13.1,2.3,1.9,7.1,-1.5,-5.6,0.5,1.0,1.1,0.1,-1.7,2.6,0.4,8.7,6.7,6.0,14.9,25.4,16.3,11.9,22.6,14.6,16.6,19.6,16.9,13.6,35.4,30.6,9.7,9.1,7.2,11.0,7.7,7.3,17.8,13.8,7.0,11.4,-0.2,-4.4,5.1,3.9,2.0,10.0,5.8,5.5,-2.0,-0.9,8.6,6.3,-0.7,-1.3,6.1,1.2,1.9,3.6,-1.0,2.1,3.3,-1.3,-5.0,0.5,-6.7,4.6,-3.7,-4.9,6.5,0.2,2.2,9.5,3.7,4.6,3.5,-4.3,5.0,2.5,-2.0,1.7,-1.8,-6.5,1.5
32,NV,445,4.9,1.0,1.9,5.5,-1.0,1.5,0.0,1.3,6.4,-0.8,2.7,3.3,0.7,5.7,22.8,5.6,15.9,3.5,11.0,3.7,7.3,11.3,7.0,6.0,17.2,11.0,-2.9,9.7,2.1,11.0,7.5,12.1,12.2,13.9,15.8,17.4,4.6,7.0,4.5,8.2,8.9,11.0,9.5,13.8,7.2,6.8,9.1,6.4,-0.2,3.0,-0.1,4.1,2.8,0.3,1.0,-1.8,-1.0,-3.9,-4.1,-2.6,1.8,4.0,2.7,-4.5,-0.3,-0.3,-2.0,2.8,-0.5,8.2,3.2,0.3,8.6,2.6,2.6,8.7,5.8,3.9,6.5,1.8,5.0
32,NV,446,10.4,6.3,4.0,7.7,2.6,1.0,4.6,0.2,4.0,2.5,-2.9,1.5,1.1,4.4,4.3,-12.2,-12.0,2.9,5.2,0.3,6.5,2.1,2.3,6.6,1.4,-0.4,11.1,27.7,22.0,16.9,8.8,14.3,10.3,7.3,14.6,10.9,6.0,5.4,-2.2,-1.3,1.8,-0.2,-1.8,1.7,2.3,2.1,0.8,-2.8,6.4,6.9,6.5,4.2,9.9,6.0,4.0,6.2,3.4,9.0,8.4,6.6,2.8,5.5,-2.6,2.1,0.7,-3.3,8.0,4.2,5.5,2.9,1.3,5.3,3.4,2.9,8.7,8.4,6.6,10.3,5.6,3.5,8.9
32,NV,447,-6.9,-6.1,2.9,3.8,-2.0,-7.3,-2.9,-6.9,-2.3,-4.3,0.3,8.0,7.8,1.0,-20.0,-40.3,-31.8,-19.9,-17.3,-15.9,-12.7,-14.9,-18.0,-13.9,-21.1,-17.2,28.0,61.8,30.6,22.2,20.5,16.8,20.1,22.5,29.8,23.1,42.8,44.7,27.3,46.1,67.1,61.6,29.0,20.2,12.3,12.8,29.8,20.8,19.7,14.6,3.7,-13.8,-25.3,-27.0,-13.5,1.0,7.9,S,-14.7,-13.5,-6.5,-11.1,-13.9,1.9,11.8,-4.6,0.9,6.1,-1.3,-6.5,4.8,12.1,3.8,9.3,9.7,-4.3,-2.3,11.3,10.4,-2.8,-4.5
32,NV,448,0.7,-2.4,-1.2,4.0,-2.2,-1.8,-0.8,3.4,-3.5,1.5,-0.4,4.2,3.6,9.1,-50.1,S,S,-13.4,-17.7,-10.6,-4.0,-10.5,-19.0,-10.1,-9.6,-12.6,121.3,S,S,37.8,45.2,22.6,24.3,28.3,42.0,29.8,17.6,24.7,7.7,9.6,1.1,0.4,-2.0,2.2,1.9,-1.4,-1.8,-1.2,13.6,6.0,2.1,0.3,4.7,4.5,5.7,9.9,4.8,5.9,7.9,9.3,1.2,6.0,0.8,-1.7,3.7,1.4,1.0,0.0,0.0,3.2,1.3,-0.5,5.0,-1.5,2.2,5.6,5.0,2.4,7.9,7.4,6.6
32,NV,451,-9.0,-10.7,-8.0,-2.2,-7.8,0.9,7.2,5.6,2.5,15.4,0.9,4.2,15.5,16.6,-20.0,S,S,41.3,24.4,15.3,26.4,30.1,31.5,27.8,43.9,27.5,115.8,S,S,18.7,26.9,37.9,32.1,27.4,31.5,32.3,-1.5,13.7,-4.7,-6.1,-1.6,-1.2,0.8,4.6,2.5,2.0,1.3,1.4,-15.7,-17.7,-20.6,-19.5,-15.9,-18.9,-19.9,-24.9,-20.1,-22.0,-20.6,-25.2,6.1,1.5,0.6,-4.2,-1.3,-2.0,-3.5,4.4,0.2,8.1,6.1,8.6,-1.6,-1.6,3.0,3.8,2.7,-5.5,9.0,6.9,0.6
32,NV,452,0.1,-1.4,-1.0,3.0,0.5,0.4,1.5,3.0,0.1,1.9,-0.6,-0.4,2.5,8.3,0.4,S,6.4,-2.3,-5.6,-10.0,-6.1,-0.6,-5.9,-10.1,3.5,0.0,7.7,104.3,9.8,14.6,19.8,32.9,17.8,18.6,11.1,19.2,19.3,18.4,12.6,10.9,9.4,12.8,13.1,0.3,12.4,8.9,18.2,9.5,3.2,2.3,4.1,8.0,7.3,8.0,5.9,7.2,10.5,7.2,7.2,10.7,3.8,3.9,4.3,-3.6,2.3,-1.7,-0.8,2.9,-0.6,2.2,3.8,-2.7,8.3,6.3,4.5,7.5,13.1,8.8,9.5,4.8,3.4
32,NV,453,-0.1,-2.3,-2.6,7.1,5.1,3.9,10.1,5.0,3.7,5.3,-1.0,5.9,5.8,S,-20.6,-38.6,-29.6,-9.8,-7.8,-10.7,-3.1,0.1,-2.6,12.9,-11.0,-8.1,41.6,70.8,36.5,23.4,24.3,21.3,22.6,9.0,12.7,-2.3,26.8,23.6,14.2,17.8,25.3,16.1,6.6,16.0,10.1,14.8,3.2,9.0,S,S,S,S,14.0,16.6,S,10.1,14.0,13.2,S,21.4,7.7,14.0,13.1,17.0,9.9,2.1,11.1,14.2,10.3,12.4,-1.0,12.6,9.8,5.5,9.9,5.0,15.7,17.6,17.9,0.5,10.6
32,NV,TOTAL,1.0,-1.3,0.0,3.7,0.3,-0.5,1.9,2.0,2.2,1.2,0.9,2.6,4.1,7.1,-12.3,-33.9,-12.2,0.0,-0.1,-3.6,3.7,3.0,-2.5,0.9,4.6,1.5,37.9,84.4,32.5,19.4,17.4,17.1,14.2,14.2,19.3,16.8,13.5,16.6,5.3,7.1,8.4,10.0,5.1,8.2,6.7,6.1,6.9,4.2,8.3,7.0,4.0,1.1,3.4,1.5,3.5,4.9,6.1,5.3,4.3,4.5,1.4,3.7,-0.5,1.7,3.7,-2.8,3.7,4.3,0.8,5.9,5.8,7.7,8.2,4.3,9.9,8.3,7.0,8.9,8.7,4.0,6.4
33,NH,441,-1.7,-1.0,0.7,3.0,2.9,0.6,5.9,5.4,2.4,2.2,3.0,-0.3,-3.3,0.4,-31.3,-38.2,-11.9,-0.5,-2.8,-8.3,4.1,1.5,-8.5,3.5,9.2,2.9,74.1,101.0,26.9,16.5,10.8,7.2,5.2,5.7,14.8,7.7,16.5,23.8,3.2,3.3,0.1,3.8,1.9,15.6,9.6,10.0,5.8,3.3,-10.2,-13.5,-13.2,-15.9,-3.0,-6.4,-5.1,-7.3,-4.6,-9.4,-5.8,-5.5,-2.9,4.1,-3.2,1.1,-2.6,-9.9,-0.3,-4.2,-8.5,1.6,2.6,3.9,6.2,-2.0,12.6,10.9,1.3,6.2,4.3,5.1,8.4
33,NH,442,-1.0,-3.7,-1.7,-0.3,-0.7,-4.6,-1.8,-1.1,-0.5,1.2,-0.4,-2.0,12.3,21.7,-19.3,-53.9,-32.6,2.0,9.1,6.9,15.8,15.5,2.7,13.9,8.7,-0.4,56.0,S,80.5,24.2,15.7,11.2,8.8,8.6,14.8,2.1,-2.5,4.4,1.6,1.8,1.1,0.5,-4.4,-0.6,-0.8,-0.5,-2.5,-4.1,20.4,11.7,5.3,2.3,6.3,5.8,6.0,6.4,0.2,-3.0,1.9,-1.3,-17.1,-12.5,-16.2,-13.4,-11.0,-13.6,-7.3,-10.0,-7.9,-1.7,-4.7,2.2,7.2,2.3,6.6,9.4,5.4,7.5,10.8,2.4,2.1
33,NH,443,-3.7,-7.2,-5.0,-3.0,0.7,-3.1,-0.5,-1.4,0.1,-1.0,-3.6,-1.3,2.5,2.8,-25.0,-60.1,-53.8,-25.1,-15.4,-16.1,-16.3,-9.0,-11.7,-18.4,-17.5,-21.2,26.3,144.6,94.9,29.9,12.9,6.9,8.3,5.7,-4.6,3.3,-2.6,8.5,-0.5,3.6,0.6,-6.9,-5.5,-2.3,1.1,-6.5,-7.2,-6.5,14.1,7.0,-1.2,-6.0,-1.3,2.9,-1.4,3.1,2.2,2.8,9.8,11.2,4.7,11.3,-0.3,7.3,6.9,3.7,9.4,0.1,-6.0,5.5,7.6,3.6,-6.7,-10.2,0.3,-1.4,4.2,0.6,3.5,8.2,13.1
33,NH,444,12.9,3.7,-1.0,7.8,0.5,-1.2,3.8,5.3,3.4,1.9,2.0,5.3,5.0,15.3,17.5,12.1,18.2,29.7,22.1,19.7,31.3,23.6,24.9,29.7,21.9,17.2,38.4,40.1,16.9,12.3,7.9,11.3,6.4,6.5,14.0,11.8,15.5,19.0,8.0,1.7,8.9,7.5,8.7,16.7,14.9,14.1,7.7,6.2,-3.3,-2.6,-9.8,-10.9,-2.3,-8.2,-7.6,-4.9,-10.5,-6.0,-4.8,-9.7,-6.0,-2.2,-8.4,2.7,-6.0,-4.9,3.8,-1.6,0.5,5.0,2.4,0.4,1.4,-5.6,0.7,-0.8,-4.2,0.4,-3.0,-9.5,-2.2
33,NH,445,0.7,1.0,0.8,1.5,0.1,1.1,2.3,5.4,3.0,5.8,3.7,-0.9,0.4,8.9,29.6,13.7,8.9,6.1,6.8,0.5,4.3,3.0,4.4,10.8,-18.6,-22.4,-38.0,S,-22.8,-17.3,-22.8,-19.2,-21.1,S,-20.5,-18.2,8.2,8.0,5.6,14.5,6.0,5.4,-2.8,6.2,6.2,6.9,9.0,7.2,-0.3,2.3,3.7,0.5,0.2,-7.6,7.3,0.2,0.9,-1.8,3.0,-3.1,-5.2,2.2,0.4,-4.4,-3.4,6.8,4.0,3.9,-1.9,3.5,-0.3,3.4,10.4,0.3,-0.1,8.8,5.6,-1.3,4.3,-0.6,4.1
33,NH,446,-6.8,-0.4,1.8,6.8,2.3,0.5,3.9,-0.5,3.8,1.9,-3.3,2.0,2.6,5.4,9.6,-7.3,-9.0,3.7,6.4,2.4,8.2,4.1,3.9,8.0,-1.0,-3.7,4.6,20.0,16.4,11.7,4.7,9.4,6.5,4.8,10.9,7.4,9.7,8.9,1.0,1.5,3.7,2.4,0.7,3.3,4.1,3.1,2.6,6.7,19.6,21.8,21.9,19.0,26.7,23.6,20.4,23.4,19.2,24.7,23.7,14.5,6.9,6.1,-1.9,2.9,-0.1,-4.2,6.8,2.4,4.1,2.7,0.9,4.9,0.6,1.1,7.1,5.9,5.2,8.9,4.8,2.6,2.6
33,NH,447,-10.6,-12.1,-8.8,-4.1,-8.1,-11.2,-8.9,-11.8,-13.4,-13.1,0.4,7.2,13.9,15.0,-6.8,-37.9,-29.7,-17.1,-8.4,-4.9,-3.1,-5.6,-9.4,-0.9,-19.3,-15.2,-5.8,33.3,28.6,53.3,40.1,34.6,42.0,23.0,30.2,19.5,33.5,38.0,64.8,59.5,58.5,23.2,16.0,6.5,-6.8,11.4,8.7,2.9,-16.1,-20.7,-13.0,-29.0,-34.5,-36.3,-33.5,-20.4,1.9,-3.9,-20.1,-22.1,-12.6,1.6,-25.7,-1.7,-2.9,-8.1,-5.8,-11.5,-30.5,-26.9,-18.7,-9.5,0.6,-11.7,14.6,10.8,-4.6,-1.8,-1.4,-0.6,33.3
33,NH,448,2.8,0.5,2.4,3.1,-1.6,0.9,0.2,1.6,-2.0,-0.1,-0.8,4.3,2.8,1.9,-50.0,S,S,-13.7,-16.3,-17.6,-5.6,-10.1,-16.4,-9.4,-7.6,-19.4,114.3,S,53.1,26.0,34.0,18.2,17.7,21.0,33.9,20.8,16.6,33.9,9.1,12.8,4.4,4.8,0.7,4.9,6.2,4.3,3.0,5.0,11.0,3.2,-1.8,-1.1,2.2,1.1,2.3,5.0,0.8,0.6,2.2,5.6,-3.0,5.6,-2.3,-4.0,2.6,0.6,0.6,1.3,-4.7,0.6,-2.5,-2.8,4.2,-6.0,4.6,4.8,4.3,2.7,6.3,7.8,8.0
33,NH,451,-10.8,12.2,-10.0,-4.2,-4.6,-4.6,2.0,3.2,1.2,-6.3,1.9,5.0,14.6,7.1,-10.2,S,S,48.4,41.1,18.7,43.8,26.0,15.1,24.1,49.0,24.9,94.7,S,8.4,14.1,10.7,22.8,11.1,15.9,25.6,15.7,-2.9,10.9,-2.2,-5.4,2.5,1.0,9.1,6.5,7.6,6.9,5.0,10.7,-5.0,-3.6,-6.0,0.0,-3.2,-5.3,-5.6,-5.1,-5.0,-10.1,-6.4,-10.2,2.7,-0.7,-2.3,-9.3,-3.2,-1.8,-6.0,-1.3,-5.7,3.3,-4.7,2.6,-1.3,-13.1,1.5,0.8,0.8,-3.1,3.9,2.9,2.9
33,NH,452,-0.6,0.3,0.7,3.6,-0.7,2.3,2.3,1.5,-0.7,-1.3,0.1,-2.5,5.3,6.4,1.0,S,-0.4,8.4,18.0,4.1,15.5,12.0,-0.2,-2.3,8.1,-5.5,7.1,107.9,8.3,-5.8,-7.2,-9.2,0.5,3.6,2.9,9.0,-3.1,9.7,1.6,10.0,8.9,9.7,9.3,19.4,10.2,4.9,5.6,15.9,15.4,12.4,4.9,7.2,2.1,5.7,7.1,6.1,3.3,2.2,5.4,-3.7,5.1,9.1,8.4,-1.6,7.5,4.4,-0.7,8.4,-3.7,3.9,0.0,-1.6,-5.7,-17.8,-1.4,-0.3,-2.5,-2.4,7.8,2.8,3.6
33,NH,453,-4.9,-7.1,-3.3,4.9,3.2,1.5,8.8,3.8,5.0,3.8,3.9,4.9,13.9,17.2,1.8,-23.0,-14.9,5.3,6.3,4.3,10.4,5.8,2.9,8.4,4.0,2.3,33.7,73.8,35.3,25.5,21.6,25.6,24.4,23.8,28.9,17.2,19.2,25.7,13.6,13.8,19.1,11.6,8.0,7.4,5.8,2.1,-0.2,5.6,-15.9,-22.2,-26.0,-27.1,-24.8,-23.4,-27.2,-28.0,-21.4,-14.9,-19.7,-21.2,0.2,6.8,4.2,9.5,11.5,4.2,13.2,9.7,5.5,6.5,7.3,17.3,12.9,9.7,15.4,5.7,7.5,15.5,12.7,7.8,11.0
33,NH,TOTAL,-1.1,-1.1,-0.6,2.6,0.3,-0.6,2.6,2.6,0.7,0.8,1.7,0.8,2.3,6.6,-6.2,-26.1,-5.7,4.0,4.4,-1.1,8.0,5.0,-0.6,5.7,0.4,-5.0,19.4,52.6,13.9,9.2,4.0,3.7,3.2,2.3,7.3,4.6,12.1,18.4,7.8,8.9,8.1,6.8,4.1,11.5,7.2,8.1,5.7,6.1,-2.1,-4.3,-5.9,-8.8,-3.9,-7.0,-4.1,-3.7,-1.9,-3.7,-2.1,-5.0,-2.7,3.3,-3.9,-0.4,-1.4,-3.3,1.1,-0.6,-6.3,0.3,-0.2,1.7,3.7,-4.7,6.2,6.3,1.0,2.4,3.8,1.5,6.7
34,NJ,441,1.3,-1.1,0.2,-0.7,-1.0,-1.5,5.6,4.1,0.7,4.7,2.4,-3.3,3.8,8.3,-26.0,-36.5,-11.1,6.4,5.8,-0.8,13.4,6.3,-0.5,13.1,9.0,1.8,75.2,113.1,36.6,18.0,9.0,10.4,8.4,7.7,11.4,7.6,19.2,26.0,2.9,2.6,-0.6,4.0,2.9,11.1,7.1,10.9,9.4,6.2,3.5,1.0,1.0,0.2,14.4,11.5,12.0,10.6,12.0,5.0,7.5,7.6,-6.5,-1.6,-7.1,-2.5,-7.7,-15.8,-6.4,-9.5,-13.2,-5.1,-2.0,-1.8,4.5,-3.0,9.5,6.7,-1.1,3.4,3.0,3.0,6.7
34,NJ,442,-0.2,-2.2,-0.6,0.4,0.6,-2.9,2.4,1.6,2.4,2.3,0.4,-0.5,8.7,11.8,-23.8,-63.6,-40.5,-5.5,0.7,1.9,7.5,6.2,-0.5,4.4,3.0,0.0,55.8,228.2,87.9,23.7,12.5,5.9,6.0,5.4,9.8,3.4,-3.8,5.5,-0.1,0.6,-0.8,-2.2,-3.7,0.2,-0.8,-3.3,-3.6,-6.1,6.2,-3.3,-7.0,-14.0,-5.7,-5.9,-8.4,-7.8,-13.4,-15.3,-9.1,-10.3,-12.2,-5.2,-11.5,-5.0,-6.7,-6.0,3.6,2.5,4.6,11.9,9.7,13.2,10.9,5.3,10.8,13.2,10.0,5.2,4.9,0.4,-1.7
34,NJ,443,-1.6,-6.0,-5.2,-4.3,-3.5,-5.8,-1.8,-4.2,-2.3,-2.9,-3.1,0.3,-12.0,-8.8,-29.3,-59.9,-52.8,-28.0,-19.1,-19.4,-20.2,-14.2,-21.1,-22.9,-3.1,-8.5,40.7,159.0,106.8,43.8,22.7,18.6,23.6,20.1,12.1,11.9,-2.0,8.9,-0.8,-0.6,-2.6,-9.2,-5.4,-1.4,-2.5,-10.3,-8.1,-6.3,9.2,2.7,-5.3,-10.0,-4.1,-0.8,-3.6,-3.6,-0.9,0.6,7.0,3.3,3.0,7.3,-2.6,4.3,10.5,2.6,6.7,2.0,-5.7,2.5,4.3,9.0,-2.3,-4.2,3.3,2.5,-0.4,3.0,6.4,4.0,9.9
34,NJ,444,13.8,0.3,0.2,5.7,-0.7,-4.9,1.0,0.2,2.4,-0.3,-0.7,4.2,0.3,6.7,3.1,-2.3,7.0,20.9,13.0,9.6,20.0,11.3,13.1,17.4,12.1,9.4,34.7,35.2,11.4,6.5,3.3,6.7,2.9,4.1,12.2,10.3,11.8,17.2,4.9,0.9,9.4,9.1,7.3,16.4,12.6,10.4,5.2,3.3,6.8,3.3,-4.0,-5.5,2.1,-2.6,-2.2,-0.5,-6.2,-0.7,-0.6,-4.8,-11.3,-4.0,-10.5,0.2,-7.0,-8.4,2.2,-4.7,-0.4,4.7,0.2,1.7,4.5,-3.4,6.4,5.1,0.3,4.7,2.0,-3.6,4.8
34,NJ,445,5.3,2.1,-2.8,8.7,3.6,3.8,2.8,5.0,3.3,1.0,4.2,0.6,-0.5,4.1,23.6,3.7,8.2,6.2,8.9,5.6,7.8,10.5,5.2,9.6,10.6,7.9,-7.6,8.2,3.4,5.5,4.8,5.4,8.4,7.8,7.2,9.1,9.2,9.4,7.7,11.3,9.1,11.6,10.0,9.1,8.1,7.1,9.6,6.7,0.5,3.0,1.8,0.2,1.3,-1.6,-1.8,0.6,0.4,-1.8,0.2,-0.2,2.8,5.3,5.7,-1.5,3.2,3.5,3.8,2.5,0.0,5.4,2.6,1.9,5.0,-0.8,-2.4,6.1,1.8,-0.2,2.4,3.1,1.4
34,NJ,446,-3.0,2.6,2.0,5.4,2.2,0.9,2.8,-0.5,1.7,1.3,-2.8,2.1,8.0,10.2,13.5,-5.1,-6.3,5.3,10.9,6.4,13.3,9.0,7.7,13.2,-3.7,-5.9,3.9,20.2,15.8,11.7,3.6,8.0,5.0,2.8,9.7,7.5,13.5,13.4,3.8,5.0,8.4,6.4,5.1,7.6,7.7,7.1,6.6,4.7,9.8,11.3,11.1,8.6,14.2,11.4,9.1,11.5,9.8,15.6,12.4,9.2,4.8,4.2,-1.6,2.7,-0.6,-3.0,7.5,2.4,5.0,3.8,0.9,4.4,3.7,4.2,8.5,8.7,6.7,11.4,8.5,5.4,6.7
34,NJ,447,-3.6,-5.4,5.6,-6.7,3.9,-0.3,-9.4,1.6,2.4,-3.1,6.7,8.4,4.7,-0.4,-24.6,-40.8,-42.1,-27.9,-24.8,-16.7,-17.2,-16.0,-22.0,-8.7,-9.1,0.0,55.5,117.0,59.9,49.9,48.4,34.6,39.8,43.6,51.6,31.5,S,S,48.7,54.3,S,S,67.6,55.8,44.6,38.8,38.0,30.9,10.5,4.8,-6.9,-8.9,-14.2,-18.5,-15.0,-2.7,1.9,-0.9,-6.8,-2.0,-5.6,1.5,0.0,4.2,3.0,0.5,1.4,-4.3,-9.6,-5.7,-1.5,-0.1,1.4,-5.1,-6.3,-8.1,-5.7,-3.6,-2.5,-2.1,3.6
34,NJ,448,3.9,-0.3,0.5,4.3,-4.3,-2.6,1.1,5.5,-3.8,-1.1,-3.1,1.0,3.7,8.3,-53.7,S,S,-51.5,-10.1,-12.4,-10.7,-7.2,-15.6,-10.1,-6.5,-18.1,126.6,S,S,S,34.3,15.4,24.0,22.4,37.0,23.6,6.7,25.5,3.4,6.2,-2.2,-2.2,-7.4,-2.6,-0.1,-5.8,-5.7,-3.0,8.2,0.7,-3.6,-1.5,0.5,-0.2,1.6,3.5,2.1,0.2,1.9,4.9,-1.3,2.3,1.9,-4.1,3.4,2.2,-4.7,5.9,-3.1,5.0,2.8,-1.0,5.2,-4.6,3.3,8.3,7.1,4.8,10.9,9.5,8.1
34,NJ,451,-19.9,-24.6,-2.2,-10.9,-6.0,-6.8,1.7,2.9,0.6,3.5,1.6,1.0,23.9,34.1,-14.5,S,S,1.5,45.8,8.4,38.5,25.0,13.8,28.5,S,25.0,98.3,S,S,60.5,11.2,42.8,8.2,22.7,27.1,17.7,-11.1,10.4,-9.7,-7.9,-0.3,0.0,3.8,5.6,7.2,6.8,0.9,7.4,32.1,23.7,12.6,12.1,17.6,13.4,13.3,14.1,11.5,12.6,18.7,12.0,-4.4,-1.3,-2.2,-9.9,-4.8,-5.0,-6.8,-3.6,-6.6,-4.1,-3.2,-2.2,-0.8,-2.8,-0.9,0.6,2.0,-1.1,2.9,2.3,1.7
34,NJ,452,2.4,0.4,1.6,6.5,3.1,1.5,3.9,3.6,1.0,1.0,2.8,-0.6,7.1,11.2,-4.5,S,S,-17.6,8.7,-4.6,0.8,1.9,-5.8,-5.4,5.9,-7.5,11.0,222.3,69.1,34.1,7.5,11.4,17.3,17.5,15.6,15.6,2.5,19.0,6.4,11.6,4.0,12.3,8.7,6.7,12.3,4.5,-1.6,13.5,19.0,13.2,11.6,8.6,6.2,-0.3,6.8,9.7,1.1,3.1,15.8,2.1,-1.7,1.1,6.8,-2.9,4.8,7.6,-3.7,5.2,2.8,5.8,1.8,-1.8,-1.0,-5.5,-6.1,-3.8,-3.7,-6.8,1.3,6.6,6.2
34,NJ,453,-1.9,-8.8,-3.7,4.5,1.5,-2.2,3.7,-0.5,2.1,-0.2,-2.1,3.1,20.4,27.4,0.1,-27.5,-18.2,9.8,9.6,7.4,16.5,8.7,12.8,15.8,-8.1,-10.6,27.1,63.8,28.4,13.6,12.6,14.8,13.6,13.9,6.1,1.6,17.8,23.2,11.1,15.4,21.4,11.9,4.5,7.6,2.8,2.8,1.6,2.8,7.4,4.0,1.6,2.9,1.9,3.8,10.4,-0.5,3.9,4.1,7.2,0.7,4.7,11.2,6.7,10.6,11.9,9.0,8.7,12.0,8.8,10.6,7.0,12.9,10.0,3.6,8.9,2.3,8.2,12.9,10.3,4.7,10.0
34,NJ,TOTAL,2.2,-0.6,0.1,3.0,0.9,-0.3,2.1,3.1,1.3,1.3,1.7,0.4,3.5,7.3,-8.5,-33.0,-19.6,-3.9,3.9,-0.8,6.0,4.2,-1.4,4.7,5.4,0.0,30.8,80.3,40.7,22.3,11.2,11.3,12.1,12.0,15.2,12.1,14.4,21.3,8.0,9.7,10.4,12.5,10.0,12.3,10.6,9.0,7.4,7.2,6.9,4.5,1.3,-0.1,4.1,0.7,2.1,4.6,3.5,2.1,4.4,2.7,-2.7,1.3,-1.1,-0.9,-0.8,-3.4,-0.5,-1.5,-3.8,1.4,0.9,0.7,3.6,-2.2,2.3,3.6,0.4,1.4,3.1,3.0,5.0
35,NM,441,-1.7,-0.9,-0.8,2.5,2.1,-1.0,4.0,5.2,2.4,2.6,3.9,-0.2,1.9,3.8,-29.3,-35.6,-8.5,2.2,1.7,-5.4,6.6,5.3,-3.8,4.4,3.4,-1.9,68.0,93.9,23.6,12.9,6.3,3.3,3.4,0.6,9.5,2.1,13.4,18.8,-0.5,-1.5,-3.7,1.2,0.0,12.0,5.5,6.9,3.1,4.5,10.4,7.3,6.3,2.8,13.1,11.2,11.6,8.9,12.3,7.2,11.5,9.9,-5.3,-0.1,-6.4,-1.8,-2.9,-11.4,-0.3,-3.7,-7.3,3.6,4.2,3.0,6.2,-0.7,11.3,8.4,2.2,5.6,4.2,3.1,6.6
35,NM,442,-4.6,-1.3,-5.9,1.1,1.9,1.3,-0.6,0.2,1.3,0.1,-1.8,-3.8,16.5,17.4,-13.3,-44.8,-19.2,12.0,9.9,7.9,18.7,14.0,5.4,17.6,19.3,8.5,65.0,157.8,59.5,19.0,22.5,20.2,11.2,24.1,29.3,15.0,-4.2,-0.8,-5.4,-4.3,-3.3,-4.5,-9.0,-4.7,-6.9,-9.9,-7.7,-7.7,11.4,10.7,6.6,-12.2,-10.3,0.1,-5.9,0.8,7.0,0.3,3.4,0.4,-13.3,-8.3,-12.9,3.0,9.0,-4.8,9.4,-1.8,-4.6,0.3,-1.8,6.6,8.1,4.9,5.8,5.8,4.6,2.0,3.6,-3.5,-2.5
35,NM,443,-4.8,-9.6,-9.3,-3.7,-3.6,-6.0,-2.6,-4.2,-2.9,-4.8,-6.2,-2.9,-7.6,-5.1,-22.5,-48.1,-39.3,-19.3,-10.6,-11.1,-11.9,-4.9,-11.7,-13.7,8.2,2.1,44.1,127.1,82.4,47.7,29.6,23.3,26.1,22.8,14.0,15.6,8.2,16.0,9.1,8.9,7.3,2.6,1.4,7.0,8.2,1.3,1.8,0.0,1.0,-2.6,-7.9,-14.7,-5.6,-4.5,-7.3,-1.9,-6.6,-4.0,-7.1,-3.9,-8.3,4.7,-8.2,2.4,-8.8,-2.6,3.2,-3.1,-7.2,-9.7,-4.9,-8.3,-6.7,-15.4,-8.4,-4.0,8.8,-2.8,5.2,1.6,8.1
35,NM,444,11.0,2.6,0.9,6.4,-1.3,-5.7,0.6,0.6,0.2,0.1,-2.5,3.5,4.8,10.3,8.6,7.6,15.5,26.9,19.2,15.3,26.2,18.2,19.7,24.4,17.9,14.8,38.6,34.1,13.5,12.5,9.1,13.1,10.0,9.2,19.4,15.2,8.4,15.0,2.6,-2.0,7.4,4.0,3.8,11.8,6.7,6.6,0.0,-1.6,0.0,-3.0,-9.8,-10.4,-4.2,-6.3,-7.7,-7.5,-9.6,-6.4,-5.8,-7.9,-1.5,4.1,-3.3,8.5,-0.5,-0.7,11.5,6.6,6.7,12.2,8.3,10.0,3.5,-1.9,7.4,4.5,1.0,3.6,0.5,-4.9,6.3
35,NM,445,4.7,2.0,1.0,5.4,3.6,4.6,7.4,9.2,4.7,6.2,3.8,1.2,-1.8,2.0,22.8,9.9,12.6,6.5,7.6,4.6,7.5,8.1,10.3,13.1,19.6,17.1,-3.8,6.8,5.3,11.0,9.1,9.8,12.5,12.7,10.9,10.4,7.8,10.0,9.5,11.7,8.5,10.4,11.6,10.3,8.5,8.5,8.4,8.3,-0.9,-0.8,-3.1,-4.4,-3.2,-5.0,-6.3,-4.0,-3.4,-6.3,-4.6,-4.5,-2.1,1.6,1.2,-2.0,1.2,0.4,-0.3,1.1,-1.0,2.7,0.7,-0.8,6.2,0.7,2.2,5.3,3.2,2.2,4.8,3.8,2.3
35,NM,446,11.6,8.7,3.9,7.9,3.4,1.1,6.1,1.5,6.3,4.9,-1.9,4.4,3.2,6.8,10.3,-7.1,-8.7,8.9,7.7,2.6,9.1,2.9,5.5,8.5,2.3,-0.5,7.8,23.0,19.3,12.9,7.1,12.5,7.8,5.2,11.8,9.2,4.0,3.8,-3.8,-3.0,-0.2,-2.3,-3.5,0.1,0.6,1.4,-0.1,-5.0,2.5,4.4,4.1,1.9,8.1,4.3,2.2,4.5,2.2,8.5,6.5,4.3,5.8,7.6,-2.0,4.1,1.4,-2.7,10.3,4.1,5.5,3.3,1.0,5.9,2.8,1.6,8.0,8.1,6.9,9.8,4.9,2.4,7.8
35,NM,447,-13.6,-3.5,-3.7,5.1,-0.9,-3.5,-5.4,-3.7,-4.9,-6.5,-2.6,6.5,6.2,-0.1,-21.4,-40.4,-32.6,-23.7,-20.3,-19.0,-16.4,-16.1,-19.5,-14.1,-7.5,-4.5,27.0,53.3,50.2,40.6,35.0,33.0,36.0,39.0,48.1,37.8,32.1,37.7,44.1,48.7,41.6,44.1,38.4,27.8,20.3,21.5,13.6,5.0,7.9,1.4,-9.7,-11.0,-15.3,-18.4,-17.4,-3.9,-0.3,-6.6,-7.6,-2.8,-10.4,-3.7,-6.2,-1.8,-2.9,-5.5,-2.7,-9.8,-15.2,-10.2,-6.8,-2.3,1.8,-4.8,-5.0,-7.0,-5.4,-3.3,-2.1,-2.1,4.5
35,NM,448,1.8,-0.6,-0.8,6.6,0.3,1.4,1.0,4.6,2.4,5.5,2.9,4.5,-5.7,-3.6,-50.1,-95.4,S,-5.7,-23.4,-13.3,-2.1,-14.7,-41.7,-9.6,-4.2,-14.7,113.0,S,S,14.8,36.6,15.0,12.8,24.2,S,17.1,13.9,19.9,2.5,7.7,5.2,3.1,3.4,7.3,0.6,4.4,3.3,4.3,18.4,17.2,9.4,6.3,11.4,13.4,8.5,10.1,15.3,9.4,14.2,11.4,0.1,11.8,2.4,-0.8,2.5,0.0,8.8,1.2,-1.2,4.5,-1.3,-1.4,9.0,-0.2,4.0,5.9,6.1,4.7,6.8,6.1,3.3
35,NM,451,-7.3,-8.9,-9.4,-1.9,-4.7,1.6,9.2,2.9,3.7,12.7,2.8,1.4,10.2,10.8,-14.7,-66.5,-32.2,36.6,14.6,1.5,22.8,24.4,20.8,16.6,S,20.4,89.8,382.8,121.6,13.6,27.4,S,31.2,28.4,45.5,38.0,-1.3,14.5,-6.5,-2.4,-2.4,-4.8,-0.5,1.9,1.9,1.5,3.7,2.0,-7.7,-8.2,-9.1,-12.9,-7.3,-7.0,-7.9,-14.4,-11.3,-12.7,-15.0,-17.7,-5.2,-5.3,-11.7,-11.8,-10.1,-12.2,-11.0,-8.8,-9.2,-2.7,-3.3,-2.0,-0.9,-2.9,3.1,4.7,2.5,-7.4,6.1,5.9,3.1
35,NM,452,1.6,-0.7,-1.5,4.5,-0.9,2.6,3.9,4.7,1.5,4.5,-0.3,-0.1,3.3,9.0,8.9,-33.7,29.5,12.9,2.2,5.5,10.5,7.3,-10.2,-5.4,6.7,-3.5,4.3,73.8,-12.7,-5.5,3.8,7.8,-0.8,3.8,17.1,11.6,5.9,10.2,2.4,10.8,9.8,9.8,12.2,6.1,9.5,9.2,11.7,6.9,-3.1,-2.3,-4.3,-3.4,-3.2,5.1,-0.3,-1.2,1.4,-1.5,-2.2,2.8,8.7,13.8,13.1,0.6,4.9,0.3,5.8,0.5,2.4,2.8,6.1,0.4,10.2,2.5,0.0,12.0,6.0,2.2,1.1,7.9,5.0
35,NM,453,-14.3,-2.0,-7.2,5.8,-5.8,-1.6,6.6,6.2,1.2,2.0,1.9,5.4,5.4,-2.0,-13.0,-28.9,-18.7,0.7,-2.4,-1.1,3.1,1.5,2.5,10.3,7.4,7.9,48.8,S,30.1,21.5,17.7,18.7,23.9,14.0,22.9,12.3,17.3,25.6,7.1,10.6,26.9,18.0,12.4,19.4,13.2,10.1,-0.3,3.4,11.9,6.3,7.0,-0.1,3.4,3.1,-0.4,-7.4,1.1,8.6,18.1,12.0,S,S,S,S,S,S,S,S,S,S,S,S,S,S,S,S,S,S,S,S,S
35,NM,TOTAL,-1.5,-0.4,-1.3,4.4,0.5,-0.5,2.2,3.0,1.0,1.5,0.7,1.8,2.7,4.1,-10.0,-27.7,-6.4,1.8,-0.8,-2.9,4.3,2.3,-4.6,1.6,5.9,1.3,30.4,61.7,20.5,14.1,12.8,12.8,11.4,11.6,20.6,13.3,12.7,17.6,8.3,10.1,10.2,11.6,10.8,12.4,8.9,9.5,6.3,4.0,4.7,2.6,-1.5,-3.7,-0.7,-1.1,-2.4,0.3,2.5,-0.3,1.0,2.0,-1.7,3.6,-1.0,0.7,0.5,-4.0,3.1,-1.2,-3.6,1.9,2.1,2.1,5.6,-0.5,4.4,5.1,2.0,3.0,2.9,2.4,5.4
36,NY,441,1.1,0.0,-0.9,3.0,1.9,-2.7,3.9,2.8,0.5,-0.7,1.8,-0.2,1.5,6.2,-21.9,-33.4,-3.0,8.9,5.1,3.6,13.5,10.9,9.9,10.3,12.4,4.6,58.4,93.1,22.1,13.0,9.8,1.3,2.0,2.3,1.6,8.5,12.3,18.7,1.2,-1.8,-7.0,-1.8,-1.7,9.6,5.4,6.0,2.4,0.1,-3.3,-7.7,2.4,1.5,18.1,14.1,12.3,11.4,14.3,9.1,9.9,12.0,12.3,19.3,0.8,5.6,0.0,-10.8,1.2,-3.7,-7.5,2.0,5.2,1.6,18.7,-3.2,9.2,6.5,-3.9,5.6,2.8,4.2,21.8
36,NY,442,-1.9,-4.1,-2.8,-1.7,-1.5,-3.9,0.2,0.0,1.2,0.3,-0.9,-0.7,7.9,10.7,-23.7,-64.8,-40.2,-6.1,0.2,2.1,6.6,4.5,-3.5,1.9,0.9,-3.9,52.2,230.7,80.8,21.2,10.8,4.8,4.6,5.7,10.7,2.8,-0.9,9.3,0.4,1.4,0.8,-1.9,-4.7,-0.9,-0.5,-2.1,-3.6,-4.8,7.4,-1.2,-5.5,-11.9,-5.7,-3.3,-5.2,-4.1,-9.6,-13.0,-6.8,-8.2,-17.8,-11.2,-16.3,-11.5,-10.4,-12.2,-3.3,-5.4,-2.4,3.4,2.2,6.1,12.1,6.4,10.8,13.9,11.6,6.5,6.7,0.4,-1.9
36,NY,443,-4.8,-9.5,-6.8,-5.5,-4.9,-6.9,-8.8,-4.3,-5.0,-5.5,-6.7,-5.1,5.1,4.6,-25.4,-53.3,-43.3,-26.3,S,-18.5,-16.3,-10.9,-11.2,-19.7,-7.7,-10.8,44.5,S,82.4,48.5,28.7,23.9,26.1,25.5,9.1,20.2,0.4,9.6,1.0,3.8,0.2,-5.8,-4.0,-0.1,1.6,-6.1,-4.8,-5.7,S,S,S,S,S,S,S,S,S,S,S,S,5.2,11.0,-0.4,7.8,3.5,3.8,11.0,7.2,-1.1,6.8,20.3,21.8,-0.2,-11.2,1.3,3.1,S,-4.7,S,S,2.2
36,NY,444,11.3,1.0,-1.1,5.1,-2.1,-4.4,-0.4,0.4,1.0,-1.6,-2.8,3.2,4.7,10.4,6.9,1.7,12.6,25.3,18.1,15.1,25.2,18.0,18.7,23.2,9.8,6.3,29.0,32.1,7.4,4.3,1.4,4.0,1.9,1.2,9.5,7.3,18.8,24.1,13.0,6.7,15.6,15.2,13.0,22.8,17.7,17.3,11.0,8.9,-1.6,-2.3,-9.3,-9.1,-1.7,-6.7,-6.0,-4.4,-9.6,-5.4,-5.6,-8.9,-6.4,-1.8,-9.0,2.0,-5.3,-7.0,3.2,-10.8,0.2,5.0,-4.6,-5.6,-5.3,-13.5,-3.0,-4.9,-9.1,-5.4,-8.0,-5.9,-7.3
36,NY,445,5.8,1.4,-2.1,6.2,2.4,3.2,4.6,4.6,1.7,2.6,3.2,2.4,-2.1,4.0,18.1,8.0,9.4,6.3,7.0,2.9,7.2,7.2,4.6,3.6,0.1,-3.3,-14.8,-8.6,-8.9,-6.4,-7.0,-4.6,-3.1,-2.8,-0.3,-0.6,3.0,2.7,0.6,4.7,2.3,4.3,4.6,2.7,2.4,5.1,1.7,4.1,2.0,4.7,5.1,4.3,5.7,1.3,1.7,1.7,2.3,1.4,-1.5,2.4,10.5,11.8,11.2,5.1,11.4,8.4,9.8,13.7,10.4,10.9,15.8,10.2,7.5,3.2,3.0,8.3,3.6,4.1,7.5,4.2,3.2
36,NY,446,-3.6,2.0,1.8,5.5,1.7,0.6,3.4,-0.7,2.2,1.4,-2.9,1.3,6.1,8.2,11.2,-6.6,-7.5,3.1,8.2,4.1,10.6,6.3,6.0,11.3,-3.2,-5.0,4.9,20.4,15.7,12.3,4.3,8.6,5.7,3.4,10.1,8.2,9.8,10.0,1.3,2.8,6.3,3.9,2.2,5.2,4.8,4.3,4.2,3.8,7.1,8.7,8.3,5.4,11.4,9.2,7.2,9.8,7.8,13.3,10.2,6.0,3.7,2.9,-3.1,1.3,-2.3,-5.0,4.9,-0.1,2.6,1.5,-1.4,1.9,3.1,3.6,8.0,7.9,5.8,10.8,7.8,4.4,5.6
36,NY,447,-2.5,-1.4,0.4,1.4,-1.8,-5.2,-1.4,-6.7,-7.2,-8.2,-4.6,1.4,-2.9,-6.5,-23.0,-41.1,-36.0,-20.4,-19.3,-13.4,-13.0,-15.3,-19.3,-12.3,-16.3,-9.6,18.8,34.6,18.0,19.0,16.8,9.2,15.0,21.9,30.3,18.7,33.4,32.3,28.6,44.6,64.1,41.2,33.1,24.3,6.4,11.6,4.4,6.4,-12.2,-14.0,-20.8,-25.2,-29.3,-29.2,-28.8,-18.6,-12.8,-13.5,-11.1,-16.9,-7.4,-4.5,-7.1,7.1,2.3,-6.7,0.8,-0.2,-6.1,-8.1,-16.2,-6.1,2.2,0.0,-0.2,-6.4,-12.5,-1.7,-1.6,-7.2,12.5
36,NY,448,3.5,0.9,-0.6,4.6,-5.0,-1.1,1.2,6.2,-2.8,0.8,-1.2,3.7,9.3,10.5,-51.7,-98.6,S,S,-16.7,-17.1,-6.7,-8.7,-17.4,-9.7,-15.0,-24.8,108.2,S,S,S,33.8,12.8,11.2,12.5,26.9,12.4,16.1,34.0,9.2,13.1,2.8,2.4,0.3,4.2,4.5,1.8,-3.0,3.3,3.4,-7.6,-9.0,-7.2,-4.6,-3.5,-5.3,-4.5,-1.1,-5.7,-3.6,-1.3,0.7,4.9,3.1,-0.4,5.5,3.2,-0.1,10.4,-2.1,6.5,6.3,0.6,2.6,-4.5,1.6,3.9,4.1,3.3,5.8,5.9,8.3
36,NY,451,-10.0,-9.0,-3.1,-11.1,-9.6,-9.6,-0.5,3.9,-2.4,-4.5,1.3,2.6,0.7,10.1,-20.3,S,S,S,17.6,-11.4,18.8,10.4,6.8,13.9,25.9,6.3,63.4,S,S,29.7,2.7,32.8,2.6,-3.1,3.3,6.5,-20.1,-6.7,-18.4,-10.7,-13.6,-3.0,-2.4,-1.2,-0.2,-9.4,-13.7,-7.2,11.3,14.5,9.7,1.6,8.0,7.3,5.4,1.0,4.3,0.0,6.9,3.0,0.5,-5.3,-7.6,-13.4,-8.5,-10.7,-14.4,-2.6,-13.0,5.4,-6.0,-3.9,-2.0,-9.3,1.4,2.3,0.5,1.0,6.7,7.3,6.1
36,NY,452,2.1,1.1,0.4,4.3,0.9,3.9,5.2,4.7,1.9,1.7,2.5,-0.5,8.7,10.7,-1.7,S,S,-14.5,12.8,-1.3,5.4,3.4,-2.8,-4.1,4.1,-7.8,8.1,218.5,55.4,22.0,-1.6,4.1,10.3,11.9,8.0,10.9,-4.5,6.4,-2.7,4.5,2.0,6.8,4.6,3.4,6.9,2.3,-0.2,9.2,23.6,19.6,15.2,13.8,9.0,9.1,12.6,12.4,6.0,6.7,12.3,4.8,-0.2,4.6,7.7,-3.3,4.2,3.0,-2.7,8.2,-1.6,2.8,1.4,-2.2,-2.8,-11.0,-9.0,-4.4,-8.0,-6.6,2.3,9.2,14.8
36,NY,453,-14.4,-2.3,-4.2,3.3,-0.1,-8.9,2.3,7.6,1.2,-2.1,17.7,10.6,14.7,17.8,-5.4,-48.4,-38.7,-19.6,18.8,16.9,16.2,13.0,-17.0,-2.9,10.4,-0.9,26.6,113.2,51.2,23.4,S,S,3.8,9.3,15.3,22.2,-9.6,-4.8,2.7,-2.9,-3.7,7.7,5.5,25.3,19.5,-8.7,-4.0,-19.8,3.5,-11.8,-8.3,-12.7,-0.3,-6.7,-17.4,-24.7,-23.4,-12.7,-13.6,-7.3,17.7,37.6,28.9,-8.4,-14.6,-21.2,-11.4,-0.5,-0.3,11.6,-7.6,3.5,-17.9,-18.6,-21.3,16.9,5.8,12.4,30.3,-5.9,6.4
36,NY,TOTAL,0.6,-0.2,-1.0,3.4,-0.4,-1.5,2.2,2.2,-0.3,-0.6,0.7,1.6,3.9,7.1,-10.0,-37.6,-24.2,-11.7,3.2,-0.7,6.1,3.9,-1.6,0.7,0.8,-5.0,24.0,75.7,39.0,24.1,5.8,3.8,5.5,6.4,9.8,9.4,7.5,13.8,4.2,6.0,5.4,6.5,5.0,8.8,6.5,4.3,1.1,2.2,3.9,0.5,-0.2,-1.8,3.0,0.9,0.3,1.3,1.3,1.2,1.8,1.3,3.8,8.0,2.2,1.5,1.2,-3.2,1.9,2.4,-0.9,4.1,3.0,2.1,3.9,-4.3,0.9,3.4,-1.5,2.0,3.7,2.8,8.7
37,NC,441,1.9,1.0,1.6,6.3,2.5,-2.6,4.9,6.0,5.7,2.3,3.3,2.7,6.9,9.3,-24.0,-32.1,-6.6,11.1,5.5,-1.2,11.4,12.2,1.7,11.8,10.8,4.7,76.0,105.8,34.6,19.2,16.8,12.3,10.0,8.7,21.2,12.5,11.6,17.7,-3.0,-3.3,-3.6,-0.8,-2.5,9.3,5.3,4.2,-1.1,-2.3,5.2,2.6,4.6,-1.5,9.0,8.4,9.7,7.7,8.9,4.5,8.8,9.1,3.3,10.7,1.7,8.8,6.5,-3.2,4.3,1.1,-1.1,9.3,9.9,10.2,4.2,-4.1,8.4,6.9,-0.6,2.7,6.1,3.4,5.0
37,NC,442,1.5,1.5,1.4,2.8,3.3,-3.7,0.9,0.8,1.3,0.9,-1.6,-1.2,4.3,8.0,-22.7,-56.5,-20.8,5.0,5.8,3.0,10.2,8.1,0.9,8.1,16.8,5.8,58.4,194.0,47.1,13.0,15.5,9.3,11.3,11.6,19.7,10.3,-4.6,7.3,0.2,-0.8,0.2,1.8,-6.0,5.7,0.5,0.2,-2.9,-2.8,4.5,-0.3,-3.3,-10.2,-3.1,-4.7,-1.9,-2.4,-5.6,-7.9,-1.5,-9.0,-10.0,-5.8,-14.6,-3.3,-5.4,-5.8,-0.3,-3.7,-3.4,2.5,2.7,9.1,10.5,3.9,9.2,8.1,5.5,6.3,4.7,-2.9,-0.7
37,NC,443,-3.7,-7.8,-6.6,-2.5,-0.6,-2.7,4.0,0.2,2.4,0.3,0.3,0.2,-1.3,1.6,-14.5,-56.4,-47.4,-17.3,-9.1,-7.4,-7.6,-2.0,-13.2,-11.8,1.5,-4.3,32.3,169.4,106.2,40.0,20.4,15.9,16.9,15.3,12.2,11.2,8.0,17.1,8.3,8.7,6.9,-0.8,1.6,5.3,7.1,-0.4,1.1,0.8,3.9,-2.4,-9.7,-13.7,-5.8,-4.2,-8.4,-4.2,-5.1,-3.3,0.4,-3.0,-6.4,4.1,-6.5,0.6,0.0,-4.6,2.7,-3.3,-9.6,-8.8,-3.9,0.8,-3.2,-7.3,0.7,-2.7,-1.8,-0.9,2.0,-0.4,7.0
37,NC,444,15.6,2.7,1.0,5.6,-1.6,-4.3,0.8,1.9,4.0,1.7,0.4,2.4,2.6,11.7,10.0,9.4,16.7,29.4,22.2,16.8,26.2,17.1,21.4,25.1,19.7,18.4,41.7,36.6,15.8,12.6,10.3,13.8,10.8,10.8,20.0,16.8,6.6,11.2,0.1,-4.2,4.7,4.0,1.9,10.4,6.1,5.2,-0.8,-2.3,2.9,0.0,-7.8,-8.7,-1.5,-5.5,-5.3,-3.4,-8.7,-4.2,-3.5,-8.3,-8.1,-1.6,-7.8,4.3,-4.7,-6.7,3.2,-3.6,0.2,6.8,1.6,2.8,1.8,-4.5,4.1,1.3,-2.5,1.4,0.1,-5.1,-0.2
37,NC,445,4.7,1.9,0.8,6.8,5.1,4.0,4.7,5.7,1.1,3.5,3.6,2.7,4.8,14.0,34.6,16.5,10.8,9.1,14.6,7.5,10.7,10.1,10.0,13.5,-6.4,-12.2,-26.6,-14.8,-10.3,-7.4,-9.5,-5.6,-4.5,-4.8,-6.5,-5.0,8.3,7.0,7.2,7.4,4.6,6.9,6.1,4.4,5.8,5.2,6.6,6.5,6.1,9.5,8.1,5.9,6.7,4.5,3.6,4.7,3.9,1.5,7.3,1.7,3.3,6.3,5.8,1.8,5.6,4.6,5.2,5.9,1.8,8.9,2.7,5.2,5.2,0.3,-0.4,5.3,2.3,1.3,3.1,2.7,2.6
37,NC,446,1.8,5.6,3.6,6.5,3.1,1.6,3.4,-0.2,2.9,2.6,-3.4,1.7,0.4,2.8,8.0,-8.1,-10.0,3.2,5.7,1.5,7.7,2.3,3.5,8.3,-0.6,-2.9,4.0,19.0,14.8,10.3,4.2,9.1,5.5,3.7,9.9,8.3,13.0,13.0,3.8,5.0,8.8,5.9,5.4,7.7,7.8,8.1,7.7,5.1,15.9,16.6,17.9,15.4,21.1,17.7,15.3,18.0,16.2,22.9,19.4,15.3,6.1,6.3,-0.6,5.1,1.5,-1.5,10.3,4.3,7.0,4.9,2.5,7.1,4.6,4.7,9.2,8.5,7.2,11.7,7.4,4.7,7.4
37,NC,447,-8.4,-4.3,-2.4,9.4,-0.5,-4.3,-3.2,-3.2,-5.6,-5.9,-1.4,8.6,16.6,11.2,-13.0,-37.7,-26.7,-14.9,-12.5,-13.2,-9.5,-11.3,-13.4,-7.1,-2.7,-0.1,33.2,64.3,67.0,44.4,41.7,44.8,47.8,50.7,60.1,48.9,26.1,34.1,41.2,46.5,33.8,43.1,35.1,23.6,20.3,15.4,12.6,0.6,1.9,-6.3,-17.1,-18.0,-23.1,-26.3,-23.3,-11.8,-11.4,-11.9,-17.8,-10.0,-6.7,1.8,0.4,1.6,3.0,-0.4,0.1,-6.1,-11.5,-7.4,-1.0,-2.3,1.1,-8.0,-8.6,-9.5,-7.4,-3.6,-2.5,-2.8,6.5
37,NC,448,11.8,-1.9,2.2,7.5,0.7,2.2,2.6,1.1,9.2,1.9,0.8,3.6,2.7,0.8,-46.6,-59.6,S,-1.6,-10.1,-15.0,0.2,-5.1,-11.3,-6.3,-4.3,-13.3,107.2,187.2,48.1,26.8,34.5,24.5,20.0,24.1,36.1,23.0,8.0,24.0,3.8,5.7,1.9,-0.6,-4.1,4.0,6.3,3.1,-1.0,1.7,18.6,9.1,3.1,-0.1,2.2,2.8,9.9,8.6,4.6,2.9,7.6,6.4,1.2,8.1,0.6,-1.2,4.9,3.6,1.5,-0.7,-5.2,3.7,1.8,1.3,3.4,-3.4,3.3,6.0,5.5,2.7,7.4,7.6,8.0
37,NC,451,-3.7,-6.6,-12.3,-2.4,-1.5,-2.8,4.6,2.4,6.9,5.2,1.8,3.3,10.5,4.4,-11.0,-35.0,S,31.3,21.9,-1.5,23.1,17.2,12.7,18.3,4.3,2.0,55.7,108.6,-7.8,-0.4,6.2,18.7,3.1,7.1,17.0,6.8,6.6,21.6,0.5,3.9,3.1,3.4,2.5,7.3,9.3,8.4,2.6,8.8,30.0,10.8,10.0,6.1,12.6,11.0,16.3,13.0,11.6,10.6,S,9.3,-5.7,0.6,-5.0,-9.4,-4.7,-5.8,-9.0,-8.2,-8.4,-6.3,-5.1,-3.5,-2.7,-5.4,0.3,3.0,2.1,0.5,4.7,2.8,3.9
37,NC,452,7.1,-0.3,0.4,9.7,4.7,0.9,2.4,4.7,5.9,-3.2,1.4,-0.1,3.4,9.9,9.7,S,S,20.2,20.0,6.3,16.1,19.0,9.3,6.2,8.7,-0.7,-2.0,80.8,S,-11.2,-5.0,-3.2,-1.7,-1.9,2.5,6.5,-0.8,10.5,6.3,12.3,12.6,17.8,12.1,15.7,14.5,13.3,8.5,8.7,7.1,2.4,-5.4,-10.3,-9.5,-7.7,-6.9,-5.8,-5.6,-11.2,-12.3,-10.1,-3.5,0.2,14.1,0.0,6.0,4.5,-2.3,3.4,-0.7,2.4,2.8,0.8,0.8,-2.7,-3.3,8.5,1.7,1.3,4.7,6.3,4.3
37,NC,453,-0.5,-4.9,0.9,7.6,2.1,1.8,8.3,4.4,5.6,4.6,1.1,7.0,9.3,13.5,-8.1,-30.6,-17.1,4.5,6.0,0.9,8.6,4.0,5.2,10.9,11.3,7.1,49.5,96.6,45.0,33.9,27.8,29.9,29.2,24.4,30.3,19.7,18.0,24.9,12.3,14.3,19.7,13.1,6.8,10.9,5.2,4.0,-0.7,0.0,5.8,1.8,-4.9,-8.1,-2.6,-4.9,-3.5,-8.0,-0.1,4.5,7.3,3.6,-1.8,3.9,4.9,14.3,5.3,4.3,8.5,9.5,4.8,7.4,-1.2,6.2,11.0,6.9,15.4,0.1,15.4,13.7,13.2,1.7,8.0
37,NC,TOTAL,3.0,0.4,0.6,7.0,2.4,-0.7,2.8,3.2,2.9,0.6,1.4,2.7,5.9,9.6,-2.2,-21.3,1.7,9.0,7.9,1.1,9.7,8.5,3.9,8.2,4.5,-0.4,22.8,52.8,14.4,10.6,9.8,10.7,9.9,9.5,15.6,11.9,9.9,15.9,6.4,7.5,7.6,10.0,7.1,10.9,9.0,7.5,4.2,2.5,6.6,3.5,-0.3,-4.0,-0.4,-2.0,-0.9,1.4,0.9,-0.7,0.6,0.3,-0.4,5.1,2.2,3.9,3.7,-0.4,3.0,0.9,-1.5,4.6,3.7,4.5,3.5,-2.5,2.7,4.1,0.6,2.4,4.0,2.2,4.5
38,ND,441,-3.4,-0.6,-2.9,1.4,-0.4,-1.3,3.3,4.3,1.7,2.4,5.8,3.3,3.1,3.7,-29.3,-36.5,-8.9,2.7,0.1,-7.5,5.5,1.2,-6.4,1.4,10.3,6.2,83.4,108.4,34.4,20.4,16.6,14.8,10.4,14.3,19.9,13.8,1.4,4.3,-12.0,-12.6,-15.4,-10.2,-12.0,-2.6,-6.0,-6.6,-9.2,-10.2,8.1,6.2,5.4,2.0,13.8,8.8,10.6,9.3,11.7,6.9,10.3,10.7,3.9,10.2,2.9,7.6,6.5,-1.5,8.7,5.0,1.0,12.3,14.2,12.9,3.9,-1.6,10.2,7.6,-0.2,3.6,4.7,3.2,6.0
38,ND,442,0.4,0.4,-7.4,5.2,-1.5,-1.7,2.6,0.3,2.4,1.1,1.8,-4.1,8.0,-0.4,-13.7,-57.9,-27.5,2.8,5.5,8.1,7.0,8.9,2.3,15.0,18.3,24.8,59.7,S,77.5,24.2,21.6,15.1,17.0,17.7,23.0,8.9,-12.8,-8.3,-12.1,-8.0,-7.2,-6.7,-11.3,-8.7,-8.3,-12.5,-10.5,-6.3,-3.5,-5.6,-7.9,-28.3,-29.0,-13.9,-25.8,-22.1,-13.9,-15.1,-11.1,-15.7,-11.3,-8.5,-16.0,4.9,13.8,-10.1,11.8,2.5,-9.3,-0.3,-6.2,1.4,5.5,-0.1,6.9,7.4,3.1,5.1,7.2,3.3,1.0
38,ND,443,S,S,S,-5.9,-6.7,-14.7,-8.6,-8.2,-4.9,-8.3,-6.4,-3.2,-0.1,4.6,-14.7,-54.7,-49.4,-12.9,-0.9,-2.5,-3.1,2.2,-11.5,-11.0,5.4,-0.2,42.5,190.9,142.7,48.1,25.7,20.9,36.0,34.5,18.4,12.2,9.4,14.1,3.6,-0.1,-3.4,1.7,-1.2,16.0,-2.8,-5.8,7.4,11.6,19.3,6.9,9.4,3.4,14.8,18.1,16.7,4.9,12.9,13.2,-2.4,-0.4,-8.6,11.9,-6.0,7.4,-9.4,3.0,10.1,4.1,-2.5,5.0,14.9,-0.4,-6.2,-15.7,-1.3,6.8,S,7.3,-1.2,-11.4,1.4
38,ND,444,10.3,2.5,4.8,4.9,-5.6,-3.2,2.7,0.1,1.6,-1.0,0.7,2.3,-6.1,3.0,1.3,3.8,13.6,19.2,10.8,5.1,13.4,6.9,8.7,16.9,13.6,7.8,29.8,22.4,1.3,2.0,-0.4,3.1,2.0,2.9,11.1,6.6,7.0,13.6,1.4,-2.7,6.1,5.9,4.5,12.0,7.6,6.9,1.3,-1.3,5.4,2.7,-4.1,-4.4,1.0,-1.8,-3.0,0.4,-4.1,-0.7,0.7,-2.2,-3.5,1.5,-5.0,6.1,-1.3,-4.4,6.2,-2.4,1.1,7.4,0.9,1.4,-0.4,-7.0,3.3,3.3,-1.4,2.4,0.5,-3.5,2.2
38,ND,445,15.4,7.8,11.7,19.2,16.3,17.7,20.5,18.0,13.1,15.9,14.3,8.9,6.7,9.1,31.2,16.7,17.0,13.0,7.3,6.6,10.9,14.0,-3.5,7.3,10.9,7.7,-12.8,-2.0,-2.9,2.3,6.4,3.2,7.4,6.7,21.5,12.9,-2.7,1.9,1.6,4.9,1.7,3.4,2.3,3.9,0.7,1.5,4.2,3.9,6.1,8.6,7.6,2.1,7.0,3.7,0.2,5.0,4.1,0.9,-3.3,-2.0,-0.3,-0.9,-0.7,-6.9,-1.9,-3.1,1.4,-0.1,-0.1,-6.6,4.6,-0.4,3.3,-1.4,-2.4,5.2,1.9,-1.2,-0.2,-2.7,-3.4
38,ND,446,23.2,23.2,12.3,9.8,16.9,8.4,9.0,7.7,4.8,3.3,8.6,4.1,6.4,0.8,1.7,-3.5,-5.8,3.7,9.2,2.8,13.3,2.6,4.4,8.9,7.0,12.1,21.0,26.8,22.1,20.2,14.1,16.8,10.8,14.4,17.6,23.6,6.5,1.5,4.2,1.6,6.2,5.4,4.3,5.2,4.8,6.2,4.6,-3.1,9.3,11.4,10.7,11.8,15.5,11.9,7.9,14.7,13.3,20.6,17.4,13.5,2.3,-2.7,-4.0,-0.6,-3.3,-6.9,0.6,-4.3,-5.2,-6.5,-8.5,-3.5,10.5,15.0,11.2,15.6,14.5,12.5,15.6,12.4,21.2
38,ND,447,-9.0,-9.4,-4.8,1.4,1.1,-1.1,4.7,-10.3,-4.0,-9.6,-7.7,5.5,6.1,-0.9,-28.3,-37.8,-38.7,-23.7,-20.0,-20.9,-19.8,-21.2,-24.6,-23.4,-16.9,-13.4,27.5,49.8,43.3,19.1,15.5,24.3,26.8,31.3,42.2,35.5,21.0,25.2,27.0,16.5,29.8,38.4,29.3,16.3,7.4,11.1,2.9,-2.1,4.2,-3.6,-12.8,-16.2,-21.6,-25.0,-24.5,-10.8,-3.8,-9.0,-17.5,-10.1,-4.7,1.9,-4.8,9.3,2.4,-3.6,2.5,-5.4,-8.7,-8.9,1.4,2.8,-0.5,-4.5,1.7,1.7,3.9,7.7,3.0,3.6,8.2
38,ND,448,4.2,-3.7,3.5,5.4,-0.6,4.2,-0.5,2.4,-1.0,3.7,1.3,6.7,-4.2,3.1,-51.1,-66.1,S,-12.9,-16.2,-16.6,-7.2,-15.1,-22.4,-10.2,0.0,-14.7,118.2,195.7,46.2,27.1,36.1,21.1,18.2,25.7,40.6,16.8,5.5,18.8,-0.8,3.7,-0.1,-1.4,-4.8,1.2,1.2,0.1,-8.8,-12.8,19.3,17.1,5.0,12.6,11.4,10.7,9.4,6.3,8.5,9.8,24.1,S,-8.6,0.7,-4.2,-9.2,-8.4,-5.7,-1.0,3.2,-7.0,-3.7,-12.3,-15.9,5.9,-2.9,8.0,6.0,8.0,5.1,6.3,7.0,7.2
38,ND,451,-15.9,-5.9,8.5,6.6,-1.8,9.1,8.3,12.2,2.6,20.9,7.7,12.1,S,S,10.4,S,S,S,S,33.5,46.5,43.1,35.6,43.9,S,S,S,S,20.8,S,S,S,S,S,S,S,-25.2,-18.0,-26.8,-30.1,-22.3,-27.5,-16.4,-13.6,-17.2,-9.6,-7.9,S,-7.4,-10.7,-22.6,-11.9,-10.6,-12.3,-23.7,-15.0,-17.6,-15.4,-18.4,-10.7,1.9,-0.5,2.2,-1.1,-7.6,-7.9,9.0,-5.2,-8.8,-5.3,8.5,1.5,-3.6,-1.9,3.0,5.2,5.5,-1.4,6.4,3.8,4.7
38,ND,452,4.0,-5.5,5.0,4.5,0.5,6.0,5.8,6.8,0.6,3.2,-0.7,0.7,1.1,14.6,3.7,S,7.9,8.9,4.1,-2.8,0.2,-0.2,-7.1,-2.1,11.8,-4.4,4.2,97.2,-3.3,-7.3,-1.0,-1.3,2.3,11.4,9.1,3.5,-11.9,-5.0,-7.6,-6.4,-0.1,4.5,1.4,5.1,5.4,0.0,-0.3,-7.8,10.1,10.1,-0.6,10.2,4.5,4.1,2.2,5.3,3.7,0.5,1.6,13.5,1.8,8.5,11.7,2.0,3.4,0.9,10.3,10.0,-0.3,5.6,9.2,0.0,9.8,3.1,2.7,8.9,8.5,6.0,3.8,1.7,1.9
38,ND,453,-11.8,-3.4,5.2,9.9,0.1,2.1,10.3,6.6,6.5,3.0,11.5,12.5,3.5,S,4.7,-28.1,S,-9.7,-2.3,-6.8,-1.3,-4.5,-5.5,1.1,11.9,14.3,46.1,83.7,33.0,39.9,23.9,30.7,31.0,26.0,35.3,20.9,17.7,24.3,2.8,3.9,15.6,7.5,4.5,1.0,-3.3,-0.9,-10.5,-5.1,26.5,-0.4,-0.1,-1.5,6.7,4.4,4.2,3.2,6.9,7.5,12.2,8.7,9.9,17.0,17.5,24.9,15.2,13.8,13.8,19.7,17.8,21.9,10.9,18.0,11.4,9.1,12.9,5.8,14.1,16.1,16.1,0.8,10.1
38,ND,TOTAL,0.2,-1.7,0.5,3.9,1.0,1.1,5.1,1.1,0.8,-0.2,1.2,3.9,3.6,5.4,-15.0,-28.7,-9.8,-0.6,-2.0,-6.4,0.1,-2.5,-8.0,-1.9,5.9,2.2,39.9,66.1,23.2,14.4,13.1,14.2,13.8,17.3,24.0,17.7,2.7,7.3,-1.1,-2.9,1.4,5.2,2.4,4.6,0.5,0.8,-2.4,-6.0,7.1,3.8,-1.4,-2.6,-0.6,-3.4,-4.2,1.0,3.1,0.4,-0.7,3.4,-0.2,5.0,0.4,5.2,2.5,-2.4,6.3,1.7,-2.1,2.6,5.9,4.1,3.5,-1.2,5.6,6.1,3.7,5.1,4.3,2.3,5.6
39,OH,441,0.2,1.7,0.9,4.6,3.1,1.0,7.2,5.3,2.6,3.2,6.7,2.8,6.9,9.2,-27.1,-33.3,-5.0,6.8,3.8,0.0,13.5,9.4,0.4,12.7,8.2,2.5,78.1,103.2,30.5,20.0,14.7,10.0,8.0,9.0,16.4,5.6,11.8,15.9,-2.3,-2.5,-4.8,-1.1,-3.8,8.2,4.4,3.4,-0.2,0.2,6.1,-1.5,-2.2,-4.6,6.3,2.8,3.4,1.6,4.3,-0.2,3.4,4.7,-7.5,3.5,-2.5,-0.4,-2.9,-9.4,1.2,-0.9,-7.3,2.9,5.0,2.9,9.9,-1.8,8.7,8.7,2.0,5.1,4.7,3.1,8.1
39,OH,442,-3.0,-2.6,-3.9,1.0,0.1,-2.1,1.4,2.2,3.8,2.2,5.6,1.0,8.5,8.1,-16.3,-55.4,-25.2,5.5,7.6,7.8,13.5,11.1,4.1,16.1,18.2,11.8,54.4,S,63.3,19.7,13.9,10.9,8.3,9.0,17.0,5.4,4.3,13.0,9.2,10.3,9.9,9.0,6.1,11.8,9.3,6.5,5.3,5.7,15.7,6.9,0.2,-5.3,-0.6,2.5,-0.4,-2.6,-4.5,-5.2,-0.9,-2.7,-11.3,-1.6,-6.3,-2.5,-1.5,-5.0,4.2,4.0,4.9,8.0,6.9,11.5,6.7,3.8,6.5,7.6,6.9,4.6,5.7,-1.1,-2.2
39,OH,443,2.4,-1.5,-1.1,-4.9,-2.1,-6.9,2.8,-4.4,-2.1,-4.8,-5.2,-2.6,-10.6,-7.6,-25.8,-56.6,-47.1,-21.3,-12.4,-13.9,-15.0,-9.3,-15.8,-16.9,4.7,-1.6,44.2,154.6,92.5,41.2,23.0,19.7,22.3,20.9,13.6,15.3,2.9,7.2,-1.4,1.9,0.8,-3.6,-1.4,2.9,4.7,-5.4,0.5,-1.1,-0.6,-3.1,-12.5,-19.6,-9.8,-9.7,-12.2,-9.1,-11.1,-6.7,-5.6,-6.4,-7.5,-0.4,-1.4,2.9,3.2,-7.0,-1.3,-5.8,-16.7,-2.5,-6.4,-2.5,-2.9,-2.8,0.6,0.4,-4.0,1.9,4.3,6.0,18.7
39,OH,444,24.6,2.1,0.3,1.7,-1.2,-5.8,-2.6,-6.3,0.6,-4.0,-4.8,-8.6,-10.2,5.1,3.5,-0.7,9.4,25.4,17.1,14.2,24.1,16.5,17.3,23.5,18.3,16.5,39.1,41.1,14.1,10.3,8.8,12.2,8.6,8.6,17.6,13.9,18.1,22.8,13.3,7.1,17.9,18.2,14.8,23.4,18.1,18.6,14.1,9.0,-0.5,-0.5,-8.4,-7.9,-1.4,-5.8,-5.8,-4.5,-8.7,-4.5,-4.9,-7.6,-6.9,-2.2,-8.6,2.1,-5.1,-7.4,2.8,-11.7,-0.3,5.1,-7.8,-8.6,-7.5,-11.7,-2.5,-4.7,-8.3,-4.5,-5.9,-3.2,-5.3
39,OH,445,4.1,2.2,-0.8,8.7,2.6,1.5,4.6,5.7,2.1,4.6,4.8,5.0,3.4,7.4,25.3,8.7,10.4,8.6,8.4,4.0,6.6,6.1,4.8,6.1,7.7,4.4,-10.6,1.3,1.9,3.5,3.8,9.3,9.0,10.1,7.9,10.3,2.4,6.5,6.3,7.7,4.4,7.2,6.3,2.2,4.0,3.3,5.0,4.7,5.1,3.8,3.2,1.5,2.4,-0.7,-1.7,1.2,0.6,-2.2,1.6,-0.6,-7.7,-5.0,-4.5,-10.1,-6.8,-7.1,-6.6,-6.7,-8.4,-5.4,-6.7,-8.4,5.0,-2.3,-2.5,5.7,1.6,0.4,1.5,1.1,1.0
39,OH,446,2.8,3.8,1.8,5.8,1.4,-0.5,2.6,0.0,2.1,0.9,-2.7,1.5,-7.9,-5.1,-1.9,-17.9,-18.9,-5.4,-3.8,-7.7,-2.2,-5.5,-6.4,-1.4,1.1,-1.4,5.2,22.4,18.4,11.4,4.9,9.9,6.7,5.0,11.3,10.5,8.2,8.6,0.8,2.9,4.9,2.7,2.6,4.5,4.5,4.9,4.1,2.4,8.4,9.4,9.8,6.4,13.0,9.9,7.3,10.5,8.2,12.6,10.5,4.4,5.4,5.0,-1.0,3.6,0.4,-2.8,8.2,3.2,5.6,4.3,1.8,6.0,4.3,4.6,8.1,7.8,6.2,10.4,6.3,4.3,6.1
39,OH,447,-8.1,-3.4,-0.2,6.5,0.1,-4.4,-2.2,-4.9,-5.4,-7.2,-2.2,6.7,5.8,-0.3,-23.2,-43.7,-34.0,-22.8,-20.7,-20.2,-18.0,-19.2,-23.3,-15.5,-8.7,-6.1,28.4,55.8,49.5,36.6,33.7,34.3,36.5,41.2,50.5,38.5,32.4,38.7,43.8,51.2,46.5,47.8,40.7,27.3,21.6,18.5,16.3,5.2,5.0,-2.0,-12.9,-14.0,-20.2,-22.8,-20.8,-6.4,-4.8,-7.5,-11.6,-6.0,-7.7,-0.1,-1.6,0.9,0.0,-3.1,-0.9,-8.3,-13.4,-8.8,-7.0,-4.0,-0.1,-7.8,-8.3,-8.5,-6.9,-4.6,-3.7,-3.3,5.5
39,OH,448,-1.5,-4.1,0.9,6.3,-2.6,0.5,-1.8,0.3,-0.7,0.2,-2.2,1.1,10.7,0.0,-49.1,S,S,2.1,-9.4,-10.5,7.7,-3.6,-13.3,-5.1,1.0,-9.7,124.4,S,43.3,20.4,31.1,20.4,13.8,22.9,39.8,23.7,3.6,13.1,-5.4,-3.4,-5.6,-9.7,-10.2,-3.0,-4.1,-7.3,-9.3,-8.6,3.0,3.9,-5.9,-4.5,-5.3,-5.1,-1.2,2.4,-2.4,-4.5,-2.7,2.3,0.5,11.5,5.0,0.1,9.1,9.2,7.8,3.7,0.3,8.0,6.6,2.2,0.3,-7.3,3.1,3.3,3.7,2.4,5.5,7.6,5.4
39,OH,451,-9.0,-11.6,-8.6,2.5,-5.5,-1.5,4.9,9.0,3.3,9.8,2.9,3.6,7.9,12.0,-24.2,S,S,46.8,30.5,S,S,35.4,S,35.2,S,24.2,120.2,636.2,3.5,S,7.8,2.7,0.2,8.0,20.0,8.9,-2.3,14.1,-13.1,-8.7,-4.3,-5.9,1.9,0.7,3.8,-0.2,-1.5,7.2,1.5,-1.9,-2.0,-0.2,-2.0,-1.3,-2.8,-2.9,-1.4,-1.4,0.3,-7.2,-8.5,-3.6,-9.2,-14.5,-6.6,-10.7,-10.2,-12.2,-13.3,-8.3,-10.4,-7.9,-0.4,-8.0,-0.9,0.9,-0.4,-2.0,-2.9,2.8,3.9
39,OH,452,1.1,0.7,-0.6,9.2,-1.0,2.4,3.5,4.3,-0.9,3.4,0.3,-1.3,12.0,9.7,10.4,S,S,18.9,11.7,8.4,16.2,8.7,4.1,4.0,18.0,1.3,10.9,154.9,2.4,-1.4,5.4,4.3,6.5,11.4,10.6,9.1,-2.4,5.9,-1.8,4.1,3.7,6.9,4.6,13.1,10.3,5.2,2.7,4.0,6.9,13.5,3.7,3.4,-0.6,3.2,2.7,2.2,0.5,0.2,1.9,3.1,1.7,2.7,8.1,-1.8,4.1,0.1,6.3,3.7,-1.0,4.0,4.5,1.9,8.1,2.1,2.1,3.6,2.7,5.2,0.4,6.7,5.1
39,OH,453,1.3,3.6,-1.0,6.5,2.0,1.0,7.4,5.1,3.7,10.3,1.8,4.5,9.9,7.1,-11.5,-35.3,-21.1,5.4,7.7,-1.4,5.8,-5.8,5.2,12.3,-0.4,-4.9,38.2,86.1,36.4,17.2,14.3,16.3,14.9,16.5,14.4,8.2,14.2,17.8,7.4,7.0,13.1,7.5,4.1,4.0,0.8,-1.1,-5.0,-1.7,-1.9,-2.6,-7.2,-7.2,-2.1,-0.4,-5.6,-7.5,0.2,3.5,6.5,1.0,0.6,8.7,10.1,15.2,9.7,2.1,8.9,11.9,7.2,9.1,-2.6,7.8,12.6,5.2,8.8,0.7,10.0,14.2,9.6,3.0,9.8
39,OH,TOTAL,1.6,0.6,-0.1,5.9,0.9,-0.4,3.2,2.1,0.5,1.2,1.7,1.6,4.1,5.6,-8.6,-31.2,-3.8,5.5,2.8,0.0,7.8,3.6,-0.7,5.2,8.1,2.1,31.6,73.0,20.3,13.4,12.5,12.1,11.2,13.3,17.6,12.1,9.3,14.8,5.5,7.1,7.4,9.2,6.9,10.7,8.3,6.3,4.2,2.7,5.3,2.7,-2.2,-3.6,-0.9,-2.7,-2.8,0.0,0.1,-1.2,0.1,0.5,-4.7,1.3,-1.1,-1.3,-1.2,-5.1,1.5,-2.3,-5.0,0.8,-0.2,-0.4,5.2,-2.2,2.4,3.2,0.5,2.7,1.6,2.4,4.6
40,OK,441,-3.3,-2.5,0.5,4.5,0.3,-0.5,5.7,5.4,3.2,3.6,6.4,2.9,10.6,13.5,-24.4,-28.0,0.7,11.4,7.8,2.8,16.9,13.0,4.5,15.5,4.5,-3.8,66.9,84.3,21.2,12.0,7.8,3.5,1.8,2.6,10.2,2.9,11.2,18.0,-1.7,-1.5,-4.2,-1.0,-1.2,9.5,5.5,4.6,0.3,-1.6,-4.8,-5.2,-7.4,-12.2,-0.7,-1.8,-2.7,-4.0,-2.6,-6.1,-3.3,-2.6,0.2,6.9,-0.8,5.1,-0.3,-7.0,2.4,0.7,-5.9,5.5,6.5,4.3,4.2,-3.4,12.4,9.2,4.6,5.7,6.7,3.6,9.7
40,OK,442,0.6,3.4,-0.1,7.3,6.1,4.1,6.6,6.4,8.3,2.5,2.1,-3.6,15.1,17.3,-16.4,-62.9,-43.1,0.0,-2.9,4.7,13.9,6.5,2.9,-20.3,13.5,6.0,63.6,255.7,117.2,28.3,27.8,17.3,8.6,20.6,24.9,S,9.0,21.7,14.1,13.1,14.3,11.8,7.9,12.8,9.4,8.7,6.3,4.6,15.0,5.9,0.2,-6.6,-1.5,6.0,-4.5,-3.2,-3.3,-4.9,4.2,3.6,-14.0,2.9,-3.0,2.1,2.8,-3.8,8.5,11.4,9.8,11.7,11.9,13.0,7.1,2.1,6.3,6.5,6.0,2.1,3.4,-3.6,-7.1
40,OK,443,2.2,-2.2,-2.4,-5.3,-3.8,-8.0,-4.6,-6.1,-4.4,-7.3,-8.0,-4.3,-3.9,-2.3,-21.7,-48.0,-41.6,-19.8,-9.5,-10.9,-11.9,-4.8,-9.4,-13.7,-1.1,-5.6,39.6,119.8,81.8,42.7,24.7,20.6,25.2,23.4,10.8,14.3,3.6,10.4,1.8,2.5,0.3,-3.6,-3.1,2.3,0.8,-6.6,-3.6,-3.7,4.6,0.0,-5.0,-10.7,-1.8,-0.7,-4.5,-2.9,-4.9,-1.2,-3.6,-5.2,-3.7,9.8,-2.9,6.1,1.4,1.8,8.1,6.2,1.9,0.8,10.1,10.2,1.6,-5.5,2.3,0.1,2.1,-1.7,0.9,-4.6,3.6
40,OK,444,12.1,4.5,0.4,8.8,-3.4,-4.3,2.3,0.4,1.4,0.9,-1.0,6.2,2.9,7.2,4.2,3.2,13.1,22.9,13.6,11.9,21.4,13.2,14.2,18.9,16.8,12.0,37.8,31.9,11.3,9.0,7.5,10.4,7.9,8.2,17.6,15.2,7.7,16.2,3.5,0.0,9.6,8.7,7.4,16.1,10.2,9.0,3.4,0.4,0.2,-3.7,-10.5,-11.6,-5.3,-9.4,-10.9,-10.8,-11.0,-7.4,-7.0,-10.6,-7.7,-2.5,-9.8,1.1,-5.6,-6.4,4.8,-3.0,-1.3,4.3,-3.5,-0.4,0.5,-7.3,4.2,1.4,-2.2,0.6,-0.7,-4.1,3.4
40,OK,445,7.3,0.5,1.7,5.7,4.9,3.0,6.1,5.8,3.7,3.8,2.4,0.2,4.9,11.0,28.7,18.5,19.8,14.5,15.4,10.9,15.9,15.5,14.6,17.4,3.2,3.8,-17.0,-7.9,-11.9,-5.5,-6.7,-3.7,-2.8,-1.7,-3.3,-0.9,7.7,7.9,12.0,10.6,12.4,14.0,13.6,12.1,9.2,9.5,11.4,8.3,3.5,3.1,1.9,1.0,1.9,-0.6,-0.9,-0.7,-0.2,-3.1,-3.3,-1.8,0.0,0.6,1.4,-1.1,0.8,-0.7,-1.0,1.5,-0.4,2.9,3.7,0.5,5.4,1.7,0.8,1.3,2.3,0.6,2.4,1.2,-0.7
40,OK,446,10.9,11.5,3.4,6.4,3.8,2.0,4.3,0.6,3.1,1.9,-2.4,3.3,-2.1,-0.9,4.4,-11.4,-13.2,0.0,2.0,-3.0,4.4,-0.9,-0.7,3.6,4.7,2.2,10.3,25.1,19.7,16.2,9.5,15.2,10.5,7.9,14.4,12.2,14.2,14.5,5.3,6.1,10.9,7.8,6.9,10.6,10.4,11.6,11.2,3.7,0.1,1.0,1.9,-0.1,4.1,0.7,-0.7,1.2,0.7,7.0,2.7,3.8,4.2,5.5,-1.8,3.5,1.0,-1.2,10.4,4.1,6.4,4.7,2.1,6.5,6.2,4.9,9.0,10.2,7.0,11.8,8.6,4.7,10.0
40,OK,447,-12.2,-4.4,-4.5,5.5,-1.8,-3.7,-5.7,-4.2,-4.5,-6.3,-0.7,8.5,3.3,-1.8,-24.9,-42.9,-34.2,-23.6,-21.5,-23.5,-20.8,-22.1,-24.5,-18.5,11.5,13.6,54.1,86.6,88.7,60.4,57.5,61.9,65.6,70.6,78.6,65.9,32.4,39.1,46.8,52.4,38.8,51.9,43.5,31.4,26.4,23.2,20.3,7.6,-0.6,-7.7,-18.2,-20.8,-24.9,-27.9,-25.6,-13.2,-11.9,-14.8,-18.1,-12.4,-5.0,3.4,1.1,5.9,5.8,2.7,4.7,-2.9,-8.0,-3.5,2.4,3.8,4.2,-3.9,-5.1,-6.8,-5.3,-3.4,-2.1,-1.5,4.5
40,OK,448,-1.2,-2.4,0.2,5.3,-2.0,2.3,-0.2,5.2,0.8,3.5,0.3,4.3,-0.6,0.6,-47.5,S,S,-2.8,-17.6,-10.7,1.8,-10.2,-16.6,-8.3,-7.0,-26.4,97.1,S,24.3,9.3,20.2,8.6,3.0,13.2,24.2,9.2,9.4,25.2,-2.6,6.9,1.0,-2.1,-1.8,3.6,2.6,0.3,-1.8,1.7,15.4,18.1,6.5,5.0,8.8,10.5,9.3,8.8,10.3,5.8,10.5,10.3,-3.6,8.7,0.8,-2.3,3.8,-0.1,4.0,-2.1,-2.3,2.6,0.2,-0.6,4.4,-5.6,2.5,4.1,3.2,-0.2,5.2,6.0,2.2
40,OK,451,-3.1,-6.4,-16.1,-3.2,-7.0,-1.9,5.4,0.1,4.3,4.1,2.0,4.1,4.0,3.9,-15.1,S,S,27.4,17.5,14.6,19.7,14.3,8.7,13.0,S,S,S,S,S,S,-2.6,-2.6,-8.2,0.7,9.3,-2.2,9.9,24.9,-5.3,5.7,7.3,3.2,5.7,6.8,9.5,5.3,7.8,7.5,-6.7,-5.6,-10.2,-12.9,-9.3,-9.3,-9.7,-11.2,-11.3,-10.3,-11.4,-12.3,0.5,4.4,-1.0,-4.9,-0.9,-5.0,-2.3,-3.3,-1.8,-0.2,2.3,6.4,0.5,-5.3,2.5,4.5,5.7,2.8,6.9,7.3,6.3
40,OK,452,0.6,-1.3,-0.6,5.0,-4.0,3.0,3.5,5.8,-0.2,5.3,-2.2,-1.0,3.4,9.3,13.0,-26.6,S,29.5,14.3,13.7,22.6,13.1,13.0,11.5,20.4,-4.5,9.8,60.9,S,-13.8,-2.0,-10.5,-3.4,5.1,4.8,4.7,-5.2,5.4,-7.9,6.4,8.7,7.7,6.8,24.7,5.1,3.5,3.9,0.5,4.3,7.8,-1.9,-3.8,-5.3,-4.3,-4.1,-0.9,-0.3,-6.7,-9.0,-3.4,0.8,11.4,14.3,0.7,3.9,5.6,5.8,-3.6,-0.2,1.7,1.0,1.1,4.6,-4.3,-3.6,16.7,6.2,4.3,13.3,10.7,6.4
40,OK,453,-1.1,-6.0,-2.2,4.5,1.9,0.8,7.1,3.5,4.3,5.6,3.6,6.6,9.7,14.9,-2.5,-15.5,-0.8,15.0,7.0,4.5,15.4,11.2,9.5,19.8,23.6,22.2,60.2,84.6,38.3,35.4,39.2,34.8,36.0,31.4,36.9,27.4,15.5,22.3,10.3,9.5,14.1,10.0,3.9,10.2,4.3,4.1,-2.3,-1.9,3.5,0.3,-4.1,-4.0,2.3,1.3,4.1,-4.2,3.3,5.5,10.7,6.2,0.4,5.8,2.2,8.9,3.2,1.2,2.7,7.1,0.7,5.7,-3.4,3.5,12.0,5.5,14.0,2.8,9.6,13.4,12.5,6.6,12.4
40,OK,TOTAL,-0.7,-0.7,-0.8,5.2,-0.6,-0.4,2.3,2.5,0.9,1.4,0.9,2.7,5.1,7.3,-8.9,-24.1,2.8,7.5,2.9,0.5,9.0,4.4,1.5,5.8,9.4,1.2,34.7,59.0,14.8,12.4,13.4,11.1,11.6,14.8,19.0,14.6,11.2,18.6,8.0,11.6,11.4,13.8,11.9,16.9,10.7,9.3,6.9,2.3,0.7,-1.1,-7.2,-10.0,-7.0,-8.6,-8.8,-5.2,-4.4,-6.4,-6.5,-3.9,-1.9,5.3,1.2,3.1,1.6,-1.3,4.2,-0.3,-2.6,2.6,2.9,3.2,4.5,-2.5,3.4,5.1,2.3,2.9,5.0,2.8,5.7
41,OR,441,-1.1,0.1,0.6,1.5,2.8,-0.4,4.6,4.8,1.1,2.7,4.7,1.0,5.5,4.7,-27.1,-32.7,-5.2,6.2,4.3,-1.0,8.1,7.3,-0.1,10.0,10.5,7.1,75.7,100.3,29.1,17.0,10.9,7.3,11.0,8.5,15.8,9.1,10.6,14.5,-2.4,-3.6,-7.0,-1.3,-2.1,8.6,1.7,1.8,-0.8,-2.8,6.9,5.9,5.8,1.3,13.4,10.5,10.7,8.7,11.5,7.4,10.9,10.4,-1.1,3.8,-3.6,2.1,-0.4,-8.8,1.8,0.0,-5.4,5.0,6.4,6.1,6.3,-1.3,9.8,6.8,1.5,2.8,3.5,1.4,5.0
41,OR,442,-2.2,-1.2,-3.2,0.1,-0.5,-2.7,0.2,-0.7,2.2,1.1,1.4,0.3,8.2,11.4,-19.2,-54.3,-23.8,-0.7,3.5,3.0,6.1,6.2,-1.5,8.7,4.2,0.9,47.3,S,48.7,17.9,12.3,10.1,8.6,10.7,17.6,3.2,3.3,10.3,6.6,7.7,7.1,4.9,1.9,8.0,6.6,3.8,-0.1,-0.6,-0.5,-7.4,-12.0,-18.8,-13.8,-13.4,-12.7,-14.0,-16.7,-18.5,-12.7,-15.0,-3.2,2.6,-4.4,4.5,6.4,1.5,7.2,4.9,5.9,9.3,5.9,12.6,3.2,0.3,5.7,5.3,2.9,7.1,8.5,1.7,1.7
41,OR,443,6.6,-0.2,0.0,-1.6,-1.6,-5.1,6.7,-5.9,-2.5,-0.9,-0.6,-0.4,4.3,5.7,-14.6,-54.7,-44.4,-17.0,-10.7,-3.6,-3.7,2.4,-6.2,-6.7,-13.2,-16.6,20.2,136.9,79.2,29.2,11.3,4.5,2.3,0.3,-3.6,-6.9,-15.8,-1.7,-10.2,-8.6,-9.0,-16.5,-16.4,-11.8,-6.7,-15.6,-14.7,-14.0,38.6,22.3,13.7,6.2,14.3,18.1,13.1,16.6,17.6,21.2,30.6,24.3,-5.3,0.8,-7.6,-1.0,3.8,-5.1,1.2,-5.0,-11.4,-6.8,-9.4,0.1,-4.2,-7.8,0.5,-1.1,-4.5,0.7,2.7,2.6,7.6
41,OR,444,8.5,1.6,0.4,8.7,-2.4,-4.4,0.8,-0.3,1.0,0.1,-0.3,4.9,3.5,9.3,6.8,3.6,11.3,22.9,15.2,12.8,22.2,14.5,14.9,20.7,14.1,11.6,32.8,31.0,12.8,9.4,6.5,9.5,6.3,4.9,14.7,11.0,13.0,17.5,7.5,2.8,10.9,10.7,9.1,17.3,13.0,14.1,7.1,5.0,3.6,1.2,-6.0,-5.7,0.7,-4.1,-3.9,-2.8,-5.3,-2.2,-1.6,-4.4,-6.3,-1.6,-8.0,2.6,-4.4,-6.4,4.1,-5.8,-1.0,4.8,-4.2,-2.4,-0.6,-7.9,2.3,-3.3,-5.3,-0.5,-2.8,-4.6,-1.5
41,OR,445,3.5,1.5,0.2,1.3,3.5,1.2,3.3,2.8,1.6,1.3,3.8,2.4,0.7,4.3,21.4,18.2,19.1,13.4,16.0,13.4,14.7,18.2,14.0,15.9,15.1,14.3,-0.3,7.5,-4.4,1.7,0.5,0.9,4.6,1.1,0.3,4.6,2.0,0.1,2.8,1.0,6.5,4.2,5.7,9.5,7.9,10.0,11.9,8.8,10.0,10.8,3.7,3.8,6.1,9.0,5.5,3.0,2.0,0.1,-0.7,0.3,1.1,3.8,3.4,-0.8,1.7,3.0,2.2,1.6,2.6,4.3,5.0,0.2,0.3,-1.7,-0.4,4.8,1.9,-0.8,1.0,3.1,-2.6
41,OR,446,-1.2,5.1,3.1,6.3,2.7,1.0,4.3,0.9,5.1,4.7,-2.4,3.0,-3.7,-1.7,-0.7,-17.3,-17.1,-5.2,-1.9,-7.5,-1.7,-6.5,-4.7,-0.9,-2.0,-5.1,7.1,25.0,18.8,13.2,5.9,11.3,7.4,4.3,10.9,9.6,13.7,15.4,5.7,5.9,9.4,7.7,4.9,8.9,9.0,8.9,8.5,7.4,7.3,7.7,8.1,5.3,11.4,9.1,6.8,9.4,6.9,11.0,9.7,5.7,4.4,5.0,-2.8,0.8,-2.5,-5.5,3.5,-1.3,0.5,0.3,-2.3,2.0,0.8,-1.4,4.8,5.4,3.6,7.6,4.9,1.4,0.9
41,OR,447,9.8,-4.1,9.7,3.0,2.4,-11.5,-5.4,-11.0,-9.6,-11.2,-8.3,1.7,19.6,12.3,-15.7,-33.6,-29.4,-13.5,-9.9,-5.7,-2.4,-5.5,-7.7,-2.7,-16.2,-11.8,47.2,73.1,26.4,25.2,21.9,17.2,19.4,17.1,24.1,15.9,42.8,46.3,25.0,29.0,70.9,52.4,49.2,38.6,25.9,33.8,21.4,13.1,14.4,8.4,-2.4,-4.8,-10.3,-15.4,-17.1,-2.1,3.9,-2.2,0.2,2.7,-15.8,-12.0,-8.5,-2.8,-10.9,-4.2,-0.9,-11.1,-13.7,-9.4,-10.6,-4.2,6.0,2.1,-4.2,-5.6,2.7,-2.2,-0.7,-1.1,-11.6
41,OR,448,3.2,-3.8,-0.6,3.1,0.3,-1.9,1.2,1.9,-6.5,3.3,0.2,5.3,-1.2,13.8,-54.2,-98.3,S,-21.0,-22.1,-18.5,-11.3,-14.8,-21.8,-16.7,-7.9,-14.4,141.0,S,S,40.8,44.4,20.5,28.8,27.8,39.1,32.0,14.8,25.7,4.7,5.6,1.6,0.5,-5.7,2.3,1.1,-1.3,-3.7,-2.7,7.2,-0.9,-5.2,-7.2,0.7,0.8,3.5,4.3,2.7,2.8,1.5,6.0,-8.7,3.7,1.3,1.2,3.0,-1.5,-1.3,3.3,-2.2,-0.2,4.2,-1.2,15.6,-0.1,3.0,8.9,3.1,3.7,11.5,11.9,10.1
41,OR,451,-7.8,-10.5,-10.0,-2.5,-2.2,-1.2,4.8,3.4,5.3,14.6,3.4,3.6,17.5,16.2,-17.3,S,S,24.8,17.8,3.1,12.7,24.1,24.2,25.3,45.4,20.1,89.4,60.0,8.6,18.0,17.6,32.3,34.6,30.2,31.2,27.3,-3.7,14.8,-5.0,-6.4,-2.6,-2.9,4.1,2.8,2.4,1.7,-10.0,2.6,3.7,-3.8,-1.9,-0.8,4.9,0.6,-1.7,-3.0,-0.1,-0.9,12.4,-2.8,-7.3,-1.6,-6.2,-11.5,-9.9,-9.9,-11.8,-7.9,-9.1,-4.5,-5.9,-4.4,-1.1,-6.5,1.0,2.9,2.8,0.4,4.8,2.4,2.2
41,OR,452,3.0,-1.9,-1.9,2.4,3.1,-0.2,1.2,2.0,0.9,3.7,1.8,0.1,-1.6,5.7,-4.6,S,-23.1,-22.2,-13.7,-22.0,-17.0,-6.0,-19.3,-16.6,9.8,2.1,11.2,414.2,51.0,47.4,38.7,S,35.0,27.6,31.7,31.9,11.9,20.6,14.3,6.8,5.4,16.1,10.5,15.0,16.7,7.4,14.4,7.0,8.0,2.4,1.2,1.6,5.3,-5.1,-2.9,-2.8,-4.4,-0.4,4.3,5.8,-7.8,5.5,10.4,1.9,4.8,9.5,3.5,11.1,9.6,8.7,6.6,5.4,11.9,2.8,3.7,0.5,7.6,-2.1,3.5,-5.4,-2.0
41,OR,453,-3.1,-5.7,-2.4,3.8,2.2,1.5,11.4,8.2,5.2,5.8,0.8,7.2,15.1,22.5,-1.2,-30.8,-16.4,6.8,2.5,0.4,9.5,6.3,7.1,23.1,12.1,1.2,40.9,98.4,45.5,25.3,26.4,23.1,21.6,14.5,22.5,5.6,7.9,17.5,6.2,8.0,12.5,10.7,4.1,9.9,6.1,5.0,-0.8,-2.8,4.9,1.4,-2.7,-5.2,-1.8,-2.1,-5.6,-8.3,-2.0,4.2,5.3,8.3,-6.7,1.7,1.4,8.8,6.0,-1.0,4.1,5.4,3.0,6.6,-5.8,2.7,14.0,6.8,18.5,4.4,10.1,14.2,14.4,5.1,10.2
41,OR,TOTAL,2.2,-0.9,0.3,2.6,2.0,-1.8,2.4,1.3,0.0,1.3,1.3,1.9,4.2,7.0,-11.2,-34.8,-12.2,-1.1,0.2,-4.0,2.2,3.8,-2.9,2.2,7.5,3.5,37.3,94.0,31.1,21.1,16.7,14.4,16.0,12.8,18.3,15.0,11.6,16.9,5.8,3.8,7.1,9.6,7.6,13.0,9.4,8.2,6.3,3.2,8.1,4.9,1.4,-0.7,4.6,0.7,0.4,1.6,2.4,1.9,4.7,4.7,-4.9,1.8,-0.6,1.1,-0.3,-2.0,1.9,0.8,-1.1,3.4,2.1,2.6,6.1,-0.5,4.6,2.7,2.8,1.1,3.1,0.0,0.4
42,PA,441,2.1,-1.0,1.6,4.9,-0.2,-1.7,4.8,3.5,3.5,4.6,3.8,-1.4,0.0,7.4,-32.6,-45.1,-15.0,2.3,-2.8,-7.2,5.5,1.2,-5.7,4.5,6.1,-1.5,79.5,126.5,36.6,17.1,13.3,9.1,4.7,6.3,14.5,6.8,9.8,16.4,-2.9,-3.2,-5.1,-0.3,-2.1,9.3,6.8,5.2,2.1,2.4,1.9,-1.0,-1.3,-3.9,6.9,4.2,4.5,3.9,5.0,1.6,3.2,3.0,3.6,7.9,2.3,6.7,2.4,-7.1,4.6,-2.1,-4.7,4.6,6.3,5.1,2.7,-2.9,8.0,5.3,-1.6,5.5,2.0,3.8,5.3
42,PA,442,0.6,0.3,0.5,1.5,2.4,-0.7,3.9,2.5,3.5,3.6,3.9,0.6,4.8,5.6,-18.1,-57.8,-28.8,2.6,6.1,5.3,10.6,8.9,0.6,7.6,15.9,10.4,53.9,205.1,66.5,22.0,14.0,8.3,10.3,8.6,16.1,9.0,0.2,13.0,6.7,7.1,4.6,4.1,2.2,9.7,7.0,5.4,1.2,-0.4,10.9,1.2,-4.4,-10.3,-2.7,-4.0,-6.2,-4.5,-8.7,-10.2,-3.7,-6.0,-14.1,-7.3,-13.5,-7.7,-9.3,-9.5,0.0,-3.1,-3.4,2.6,0.9,6.1,8.3,1.5,7.8,9.4,6.9,7.7,7.7,0.9,2.0
42,PA,443,0.8,-3.6,-3.2,-3.8,-1.0,-5.4,4.7,-3.5,-0.8,-1.5,1.6,1.8,-9.4,-3.4,-25.1,-58.0,-47.1,-19.6,-12.3,-6.5,-8.7,-3.9,-16.3,-12.3,1.7,-4.2,43.5,163.9,95.9,40.7,20.5,10.8,13.9,13.3,13.4,11.4,-4.7,0.5,-6.7,-5.1,-7.8,-13.5,-12.0,-1.4,-3.6,-12.9,-9.3,-13.5,11.3,6.3,-0.8,-8.7,0.2,2.5,2.3,-3.2,-0.8,3.9,8.0,14.5,-3.6,0.8,-6.4,1.6,0.4,-4.9,-0.7,-5.2,-12.6,-1.3,-8.3,-9.2,-5.8,-4.4,2.3,3.1,7.4,7.9,14.5,11.7,19.4
42,PA,444,17.5,2.3,0.4,5.8,-1.0,-3.3,0.9,0.4,1.7,-0.7,-2.0,0.9,-0.6,7.1,3.9,2.1,11.0,23.3,15.7,11.7,22.3,13.4,15.7,20.1,12.3,10.4,34.2,32.4,10.2,7.9,4.9,9.1,5.4,5.2,15.5,10.2,10.8,16.4,5.6,0.3,9.1,8.6,6.2,14.5,10.2,10.4,2.6,2.4,2.7,1.4,-5.8,-6.0,1.2,-4.2,-3.2,-1.8,-6.6,-1.6,-1.5,-5.3,-9.2,-3.9,-10.9,0.5,-7.6,-9.4,0.7,-11.7,-2.8,2.7,-7.2,-7.6,-4.0,-11.1,-4.0,-6.2,-9.5,-5.2,-7.2,-6.7,-5.8
42,PA,445,7.5,2.0,-3.5,7.9,3.0,1.5,5.2,3.3,3.6,3.5,0.7,3.0,-2.7,3.1,20.6,-8.8,-0.2,3.1,3.2,-0.7,3.9,-0.5,4.0,4.0,7.2,9.2,-7.0,14.4,8.2,13.8,8.0,14.1,13.7,14.3,13.5,10.3,2.3,1.7,3.3,7.6,2.9,1.6,0.7,0.6,-2.5,0.2,2.5,0.6,5.7,5.3,4.4,2.7,0.5,-3.2,-3.2,-1.4,-0.4,-3.3,-3.8,-1.7,-3.3,0.2,-1.1,-4.4,3.0,0.3,4.2,2.2,0.5,4.4,3.6,0.9,4.8,-0.9,-1.4,7.2,2.3,2.2,3.6,3.0,5.6
42,PA,446,-6.3,0.9,3.8,6.8,2.6,0.6,1.8,-1.1,2.9,2.6,-2.9,1.5,8.4,10.5,14.2,-3.4,-3.8,8.0,13.0,9.3,13.8,9.3,10.2,15.6,-5.9,-8.2,-0.9,14.2,9.8,6.0,-0.7,3.6,1.0,0.1,7.4,4.0,13.6,13.8,5.4,6.7,9.7,8.4,6.9,8.5,8.9,7.8,5.9,7.4,14.1,14.3,15.0,12.2,19.3,14.9,12.8,16.2,13.5,18.3,16.2,11.0,4.0,6.8,-3.1,1.6,-3.1,-1.9,14.0,7.7,10.7,9.0,1.8,5.8,5.7,7.0,17.1,15.2,13.6,14.3,4.9,3.3,2.1
42,PA,447,-10.6,-2.5,-7.4,2.4,-1.7,-7.5,-12.0,-6.1,-6.0,-7.5,-2.2,5.1,3.3,0.6,-18.2,-39.1,-32.6,-18.7,-17.7,-29.5,-26.4,-27.4,-30.6,-26.6,-11.5,-7.2,7.7,33.3,31.3,24.7,23.8,48.6,48.6,55.7,61.9,53.1,30.9,33.5,50.6,58.2,55.6,49.3,38.4,25.0,11.6,11.0,10.9,8.0,-13.3,-17.3,-25.8,-27.3,-31.0,-33.4,-30.9,-18.3,-12.8,-16.9,-16.9,-20.3,-8.2,1.2,-3.7,5.0,0.0,-3.1,1.3,-8.8,-14.0,-9.1,-16.3,-5.1,-0.6,-6.7,-5.6,-6.9,-7.5,-5.8,-5.7,-3.9,26.6
42,PA,448,0.4,-0.8,2.1,6.3,-2.4,-0.5,-0.2,-0.8,-1.0,-0.3,-0.5,1.2,3.7,0.3,-55.6,S,S,-23.6,-10.6,-15.7,-5.9,-11.8,-21.3,-15.1,-10.7,-18.5,123.9,S,S,41.8,25.0,13.7,14.2,18.0,34.9,23.6,9.8,24.7,2.2,7.2,-0.5,-2.6,-7.3,1.0,1.6,-0.5,-4.1,-2.1,4.1,-3.3,-7.4,-5.7,-4.2,-2.5,-1.0,0.6,-1.4,-5.0,-0.1,2.9,-3.3,4.6,2.3,-4.4,2.0,-0.9,-3.0,0.7,-7.2,3.2,-0.5,-4.7,1.0,-5.9,1.9,5.7,3.9,3.0,6.7,7.1,6.4
42,PA,451,-35.8,-35.6,-8.3,-4.4,-5.1,-3.0,7.1,3.0,0.1,3.8,1.0,2.6,11.2,20.1,-25.6,S,S,26.1,27.1,0.9,25.2,14.1,6.0,8.1,33.7,7.9,94.5,S,221.2,-9.8,-7.5,2.8,-11.7,-9.3,-1.4,-5.4,-19.3,-3.4,-18.0,3.3,1.9,4.6,4.8,11.4,13.1,11.6,3.0,13.2,1.3,9.2,-2.4,-4.5,-1.9,-1.1,-2.3,-10.3,-2.3,-8.6,-2.6,-8.1,6.5,1.8,0.4,-8.3,1.0,-3.2,-4.6,5.1,-6.6,2.5,3.1,3.6,2.5,-2.6,0.6,2.4,0.9,-2.4,5.0,5.7,5.5
42,PA,452,2.3,1.8,2.2,9.1,1.4,3.0,5.1,4.8,1.7,2.5,1.0,-0.6,8.4,10.9,1.6,S,-3.4,18.2,25.2,9.5,17.6,9.7,5.8,2.4,12.9,-2.5,13.7,147.6,16.9,-6.8,-6.6,-8.1,1.2,7.6,4.3,8.1,-10.1,-0.9,-11.8,-2.6,-3.7,-0.9,-5.5,5.0,-1.5,-3.0,-4.1,-1.2,5.0,6.6,1.9,1.8,-3.8,0.5,1.0,1.5,0.4,-4.7,-3.2,-2.3,-0.2,5.1,11.2,-2.6,5.0,1.1,-1.5,4.1,-3.8,3.0,3.3,-1.9,4.3,-4.1,-4.0,12.3,0.4,1.8,4.8,9.3,5.9
42,PA,453,0.9,1.0,0.3,6.5,4.2,2.4,10.3,5.4,6.4,8.5,4.1,5.0,10.0,9.0,-6.8,-32.8,-22.2,2.7,1.8,-3.1,4.0,-4.4,2.2,10.0,-2.6,-7.3,26.0,72.7,37.7,19.1,18.9,16.2,17.0,15.3,11.8,6.7,16.6,26.2,12.4,13.3,19.2,16.0,8.2,12.4,7.1,6.2,0.1,1.6,7.3,1.8,-0.1,-1.6,-0.8,-2.5,-6.6,-5.0,0.0,4.8,10.1,4.3,1.9,7.9,6.2,11.0,7.4,0.8,7.9,10.0,7.2,9.6,0.6,8.2,10.7,5.4,9.8,4.8,11.4,16.6,15.6,5.1,10.9
42,PA,TOTAL,0.6,-0.4,-0.7,5.6,0.5,-1.2,1.6,1.3,1.4,1.5,0.7,1.2,2.3,6.1,-9.9,-35.6,-15.7,3.1,3.3,-3.6,4.4,-0.3,-2.8,1.0,3.9,-0.8,26.9,72.9,29.5,12.1,8.4,10.6,10.4,12.6,16.6,12.4,7.2,12.7,4.2,7.1,6.9,7.8,4.6,9.2,4.7,4.1,2.0,2.0,2.7,0.7,-3.0,-4.6,-2.5,-4.5,-4.2,-1.1,-0.4,-2.3,-1.3,-1.7,-1.5,3.5,0.0,1.1,0.8,-3.5,3.2,-0.8,-3.0,2.9,0.2,0.4,2.9,-2.6,2.6,5.0,0.3,3.1,2.1,2.9,6.6
44,RI,441,1.1,-3.6,-0.1,2.6,-0.4,-1.9,4.6,6.6,4.4,5.5,4.9,2.3,7.1,15.3,-24.2,-35.1,-4.2,11.8,7.7,0.1,14.2,10.2,1.4,12.7,0.3,-5.4,63.9,103.9,23.7,10.2,4.9,2.2,-1.4,1.3,12.1,5.1,7.4,12.4,-5.3,-10.1,-10.6,-5.7,-8.4,3.8,-0.9,-3.9,-5.8,-8.5,-3.8,-8.0,-6.6,-9.2,5.2,0.0,3.4,-0.9,2.3,-0.2,-1.4,0.5,0.3,9.8,0.3,7.4,-0.3,-7.4,3.7,-2.0,-4.6,3.4,3.9,2.2,3.1,-3.8,8.3,5.5,-0.3,2.9,-0.6,5.3,4.8
44,RI,442,-1.8,-2.9,-1.4,1.4,1.1,-1.7,1.8,1.3,2.6,2.0,-0.4,0.2,3.9,5.3,-24.0,-63.1,-38.8,-7.0,-1.5,-3.8,-3.3,1.6,-5.4,-4.6,10.8,7.6,60.9,S,84.7,27.4,17.8,15.8,21.4,13.6,22.6,18.1,-7.4,0.6,-3.5,-4.2,-5.0,-6.8,-9.8,-4.3,-5.7,-6.4,-9.2,-10.9,6.8,-0.9,-7.8,-10.3,-5.0,-6.9,-7.6,-7.8,-13.3,-15.0,-9.1,-11.5,-16.5,-9.9,-14.0,-11.0,-8.5,-9.2,-2.4,-4.0,-0.5,4.5,2.3,8.5,9.0,3.4,8.9,10.4,6.6,6.4,8.0,1.5,-1.8
44,RI,443,14.5,12.5,9.8,-9.2,-7.5,-16.5,-11.0,-12.9,-10.8,-13.0,-13.4,-6.7,-13.5,-8.1,-30.0,-59.6,-53.8,-23.4,-16.0,-14.2,-15.5,-9.1,-14.4,-17.9,0.1,-8.0,46.8,177.1,126.2,49.3,31.0,25.5,38.0,35.3,18.6,19.1,15.9,25.7,10.6,11.5,6.1,5.0,6.1,14.7,5.3,-2.4,6.0,8.5,6.8,0.6,-1.9,-5.4,0.7,4.1,1.2,-3.2,1.2,2.5,2.6,1.5,-5.5,4.0,-6.6,-0.8,-3.3,-4.9,-0.1,-3.2,-8.6,-4.0,2.6,4.1,0.0,-5.0,6.4,3.7,9.1,5.6,2.0,-1.6,5.1
44,RI,444,14.9,1.3,1.1,5.7,1.2,-1.9,3.8,2.1,5.3,2.5,1.5,3.7,3.3,12.3,9.5,1.8,8.4,21.7,15.3,12.3,22.3,16.1,18.4,21.9,12.5,9.4,34.1,40.6,18.1,12.2,7.8,10.1,5.9,4.4,13.0,11.8,12.7,18.2,6.5,0.1,7.0,5.8,5.6,14.6,10.7,9.6,2.8,1.1,3.2,1.5,-6.8,-8.1,-0.2,-4.1,-4.0,-1.0,-5.8,-0.7,-0.6,-4.7,-10.9,-4.4,-11.9,0.2,-7.1,-8.5,1.4,-7.6,-3.3,2.3,-2.8,-4.2,0.2,-6.6,1.9,0.4,-4.7,-0.7,-3.2,-8.7,-2.8
44,RI,445,5.8,3.1,-1.5,-6.8,2.4,4.5,2.3,3.2,3.2,3.3,2.4,4.3,-2.2,5.5,24.5,28.0,13.0,6.0,6.8,5.4,6.6,8.0,7.6,8.3,9.3,4.5,-15.9,-11.6,-4.8,0.1,0.4,2.3,3.1,3.0,0.6,1.6,1.1,-1.4,3.6,10.6,1.9,4.4,3.8,3.4,3.8,1.8,3.0,2.2,-2.5,1.2,-0.1,-2.1,-1.8,-4.3,-3.8,-3.8,-3.0,-5.5,-4.5,-6.0,1.8,4.2,3.0,-2.2,1.7,1.0,3.7,1.5,0.0,4.1,3.1,3.3,2.2,-1.0,-1.1,8.2,4.1,3.5,5.9,5.6,10.3
44,RI,446,-0.8,1.3,3.3,8.0,2.7,1.2,4.2,-0.6,3.8,2.6,-3.2,1.2,6.6,11.1,17.0,0.1,-1.6,12.2,13.6,10.2,15.7,10.7,11.0,16.2,0.6,-1.9,4.3,17.5,14.1,11.1,4.7,9.5,6.7,5.1,11.4,8.0,12.2,10.3,1.8,3.3,6.4,4.4,3.6,5.6,6.5,5.7,4.5,5.0,5.9,7.4,8.7,6.0,11.0,8.4,5.0,8.1,5.0,10.1,9.5,3.3,4.6,6.8,-2.5,2.9,1.9,-2.2,10.6,6.3,8.4,4.9,2.9,7.0,3.4,4.8,10.3,8.8,8.0,11.7,6.3,5.2,9.9
44,RI,447,-11.5,-4.6,-0.2,3.3,-1.9,-6.3,-2.1,-5.8,-7.6,-7.9,-2.0,6.3,1.1,-1.9,-21.0,-45.7,-38.5,-25.0,-21.9,-18.7,-16.1,-17.2,-20.8,-13.7,-26.7,-23.6,S,S,S,14.7,9.2,5.1,8.4,S,S,S,28.0,33.3,S,S,59.3,40.0,29.7,20.3,3.7,3.6,1.7,-4.0,S,S,S,S,S,S,S,S,S,S,S,S,-2.6,14.4,5.5,12.0,10.6,6.0,6.3,-1.4,-4.6,6.0,-5.0,2.8,-1.7,-11.8,-6.3,-9.6,-13.1,-3.0,-4.4,-3.3,S
44,RI,448,3.3,-0.4,1.5,3.0,-3.2,-0.6,0.0,1.9,-1.2,2.1,-0.4,3.7,5.1,8.9,-48.8,S,S,-10.8,-10.3,-12.9,-2.6,-6.7,-13.2,-8.0,-1.8,-13.7,128.3,S,S,41.9,46.4,21.7,29.0,34.5,48.2,33.9,8.8,20.9,2.8,6.2,-0.9,-5.6,-12.4,-1.9,-6.5,-8.8,-13.0,-9.4,10.8,4.8,-2.1,-1.5,1.0,0.6,6.2,8.2,4.7,1.9,5.8,7.2,-11.8,-5.8,-9.6,-11.9,-5.1,-5.6,-6.5,-1.2,-11.1,-3.0,-7.5,-7.6,7.7,-2.4,5.7,7.4,4.9,5.1,7.1,7.0,8.9
44,RI,451,-13.1,6.3,-4.3,-9.9,-1.1,0.1,3.8,6.6,4.0,-18.4,6.0,6.0,3.9,0.3,-32.6,S,S,S,S,33.9,S,S,S,S,30.8,6.6,127.8,S,S,20.5,27.4,0.8,30.8,35.4,35.0,S,S,S,S,S,23.4,8.2,S,3.0,S,S,S,S,S,S,S,S,S,S,-21.3,-30.4,-30.3,S,S,S,3.0,-18.7,-10.2,-10.3,-9.3,6.0,-10.1,0.3,-14.4,22.2,5.0,11.9,-3.2,-10.5,2.3,-5.2,-0.5,-21.4,13.9,15.6,4.4
44,RI,452,7.0,-1.3,2.1,4.4,1.0,3.5,5.1,4.7,3.9,2.2,0.4,0.6,10.3,20.8,10.7,S,10.6,7.4,27.0,9.4,20.6,15.9,10.6,6.2,10.5,-6.4,2.4,165.2,1.1,-0.1,-10.9,-17.9,1.1,5.2,3.3,5.0,-19.6,-6.0,-10.8,-1.8,-1.3,1.3,-0.5,15.1,0.3,-2.8,-5.4,3.8,S,36.2,22.7,22.1,18.8,22.1,27.1,26.5,20.9,15.9,17.1,10.4,1.7,3.2,10.8,-5.1,2.9,1.8,-6.3,4.6,-6.4,0.6,-2.9,-3.7,-4.2,-11.2,-11.7,2.5,-6.6,-5.5,4.6,0.4,-5.3
44,RI,453,-2.0,-7.0,-1.8,4.0,-1.6,-2.7,3.6,0.5,3.5,4.0,0.2,5.5,18.4,23.2,3.9,-20.6,-3.1,25.1,19.6,11.0,18.5,7.7,13.0,15.6,-2.8,-9.3,24.0,55.0,11.8,0.8,4.1,14.0,14.7,16.8,6.1,2.4,13.3,20.7,7.1,17.2,22.5,17.4,8.7,6.5,-3.3,-10.3,3.8,7.4,-14.2,-17.7,-20.2,-23.5,-20.6,-21.5,-23.3,-23.5,-13.9,0.2,-17.6,-21.3,4.2,15.1,14.4,21.6,22.1,10.4,24.1,15.3,11.8,4.6,18.4,30.5,18.6,14.3,17.3,2.4,6.5,15.4,8.7,8.5,13.7
44,RI,TOTAL,2.0,-0.7,0.7,2.1,0.2,-0.9,2.5,2.0,1.9,1.5,0.7,2.5,4.2,10.3,-5.4,-27.3,-8.3,5.7,6.8,1.5,9.9,7.0,3.1,7.0,1.7,-4.0,16.7,54.5,20.6,10.7,6.0,3.9,6.1,7.0,12.2,9.3,6.4,11.2,8.2,8.6,3.8,3.9,0.5,7.5,1.6,-0.6,-2.3,-2.2,-3.0,-4.9,-8.6,-10.1,-5.5,-8.1,-5.9,-5.1,-4.5,-4.8,-4.8,-5.4,-1.3,4.1,-0.9,0.9,-0.2,-3.3,2.4,0.3,-2.2,2.8,1.0,1.5,2.1,-2.9,3.2,4.9,0.7,2.8,2.8,2.7,14.0
45,SC,441,0.2,-0.7,1.0,5.6,3.5,0.1,6.3,5.4,4.4,3.8,6.4,2.1,4.0,5.9,-27.2,-32.6,-5.1,8.0,3.1,-1.8,11.6,8.0,-0.6,10.6,12.3,6.3,75.7,99.6,29.4,18.5,14.5,11.1,8.9,7.1,15.5,9.5,11.5,18.8,-0.4,-0.6,-3.8,-1.3,0.5,11.5,6.3,8.8,4.8,0.1,1.9,-2.2,-1.0,-6.1,9.6,5.6,5.4,3.5,6.2,1.1,2.5,3.5,16.0,23.2,14.7,21.2,14.1,6.8,16.7,14.2,8.7,20.2,23.2,23.5,4.3,-1.7,9.3,7.7,0.6,6.4,7.0,3.3,7.8
45,SC,442,1.2,0.6,1.5,5.0,4.4,0.0,2.9,1.1,4.7,2.0,-0.8,0.3,12.1,14.3,-22.1,-51.3,-12.7,7.3,11.3,10.4,14.4,12.1,4.1,15.4,7.8,-3.9,47.4,S,29.6,5.2,3.9,0.5,3.4,5.0,14.4,-0.7,-5.5,4.6,0.0,-1.6,0.2,1.3,-5.7,2.7,-0.5,-0.5,-2.7,-0.2,17.9,13.2,8.0,0.1,6.4,4.7,12.3,14.5,6.9,3.5,4.8,-0.1,-12.2,-8.6,-15.0,-8.7,-7.7,-7.9,-8.5,-10.3,-7.8,-2.7,1.6,3.9,7.8,2.3,8.2,9.9,7.1,6.9,10.6,0.0,-0.6
45,SC,443,-5.8,-8.5,-7.5,-3.2,-0.5,-2.6,4.9,-0.5,3.1,2.8,1.9,0.3,7.7,8.6,-7.7,-53.6,-44.5,-9.5,-4.2,-1.3,-2.4,4.2,-7.7,-5.7,-8.3,-11.3,20.2,145.6,89.8,25.6,10.0,4.2,3.5,3.8,2.4,3.5,7.5,14.3,7.4,8.5,6.3,-2.5,-0.4,7.0,7.8,-2.3,2.7,-1.3,-5.1,-8.9,-16.4,-20.2,-11.1,-9.5,-11.7,-12.3,-12.0,-10.9,-7.8,-2.4,-2.2,12.7,2.8,10.4,8.2,4.1,9.7,5.4,-2.2,-4.3,-3.7,-8.4,-3.6,-10.8,-3.7,-7.5,-7.9,-7.5,-2.3,-4.7,3.2
45,SC,444,13.9,2.8,1.1,5.6,-0.8,-4.2,0.8,0.5,1.2,-0.6,-1.6,2.0,1.5,8.9,6.4,5.4,13.7,26.0,18.2,13.9,24.9,15.2,17.3,21.9,22.3,19.8,44.4,40.8,18.0,16.4,13.6,18.1,14.8,14.9,26.0,21.2,7.6,13.5,2.1,-2.7,6.1,5.1,3.0,11.5,7.0,6.4,-0.4,-0.7,5.0,0.8,-6.0,-7.0,0.6,-4.7,-3.9,-2.7,-7.6,-3.1,-2.7,-7.5,-6.5,1.1,-5.6,7.2,-2.1,-3.9,5.5,-0.4,2.3,10.5,4.5,5.9,2.4,-4.7,2.9,0.5,-3.1,1.0,0.1,-5.8,1.8
45,SC,445,4.8,2.2,1.2,5.9,5.2,4.5,7.5,7.0,3.1,5.2,5.1,3.1,-2.5,3.8,19.1,9.4,7.9,5.6,6.7,1.5,4.9,4.8,4.1,6.9,-0.4,-5.5,-17.8,-7.0,-6.0,-2.4,-2.6,-0.6,2.7,2.1,0.5,1.1,4.8,3.2,1.9,1.7,-0.5,1.1,-0.6,0.0,-1.6,-0.7,0.2,-1.0,8.3,12.0,10.3,7.9,8.2,6.2,7.2,7.8,7.1,3.2,6.7,4.5,2.1,5.3,4.7,0.6,4.2,3.4,2.7,3.5,0.7,9.6,3.9,5.4,6.0,0.2,0.9,5.6,2.9,1.8,3.9,3.2,2.5
45,SC,446,1.5,3.6,2.0,6.1,2.6,1.6,3.7,-0.2,1.5,-0.3,-2.9,2.3,5.7,8.3,14.0,-3.1,-5.2,8.3,11.1,7.0,15.0,11.0,8.5,13.6,0.4,-1.6,5.1,19.5,15.2,11.6,4.8,10.2,6.5,4.6,10.9,8.3,12.2,12.5,3.3,4.3,8.2,5.6,5.1,7.5,7.7,7.5,7.3,4.5,4.3,4.9,6.0,3.3,8.3,5.3,2.8,5.4,3.9,9.7,6.7,3.8,11.0,11.8,4.2,9.9,7.6,4.2,17.2,11.6,13.5,11.4,9.1,12.4,5.3,5.9,9.1,10.5,8.3,12.7,7.8,5.9,12.1
45,SC,447,-7.6,-2.8,-2.7,7.5,-1.3,-4.1,-3.2,-4.5,-5.8,-5.7,-0.8,8.1,13.4,8.5,-15.3,-37.6,-26.8,-15.2,-13.9,-14.4,-11.1,-12.7,-15.5,-8.9,-0.5,1.5,35.4,66.1,67.1,42.5,41.1,42.2,44.5,49.1,55.2,46.3,27.0,34.7,43.1,45.7,32.5,45.8,37.6,27.3,22.4,16.5,15.9,4.4,3.6,-5.2,-16.0,-16.2,-21.2,-24.7,-22.5,-9.3,-7.4,-9.2,-14.9,-8.8,0.4,9.9,7.4,9.6,11.0,8.0,10.0,1.2,-4.7,0.8,5.1,3.5,0.1,-8.2,-9.4,-10.0,-8.9,-7.4,-5.4,-4.8,3.9
45,SC,448,11.4,-2.1,0.6,8.0,1.3,1.2,0.7,1.6,8.7,-0.1,-0.5,3.0,0.0,1.5,-45.8,S,S,0.6,-13.3,-13.4,5.2,-2.4,-9.2,-6.1,-3.0,-12.2,104.4,195.9,46.6,23.2,32.1,20.2,14.3,20.4,32.3,19.5,4.6,17.7,-1.3,2.0,-2.6,-5.1,-3.6,2.4,-0.1,1.3,-3.7,-0.5,17.1,10.9,5.3,1.7,3.5,5.9,12.0,9.3,8.5,4.1,8.7,6.8,6.7,11.4,4.9,0.8,8.1,7.2,6.9,-0.9,-0.2,9.6,7.9,8.3,3.7,-2.2,2.6,7.3,6.5,3.4,7.7,6.5,3.9
45,SC,451,6.4,-5.3,-13.6,-1.1,-2.8,-5.1,0.5,3.0,6.1,3.2,0.3,3.5,-4.1,2.6,-11.8,S,S,33.7,26.0,6.8,22.8,16.8,10.5,15.7,21.0,18.1,72.1,S,3.2,10.6,13.6,14.7,9.7,13.5,25.0,12.1,-0.1,15.0,-5.0,-3.9,-0.1,-3.3,4.0,4.9,3.8,4.1,2.7,6.8,12.7,0.3,6.0,8.8,9.6,7.8,8.0,9.3,7.1,6.9,5.7,3.7,-6.1,6.9,-0.2,-8.0,-2.0,-3.1,-2.9,-7.1,-5.1,-5.5,-3.3,-1.4,-1.7,-5.6,-2.1,1.0,2.2,-2.0,1.6,3.5,2.2
45,SC,452,7.5,-0.3,-0.8,11.5,6.2,0.8,2.2,4.5,3.8,-1.7,1.2,-0.1,3.0,10.5,11.9,-31.8,S,24.2,16.5,12.9,24.8,24.2,13.0,10.8,14.6,4.5,3.3,69.4,S,-9.9,-1.8,-6.9,-2.8,-1.0,3.5,5.1,-2.7,2.7,-1.0,7.3,9.0,11.9,8.9,14.1,7.6,8.7,4.5,4.6,4.9,5.2,-5.4,-11.7,-11.8,-8.8,-7.2,-7.3,-5.7,-13.5,-15.4,-10.3,-1.1,0.6,17.2,3.3,9.0,5.9,4.3,-0.9,0.8,10.1,7.0,5.0,1.8,0.6,-3.8,16.4,5.8,3.9,5.6,8.6,7.2
45,SC,453,-0.5,-3.1,0.0,6.9,2.5,2.1,8.3,6.0,5.7,4.1,1.4,5.9,8.9,12.1,-9.8,-29.8,-17.9,2.8,2.5,-1.9,4.0,-3.3,1.7,7.0,10.5,5.8,50.9,91.3,41.5,33.6,29.7,31.8,31.4,30.0,37.3,26.2,22.3,28.8,14.3,15.5,22.0,13.9,6.2,10.8,5.9,4.0,-2.7,-0.2,2.6,-2.3,-6.3,-8.4,-1.3,-4.6,-1.4,-6.3,0.2,3.7,4.9,1.9,-3.0,5.0,4.1,11.9,4.4,2.7,5.8,6.6,4.3,7.6,-0.8,5.5,11.7,8.8,14.5,1.2,14.5,13.9,10.4,2.9,8.6
45,SC,TOTAL,2.5,-0.1,-0.1,6.9,2.7,-0.1,3.1,2.6,2.0,0.6,1.9,2.7,4.0,7.2,-5.5,-22.2,2.1,7.8,4.6,0.9,9.7,7.0,2.4,7.2,7.3,2.5,26.5,53.9,14.9,12.3,12.2,11.3,11.5,11.9,17.1,13.0,9.4,14.8,6.9,8.2,7.5,10.0,8.4,11.7,7.8,7.5,4.7,1.8,5.1,2.0,-2.8,-6.1,-2.1,-4.4,-3.2,-0.4,0.1,-2.5,-3.1,-1.8,4.0,9.7,7.9,8.9,7.9,4.5,8.9,4.7,2.6,10.1,9.1,9.3,3.5,-1.6,1.9,4.7,1.0,2.8,3.7,2.0,5.7
46,SD,441,-1.9,-0.8,-1.3,3.4,1.3,-0.6,4.7,5.3,3.3,4.5,6.2,0.5,6.6,9.3,-25.1,-31.7,-3.7,8.7,5.9,-0.6,12.1,9.3,1.4,11.6,23.7,16.7,96.9,122.1,43.9,29.2,24.5,21.4,19.3,20.7,30.0,20.8,-8.3,-4.6,-19.4,-20.5,-22.6,-17.7,-18.7,-10.1,-14.1,-13.5,-17.9,-17.3,2.1,0.5,-1.3,-4.3,6.3,2.9,3.1,1.0,4.3,-0.9,2.9,2.9,-2.1,4.0,-2.6,2.8,1.0,-7.2,3.3,0.9,-4.2,6.7,8.5,7.0,3.3,-1.8,9.4,7.6,1.1,5.2,5.4,3.2,7.6
46,SD,442,2.0,0.1,-4.9,4.3,0.8,-1.6,1.7,0.0,0.7,2.6,1.2,-2.2,12.0,7.1,-12.0,-55.6,-20.7,6.4,9.0,9.4,9.4,12.8,6.2,15.9,27.4,31.2,73.3,S,77.4,33.2,30.1,25.3,29.5,26.6,33.3,19.5,-4.5,1.3,-2.4,1.8,1.6,0.8,-2.7,1.2,-0.2,-3.7,-1.8,1.4,19.4,14.7,10.5,-6.9,-4.3,5.9,-3.9,-1.4,0.5,-0.2,2.9,0.7,-13.3,-7.3,-14.1,-1.6,3.0,-9.4,5.7,0.3,-4.8,0.9,-3.0,1.8,4.4,-0.7,4.6,6.8,2.9,5.0,6.2,1.4,-0.2
46,SD,443,23.4,7.9,7.4,2.7,0.0,-2.3,1.2,-0.8,2.5,-0.2,3.9,3.7,-2.5,-1.9,-11.8,-41.0,-31.2,-7.5,2.6,S,-0.5,4.7,-7.7,-4.2,25.4,21.2,54.3,139.6,87.8,53.4,35.9,24.2,29.4,28.5,25.8,19.0,0.9,7.9,5.9,4.9,5.5,0.1,-2.6,8.5,7.0,-0.9,-0.6,-2.7,0.0,-9.3,-12.6,-19.6,-7.8,-5.1,-8.5,-5.4,-11.4,-6.4,-20.7,-12.6,1.2,17.7,-2.3,16.5,-6.9,4.6,13.8,5.5,2.8,6.1,13.0,-0.8,-6.3,-15.5,-2.9,3.6,25.5,4.8,9.4,3.6,13.3
46,SD,444,11.1,2.4,0.1,6.4,-3.7,-2.6,2.5,-1.0,3.2,0.8,-0.1,5.2,-3.9,6.9,7.2,7.1,13.4,22.0,13.0,9.8,18.6,10.4,12.3,18.5,18.2,12.5,32.2,25.6,9.3,7.7,5.9,7.9,5.3,6.4,14.9,12.3,14.7,20.5,9.0,3.6,13.0,11.0,10.2,19.1,13.9,13.3,7.8,4.6,9.3,6.6,-1.7,-1.1,4.2,0.6,-0.1,0.9,-0.9,3.0,3.7,-0.1,-7.9,-2.2,-7.7,1.8,-5.0,-6.9,2.8,-1.8,-2.3,3.0,-1.3,-0.2,2.0,-5.6,5.7,4.3,0.9,4.6,3.2,-3.4,3.9
46,SD,445,6.6,0.0,0.7,4.4,2.2,4.2,8.7,9.5,3.1,4.8,5.5,3.8,8.0,14.3,30.2,21.1,24.1,17.8,17.1,15.5,18.9,21.0,9.6,14.3,9.8,6.4,-5.9,1.1,-1.1,3.0,3.4,4.2,6.3,3.5,10.6,9.6,3.8,7.7,5.6,7.3,5.3,9.1,7.7,4.8,3.5,6.1,6.1,6.5,3.5,4.6,2.9,2.4,2.9,-0.5,-2.0,2.6,3.6,-1.0,1.2,0.5,-2.7,-0.1,-0.8,-7.6,-2.1,-3.7,-1.8,-2.3,-4.5,-2.3,-0.2,-4.2,4.5,-0.6,-0.6,6.5,1.3,1.0,2.2,1.8,0.3
46,SD,446,21.7,21.4,8.5,11.5,6.0,12.5,13.3,4.9,9.6,11.3,2.5,10.5,2.9,0.4,5.4,-5.1,-5.7,-0.2,0.7,-1.1,3.4,-5.2,1.4,-0.3,4.7,5.9,14.4,25.7,22.1,20.2,10.8,16.6,13.6,15.1,17.7,20.1,7.8,4.6,-0.2,-4.8,-0.8,-1.3,-5.5,2.6,3.4,3.5,2.0,-4.9,6.1,5.7,6.1,5.1,10.7,6.6,5.8,7.6,5.4,11.4,8.2,9.3,9.9,8.1,2.5,9.6,1.9,-1.5,19.0,5.4,10.6,16.6,7.7,13.4,17.0,11.6,15.4,17.9,7.7,22.1,18.5,13.3,13.3
46,SD,447,4.1,-3.2,10.9,3.1,-1.5,-5.3,6.8,15.3,-4.6,-6.3,-2.2,6.9,0.1,-2.1,-21.9,-41.5,-34.8,-23.3,-19.8,-18.7,-15.5,-17.5,-22.2,-15.5,-11.1,-7.6,33.0,68.8,30.6,30.2,26.3,24.7,28.3,32.4,42.6,32.4,31.2,34.4,26.3,26.4,53.9,44.8,35.3,24.6,11.7,9.8,6.1,-2.8,11.4,7.4,-5.4,-8.3,-14.0,-17.1,-15.3,-0.5,8.7,3.1,1.1,5.2,-11.4,-3.6,-4.5,1.8,-0.1,-3.5,0.5,-6.8,-12.2,-7.0,-4.4,0.0,8.1,-1.0,-1.6,-2.7,-1.5,-0.6,-0.4,0.6,-0.1
46,SD,448,2.0,-4.4,1.8,6.2,-0.6,1.4,0.7,0.9,-1.2,3.5,2.8,5.8,-8.2,1.5,-51.0,-66.2,S,-17.4,-23.2,-25.6,-9.3,-15.6,-19.5,-10.4,4.0,-15.4,124.7,S,S,S,43.4,39.3,22.2,27.4,33.9,11.9,12.2,30.5,2.7,11.0,6.1,2.6,-0.3,3.4,4.3,5.9,3.6,2.5,25.1,22.0,10.7,15.0,17.9,15.6,9.7,3.4,15.8,16.4,24.3,S,-7.2,2.6,-4.8,-8.2,-6.4,-6.7,-1.6,-1.0,-7.6,-3.5,-8.1,-10.9,7.2,-4.2,7.3,5.0,6.9,5.0,6.4,7.1,7.5
46,SD,451,-11.3,-13.3,-21.6,2.4,-6.8,-0.4,6.9,8.1,3.7,17.4,-1.0,11.4,17.1,S,S,S,S,S,39.4,24.9,33.0,16.9,S,24.7,36.2,23.9,85.3,S,22.3,16.4,12.8,9.2,14.9,16.4,27.7,13.9,0.2,20.2,0.6,-7.4,5.8,3.1,12.3,9.9,7.0,6.7,3.6,9.5,-3.2,-17.1,-14.8,-2.0,-8.4,-13.4,-15.6,-3.8,-10.4,-4.8,-4.3,-12.7,-6.0,8.7,-3.6,-12.1,-7.7,-8.9,-2.9,-8.8,-6.1,-15.9,-9.5,-6.4,-4.6,-7.7,-1.6,-1.1,-9.3,-12.5,-8.8,-9.9,-12.8
46,SD,452,3.9,-4.3,3.9,8.0,0.3,7.8,7.7,9.4,1.3,7.4,-1.0,2.4,-2.7,10.3,3.4,S,14.5,9.5,6.7,-2.4,2.4,-1.8,-2.3,-2.3,14.6,-1.5,3.6,122.0,-9.0,-8.2,-2.8,-6.3,3.6,9.8,5.7,3.0,6.7,12.9,3.6,10.2,11.4,14.7,12.4,20.3,9.8,7.3,7.4,0.2,-5.2,-1.9,-5.3,-1.0,-2.3,-2.8,-5.9,-0.7,-0.5,-2.3,-3.1,7.5,0.5,7.4,8.9,-1.9,3.6,1.4,9.8,6.9,-1.5,5.1,8.7,0.5,16.7,2.2,4.7,7.8,8.3,4.5,1.5,-0.5,-0.5
46,SD,453,-6.1,3.8,12.8,11.2,4.7,2.7,12.3,6.9,6.1,3.1,11.1,15.6,6.4,S,-1.8,-32.4,-18.4,-16.5,-1.1,-4.1,3.2,1.8,-5.6,2.5,6.3,15.9,69.4,108.8,43.1,59.2,31.2,37.0,41.4,36.1,45.5,29.1,28.4,28.1,-1.6,4.7,15.5,9.4,5.5,4.8,0.1,1.8,-10.5,-4.7,28.5,-0.6,2.6,6.0,13.0,11.5,7.2,4.2,6.9,4.3,22.1,10.4,15.5,17.6,17.6,21.4,13.2,12.8,16.5,24.3,17.6,21.4,4.3,16.4,9.8,8.2,12.4,4.2,9.7,10.3,16.1,2.7,10.6
46,SD,TOTAL,3.2,-1.0,2.3,4.8,0.0,0.1,6.0,7.4,1.2,2.3,2.0,4.0,2.7,7.8,-10.1,-27.8,-4.6,3.4,1.9,-2.2,5.2,1.9,-2.6,3.7,12.2,7.3,44.2,76.4,23.1,18.4,16.3,14.6,16.2,18.2,24.4,17.2,6.0,10.7,-0.9,-0.8,4.5,6.0,3.9,7.1,1.1,0.9,-2.1,-4.6,5.1,2.8,-2.2,-3.1,-0.6,-3.4,-4.2,0.6,3.4,0.9,2.0,3.7,-4.1,2.2,-1.7,0.8,-0.1,-4.1,3.7,-0.1,-4.5,1.8,2.4,1.8,6.6,-1.0,4.8,4.9,2.2,3.6,3.5,1.2,3.4
47,TN,441,0.5,-1.7,2.7,6.2,2.6,0.3,6.6,7.8,4.6,6.5,7.7,2.6,7.8,10.3,-26.8,-31.0,-3.7,10.0,9.5,-0.3,14.4,9.7,1.8,17.3,17.6,10.3,93.9,117.5,42.3,30.3,22.3,23.4,19.7,21.1,31.1,17.0,17.0,24.5,0.8,1.6,0.2,-0.2,-0.5,10.0,7.2,3.3,0.2,0.8,-8.2,-10.6,-10.1,-14.7,-5.1,-4.0,-4.6,-6.3,-5.2,-8.5,-7.4,-5.1,0.6,8.4,0.7,5.0,1.6,-6.2,4.0,1.9,-4.3,8.0,8.1,5.2,4.9,-2.5,9.4,9.1,1.9,6.2,3.6,2.8,8.5
47,TN,442,1.0,0.2,-2.2,2.5,1.7,-1.5,1.9,0.1,3.5,1.3,-0.2,-0.4,9.9,19.1,-19.7,-54.6,-20.2,5.6,5.6,6.8,13.1,9.1,3.3,11.8,15.8,0.7,58.3,185.2,51.9,14.5,17.7,13.1,11.6,14.0,19.0,7.9,-4.7,5.4,1.0,0.6,2.2,4.4,-3.7,4.1,0.9,0.6,0.2,-0.1,14.3,9.4,5.5,-2.2,2.3,2.8,4.2,4.2,1.2,-1.9,4.2,-0.1,-7.0,-2.6,-9.3,-2.1,-0.4,-3.1,1.9,-0.3,0.6,5.7,6.6,12.3,6.8,2.7,6.5,8.0,5.7,4.2,6.1,-0.5,-2.0
47,TN,443,10.1,3.2,1.5,-1.7,-0.7,-8.2,2.4,-5.2,-2.4,-8.6,-4.5,-0.1,-10.4,-7.5,-21.1,-59.6,-53.3,-19.7,-14.3,-9.1,-8.7,-5.5,-14.3,-14.8,0.6,-4.5,33.1,167.6,114.5,37.6,16.4,13.7,17.3,18.1,10.1,13.2,-0.8,5.3,-2.6,-2.2,-4.0,-8.6,-5.2,-0.7,-3.9,-10.6,-4.2,-8.8,-2.8,-8.3,-16.4,-18.6,-12.0,-9.7,-10.9,-12.0,-11.3,-9.1,-5.2,-0.9,-2.6,10.8,0.5,7.0,8.2,2.8,5.6,1.8,-3.9,-3.2,-2.8,-3.3,-4.1,-8.5,-0.3,-3.3,-2.1,-1.6,-1.3,-4.3,2.5
47,TN,444,13.9,2.5,0.2,5.9,-1.9,-4.0,1.8,-0.1,1.0,0.1,-1.4,4.0,0.5,6.3,5.0,4.7,10.0,22.4,14.3,10.9,20.4,12.5,14.4,19.5,15.3,14.4,37.8,31.7,13.6,11.2,8.0,12.4,9.0,8.4,18.5,13.9,11.8,17.4,5.5,0.7,10.1,8.8,7.1,16.2,11.7,11.2,4.2,1.6,6.6,5.1,-3.3,-4.2,3.0,-1.3,-0.9,0.7,-3.2,1.3,1.9,-1.7,-5.9,-0.4,-7.7,4.7,-3.2,-5.8,5.1,-6.2,-0.2,5.9,-3.1,-0.8,-1.4,-9.6,0.5,-2.3,-6.1,-2.5,-3.7,-5.5,-2.1
47,TN,445,5.6,1.3,0.7,6.9,6.4,4.2,8.1,9.2,5.1,5.4,5.1,1.4,0.4,10.2,27.8,16.0,17.2,13.9,15.7,8.1,7.7,8.9,12.9,14.4,11.2,4.9,-12.2,-1.2,-3.5,0.9,-0.8,5.8,5.3,10.1,4.3,5.7,22.3,22.8,23.9,23.4,22.1,24.4,22.6,19.8,26.9,22.2,22.9,22.0,12.0,15.8,11.7,9.8,9.8,9.3,8.4,10.1,9.1,5.6,5.8,7.7,16.5,16.4,19.5,14.7,17.9,15.3,16.1,16.2,13.7,19.2,20.8,15.9,6.4,1.0,0.7,5.2,4.4,4.1,5.2,4.8,3.4
47,TN,446,9.3,7.0,-1.2,3.6,3.0,2.0,5.9,0.7,-1.0,-6.2,-0.7,7.7,-0.3,2.6,7.6,-9.8,-13.9,1.5,1.8,-2.2,10.1,8.6,-1.1,2.3,1.1,-1.7,6.6,20.5,16.5,12.3,6.0,11.9,7.8,4.4,10.8,8.2,7.8,7.7,-0.5,0.1,3.7,0.7,-0.4,3.7,3.3,4.9,4.0,-1.9,4.3,5.5,5.9,4.0,9.0,5.4,3.7,5.4,4.0,10.6,7.5,7.6,6.0,7.8,0.0,5.3,3.0,-0.4,11.9,6.0,8.1,4.9,3.2,7.0,3.7,2.7,7.8,8.6,7.3,10.2,5.5,3.1,9.7
47,TN,447,-9.9,-3.0,-3.0,3.0,-0.1,-6.9,6.3,-3.5,-6.0,-10.7,-3.8,5.0,18.4,9.4,-18.3,-34.0,-29.0,-12.9,-12.1,-11.3,-9.0,-7.3,-13.2,-6.5,-1.4,2.0,45.2,68.7,58.8,42.3,36.1,40.1,44.9,46.5,57.1,47.2,23.3,24.4,24.8,40.6,43.9,37.4,30.9,19.9,10.8,9.1,5.5,-3.2,13.1,6.3,-1.6,-13.5,-21.2,-15.4,-15.9,-1.1,3.3,-0.8,-2.0,-0.7,-6.8,0.5,-1.0,1.2,4.2,-3.4,1.8,-5.7,-11.6,-6.3,-6.8,-1.3,-1.3,-7.4,-7.9,-7.4,-6.5,-4.3,-2.3,-2.6,-7.7
47,TN,448,8.5,-3.7,0.7,8.8,-1.2,1.4,-1.5,11.3,3.3,2.1,0.7,3.0,7.2,4.1,-45.1,S,S,5.5,-14.7,0.7,6.8,-3.8,-9.1,-2.2,-1.2,-12.9,116.3,182.9,45.7,24.0,39.6,17.1,18.0,25.2,36.7,22.9,17.1,28.7,3.0,6.7,2.7,1.5,0.9,7.0,7.9,5.0,1.3,4.4,7.6,6.0,0.0,-3.8,-0.5,-2.8,4.0,5.2,-0.3,-0.4,3.3,2.3,-0.6,17.0,6.4,4.2,9.4,10.6,8.0,1.8,2.4,9.2,8.4,7.5,8.3,-4.0,1.9,7.0,5.2,-4.4,7.3,4.3,0.5
47,TN,451,-1.0,-4.7,-12.5,-0.1,-4.4,-3.0,4.5,6.2,6.7,1.1,-0.4,3.3,4.3,-3.6,-17.9,S,23.2,23.8,13.2,8.2,13.2,9.4,4.2,8.3,10.1,11.7,S,S,S,S,12.7,3.2,8.1,16.3,34.5,17.1,-0.1,14.5,-7.5,-2.2,-0.5,-3.5,1.6,5.0,1.8,0.1,-4.6,-0.4,-8.7,-11.2,-11.5,-13.8,-11.1,-10.0,-11.6,-13.8,-11.0,-11.3,-10.3,-13.2,-1.0,4.1,-2.3,-5.6,-2.3,-6.6,-3.9,-4.6,-4.6,-1.1,-1.5,-0.9,-1.4,-7.5,-1.2,2.6,0.7,1.6,3.1,4.3,3.4
47,TN,452,4.4,-2.9,-1.3,9.8,2.2,1.2,1.7,4.2,0.9,1.7,-0.3,-0.5,4.7,11.2,9.4,S,S,30.8,17.6,22.4,22.5,18.3,13.4,10.4,14.9,-3.2,6.8,76.1,S,-15.3,-3.6,-14.3,-4.9,-0.5,1.8,3.4,-7.9,7.3,-4.8,5.9,8.0,9.7,5.7,14.0,8.4,6.0,3.2,0.7,6.4,3.4,-5.3,-9.3,-10.3,-6.3,-8.2,-3.7,-5.6,-10.4,-14.4,-6.4,-5.1,6.6,18.6,3.1,4.5,5.1,5.6,1.8,1.4,3.3,5.7,1.3,4.0,-4.5,-6.9,18.0,4.5,4.4,4.3,8.6,4.9
47,TN,453,1.1,-5.1,-1.6,7.6,5.1,3.2,10.0,8.0,9.2,6.9,8.5,9.6,16.5,24.0,2.0,S,-13.7,4.9,2.8,1.5,6.8,6.4,4.3,15.3,10.0,6.0,43.5,79.9,39.5,31.3,30.2,28.5,29.2,26.5,31.7,20.0,14.6,21.7,9.6,11.9,15.8,9.8,3.2,10.4,6.2,4.3,-3.3,-0.9,10.9,5.4,0.6,-2.5,4.5,3.9,3.9,-0.6,5.1,8.0,16.6,6.8,6.0,15.6,14.1,21.1,13.9,10.0,12.8,16.9,15.2,17.7,4.9,14.6,13.8,7.5,13.1,4.2,15.2,14.9,15.7,3.7,9.2
47,TN,TOTAL,2.9,-0.6,-0.3,5.9,1.7,-0.8,4.7,3.7,1.4,0.1,1.5,2.8,5.9,8.8,-6.8,-22.6,2.3,10.7,6.5,4.1,10.9,8.0,3.7,8.9,10.2,3.7,36.3,63.0,17.0,14.2,13.7,12.9,13.9,15.6,20.9,14.9,11.2,18.1,5.6,9.4,11.7,10.5,8.3,12.7,9.6,7.3,4.2,2.1,4.1,1.7,-2.7,-7.3,-4.7,-3.6,-4.1,-0.8,-0.8,-2.4,-2.7,-1.1,0.3,7.2,4.5,5.4,4.5,0.4,6.5,2.1,0.2,5.9,4.9,4.9,3.6,-3.0,1.5,5.5,1.5,3.0,3.0,2.2,3.1
48,TX,441,-0.4,-0.1,1.2,4.9,3.4,0.8,6.4,6.7,4.5,5.0,5.7,1.5,6.1,8.6,-27.1,-32.1,-5.4,4.3,2.1,-3.2,10.5,8.2,-1.2,11.0,9.8,2.0,79.0,101.8,31.7,23.0,18.0,11.7,9.6,8.6,17.3,8.5,13.9,19.8,-1.2,-0.3,-3.8,-0.1,-1.9,11.3,5.3,5.5,1.5,2.0,4.9,3.2,2.2,-2.1,9.8,7.2,8.3,5.1,8.2,3.5,7.9,7.0,-0.1,7.1,-0.3,3.9,2.1,-5.6,4.3,3.5,-3.2,8.6,9.9,9.4,6.2,-1.2,11.2,9.7,4.4,6.2,5.9,2.6,9.7
48,TX,442,-1.8,-1.2,-2.6,2.1,2.5,-0.9,2.0,1.5,3.0,3.3,1.4,0.4,7.2,9.8,-20.9,-62.5,-25.7,2.4,2.8,3.4,7.5,6.1,0.4,5.0,14.0,7.6,62.0,237.6,56.8,18.4,17.2,12.4,11.3,14.5,19.2,10.0,-2.3,5.6,-1.0,0.5,2.4,0.3,-2.9,3.4,0.3,-0.5,-1.6,-0.9,12.7,5.8,1.5,-8.1,-4.2,-2.2,-5.7,-5.0,-5.0,-10.1,-3.4,-4.8,-13.9,-5.6,-11.3,-3.5,1.2,-4.0,4.2,2.3,0.3,5.6,5.2,8.8,5.4,3.3,6.4,8.9,3.0,1.8,4.4,-1.8,-2.8
48,TX,443,-0.8,-4.8,-3.8,-5.7,-3.6,-7.8,-5.0,-5.5,-3.8,-6.9,-8.8,-4.4,-13.2,-10.0,-26.8,-58.2,-50.1,-29.4,-19.1,-19.1,-19.2,-12.8,-18.3,-22.7,-7.9,-9.9,30.7,138.5,88.4,43.0,23.8,16.0,16.7,16.6,7.8,15.1,-1.0,5.4,-4.4,-3.4,-5.7,-11.5,-10.5,-5.3,-5.1,-11.2,-11.5,-12.6,18.2,9.9,3.0,-2.8,4.4,6.9,2.5,5.7,6.8,6.9,13.4,7.9,-6.1,6.9,-2.4,5.9,5.9,1.3,8.1,0.4,-5.6,-7.1,0.0,6.0,0.1,-8.7,-1.7,-5.3,-4.3,-3.7,-1.8,-1.5,5.5
48,TX,444,10.1,2.7,0.4,7.2,-1.2,-5.7,0.9,1.0,1.0,0.8,-1.3,4.6,3.8,8.3,7.7,8.0,15.3,26.1,17.4,13.3,23.4,16.0,16.8,21.4,14.7,12.2,35.0,29.1,10.1,8.3,6.0,10.3,7.8,6.8,17.0,13.9,5.2,10.4,-2.2,-5.6,3.1,1.6,0.1,7.9,3.4,3.1,-5.1,-4.3,6.0,1.5,-4.4,-6.3,1.3,-2.2,-2.2,-0.9,-5.0,-3.4,-1.8,-6.0,-7.8,1.9,-7.5,5.1,-3.6,-6.0,5.0,4.5,3.3,11.2,9.4,10.2,7.7,-1.1,8.5,6.2,1.8,6.9,4.6,-6.7,6.1
48,TX,445,8.1,2.5,3.0,7.2,5.4,3.8,8.1,6.9,3.9,6.2,4.6,2.2,1.2,8.5,20.6,7.4,10.4,10.1,10.0,4.9,7.2,8.0,6.2,8.2,12.4,8.4,-5.0,7.7,5.4,10.7,8.5,11.2,13.7,12.3,12.8,16.6,8.7,11.0,10.5,11.9,8.9,7.9,8.1,8.0,7.4,7.5,9.6,9.2,6.5,7.3,5.7,3.3,3.9,2.6,2.0,4.2,3.6,0.4,2.2,-1.2,2.5,4.2,4.8,2.6,5.6,3.7,5.7,5.2,2.0,6.1,4.4,3.3,7.6,2.2,3.0,5.8,4.5,2.3,3.3,4.0,4.5
48,TX,446,10.8,6.4,0.7,7.0,3.9,1.9,4.5,0.9,3.1,2.5,-2.1,2.6,7.5,9.5,13.6,-4.2,-5.6,9.4,11.7,7.0,14.7,9.4,9.2,13.9,3.3,1.0,10.4,25.9,20.8,16.1,9.4,14.5,10.7,7.6,14.9,12.1,8.3,8.3,-0.3,0.9,4.7,2.6,1.4,4.4,4.2,4.7,3.8,-0.8,4.3,5.4,5.3,3.2,8.4,4.8,2.8,4.9,3.6,9.0,6.8,6.3,2.9,4.0,-3.0,2.0,-0.7,-3.5,7.9,2.4,4.7,2.7,0.7,4.2,4.5,4.2,8.9,9.1,7.5,12.8,10.0,7.3,11.9
48,TX,447,-19.2,-3.7,-15.5,3.4,-2.3,-6.4,-16.4,-5.6,-4.5,-7.4,-2.7,6.0,10.1,3.2,-17.2,-38.7,-30.7,-17.9,-17.2,-13.5,-10.5,-11.0,-14.7,-8.6,3.0,7.2,43.4,78.6,69.2,49.4,48.7,41.2,45.3,50.1,57.8,48.1,24.9,32.5,36.8,42.5,40.4,50.8,42.3,32.2,21.1,22.1,16.0,4.2,3.8,-4.4,-15.5,-16.6,-21.8,-28.0,-25.3,-13.9,-8.2,-15.0,-17.9,-10.6,-4.7,3.5,2.4,5.0,6.1,4.3,5.0,-3.3,-8.1,-3.1,3.8,1.8,2.0,-6.2,-7.2,-8.9,-7.9,-4.6,-4.0,-1.6,2.4
48,TX,448,4.0,-3.9,-2.0,4.9,-2.7,-1.3,0.9,-3.7,-1.6,3.1,-1.3,3.7,-0.6,3.3,-46.9,S,S,-2.5,-19.7,-17.4,6.3,-7.8,-15.0,-9.3,-3.7,-20.0,112.0,151.9,41.5,25.6,44.6,22.7,11.8,22.6,35.8,22.1,17.3,30.3,4.1,12.0,3.9,1.7,0.7,4.8,9.3,4.0,2.9,4.8,13.7,11.8,4.7,-1.1,2.9,3.2,8.7,12.2,3.3,3.0,6.6,8.0,0.9,11.9,3.7,1.3,8.2,6.2,5.2,2.0,3.7,8.2,6.5,5.4,4.6,-2.3,1.9,6.6,5.8,0.5,8.4,6.6,4.7
48,TX,451,-4.8,-2.2,-13.2,1.5,-8.0,0.0,4.0,1.6,7.4,21.7,0.4,3.0,22.8,12.1,4.5,S,S,41.6,21.5,7.5,39.4,17.0,26.1,26.3,23.6,4.4,62.1,S,-14.2,12.6,24.1,30.4,9.7,16.8,28.8,18.8,5.4,21.2,-8.7,-1.2,1.4,-4.8,-0.9,-1.0,-0.1,0.1,4.6,-0.1,6.6,-2.2,-1.1,-2.3,0.2,0.0,0.4,0.2,0.1,0.2,-1.8,2.5,-8.6,2.6,-3.4,-9.2,-4.4,-6.5,-5.4,-4.2,-3.5,-7.2,-7.3,-3.1,-2.1,-5.5,-2.2,3.5,3.5,-0.1,3.9,-1.1,1.9
48,TX,452,0.8,-0.8,-3.0,6.1,-0.9,2.1,2.8,2.5,-0.8,3.5,-0.4,-0.6,3.1,8.7,7.6,S,29.7,8.6,-1.2,-1.0,12.4,8.8,1.6,3.5,10.5,-10.1,9.0,76.8,-11.3,5.3,18.0,11.7,4.0,7.5,12.8,10.0,8.0,19.8,1.5,14.8,11.5,10.0,9.5,9.9,10.1,8.2,7.6,6.5,2.9,4.4,2.1,-1.3,-0.5,2.7,1.9,2.4,2.7,1.4,-1.3,2.1,4.1,10.8,10.0,-1.9,4.0,1.2,1.2,1.6,3.4,0.7,2.3,0.8,6.0,0.6,-0.6,7.9,5.1,1.8,2.1,-0.6,-3.9
48,TX,453,-0.1,0.7,-3.5,4.4,-0.4,1.5,7.5,2.4,6.7,12.4,3.1,4.3,13.1,10.8,-4.3,-32.6,-22.3,-1.7,-2.7,-7.0,-1.7,-8.3,-1.7,10.0,2.5,-1.6,42.1,S,39.7,28.4,26.4,27.6,28.1,25.1,28.2,17.2,17.4,24.6,8.1,14.3,22.7,12.2,8.1,10.4,4.7,4.5,-1.7,0.7,-1.6,-0.9,-4.9,-9.2,-6.0,-6.0,-6.6,-10.0,-1.1,0.8,1.8,0.7,-0.1,5.1,1.8,9.6,5.8,1.8,3.9,7.2,2.6,3.6,-1.5,1.4,8.8,5.0,12.6,5.2,13.0,12.0,13.5,2.0,7.7
48,TX,TOTAL,-0.3,0.0,-2.2,5.2,1.2,-0.3,1.4,2.6,1.7,2.8,1.6,2.0,5.0,7.5,-9.8,-25.0,-1.4,4.2,0.6,-2.2,8.0,5.0,-0.3,5.7,8.5,1.1,38.3,65.7,21.3,19.7,19.7,16.2,13.9,14.6,21.1,15.7,12.0,18.5,5.2,8.5,7.7,9.1,7.4,11.7,7.9,7.7,4.9,3.2,5.3,3.3,-0.4,-3.7,0.4,-1.8,-1.2,0.9,2.1,-0.7,0.6,1.6,-0.6,5.9,1.3,2.7,3.0,-1.2,4.4,2.4,-0.8,4.7,5.5,5.2,5.6,-0.7,4.8,5.6,3.0,3.6,4.0,1.5,5.3
49,UT,441,-0.1,1.5,0.5,3.4,3.6,0.4,8.0,6.8,2.9,4.2,7.0,1.9,2.3,3.2,-29.2,-34.8,-8.2,2.9,-0.8,-5.6,6.1,4.9,-3.4,6.1,10.8,6.8,81.1,106.4,33.7,22.1,16.9,12.2,13.8,10.4,18.3,11.4,10.0,14.6,-3.5,-3.0,-6.3,-1.4,-3.8,7.4,2.6,3.1,-0.9,-1.4,4.4,2.3,0.8,-3.4,8.1,4.6,5.6,3.2,5.6,1.9,5.7,5.6,-0.7,4.4,-1.6,3.6,2.3,-5.8,4.9,4.6,-2.4,8.6,9.7,10.9,8.3,1.3,13.2,11.3,3.7,7.2,7.7,3.1,9.6
49,UT,442,0.5,0.7,-1.8,4.6,3.8,0.5,4.0,3.5,3.9,4.0,3.3,-1.9,1.8,2.6,-20.2,-62.9,-38.3,-6.4,-6.5,-2.8,4.1,1.5,-4.8,1.9,16.9,13.9,58.4,234.0,88.3,26.9,25.2,17.5,13.3,15.7,22.8,11.7,1.3,8.7,4.4,6.3,5.6,4.8,1.2,5.4,3.9,2.5,0.9,2.4,7.6,0.0,-5.1,-15.5,-11.9,-5.0,-12.5,-10.1,-9.3,-12.2,-5.4,-7.8,-5.9,2.0,-0.9,7.2,10.5,3.0,17.8,14.1,10.4,16.9,16.0,22.4,10.2,6.8,9.3,10.8,9.3,2.2,4.9,-2.7,-2.1
49,UT,443,6.9,-0.5,-4.2,-7.1,-7.1,-13.5,-2.9,-10.7,-9.0,-8.2,-5.9,-5.4,-2.5,2.7,-15.3,-50.8,-42.3,-9.0,-6.1,-0.6,-2.4,2.5,-3.5,-3.8,-9.3,-13.4,23.8,125.5,80.3,30.0,15.0,10.0,13.1,11.3,3.5,3.6,3.2,8.1,2.8,1.3,-1.4,-7.4,-7.3,-0.6,0.3,-6.4,-7.0,-6.0,-5.6,-9.3,-16.1,-21.2,-12.3,-12.3,-14.2,-11.1,-12.4,-9.3,-2.2,-6.5,1.4,10.3,-2.8,7.8,13.4,5.1,11.3,1.9,-3.5,0.5,-5.0,-1.5,-4.8,-5.8,3.6,2.8,-1.8,2.5,8.2,7.0,13.0
49,UT,444,13.5,1.9,0.8,4.6,-1.2,-4.2,2.1,0.1,3.3,0.8,0.1,3.4,4.1,12.8,10.1,7.9,13.3,26.1,17.9,13.8,24.5,17.1,18.1,23.1,16.2,13.4,37.2,34.5,17.3,13.5,10.5,14.4,10.2,9.6,19.7,17.1,13.2,18.6,7.8,2.8,11.0,9.8,8.1,16.7,11.9,11.1,4.2,1.1,8.9,6.3,-2.0,-2.8,4.8,1.9,1.6,3.1,0.0,4.5,5.2,1.5,-6.3,-0.6,-8.6,3.7,-4.3,-6.9,5.0,-4.3,-0.6,5.0,-2.3,-1.1,1.2,-5.0,5.7,2.7,-2.9,1.6,-0.6,-4.1,2.4
49,UT,445,-11.1,-1.0,0.8,2.7,15.0,15.8,18.8,18.0,15.2,16.4,14.8,10.1,16.3,8.1,23.3,7.7,8.6,5.9,6.0,2.5,5.7,4.8,5.9,8.0,8.3,4.5,-10.2,3.6,3.6,7.7,6.3,10.4,10.5,13.2,10.3,12.4,10.5,12.4,12.7,12.9,9.8,9.6,11.9,8.5,8.8,8.5,9.6,2.1,4.7,6.6,3.8,3.3,3.8,3.5,7.0,3.1,3.0,0.0,2.5,7.7,0.4,2.7,1.8,-2.1,1.6,0.0,-5.3,1.1,-1.4,2.9,1.7,-0.7,5.8,-1.1,0.7,6.1,2.7,1.8,3.7,3.0,2.9
49,UT,446,10.6,11.1,2.7,5.7,3.3,0.8,5.0,1.8,4.6,3.4,-2.3,4.7,6.8,7.9,8.2,-10.1,-11.6,6.1,8.0,1.5,9.7,4.3,5.1,8.2,6.1,3.4,16.6,36.6,29.9,21.7,14.3,19.7,14.8,11.7,18.8,16.4,5.5,6.6,-1.2,-1.1,2.1,-0.4,-2.3,2.3,2.5,3.4,2.3,-3.1,0.2,0.5,-0.1,-1.9,4.1,0.2,-0.8,1.1,-1.0,4.4,3.0,3.2,4.8,6.7,0.6,5.4,1.6,-1.5,9.6,3.5,4.8,4.6,2.1,6.4,4.8,2.1,6.2,7.8,6.2,9.7,6.8,2.8,7.9
49,UT,447,-9.0,-4.0,-2.6,4.8,-0.5,-4.5,-5.8,-3.0,-5.0,-6.5,-1.0,7.7,12.3,7.0,-17.5,-37.1,-29.3,-16.3,-13.9,-15.5,-12.9,-13.8,-18.1,-13.5,-3.0,1.8,40.4,70.8,67.0,46.8,44.8,47.2,52.8,53.9,64.5,55.6,39.1,42.6,46.6,51.9,43.8,51.1,42.8,32.4,25.7,24.1,19.2,8.9,0.2,-6.6,-17.5,-20.0,-23.6,-27.0,-25.9,-16.1,-12.0,-14.0,-17.0,-12.4,-15.5,-5.4,-9.9,-5.4,-8.1,-3.7,2.9,-1.3,-7.3,-2.3,3.9,6.5,19.5,8.4,10.2,7.1,11.3,6.2,2.4,1.4,8.3
49,UT,448,-0.9,-2.2,-1.9,4.8,-0.5,-1.0,-0.7,0.2,-0.6,4.9,1.7,6.4,3.4,9.1,-49.5,-85.4,S,-13.2,-19.9,-16.2,-4.5,-10.9,-16.4,-10.3,-0.1,-5.6,137.3,S,69.7,42.7,53.9,32.6,30.2,35.7,44.1,34.3,20.2,27.2,9.3,14.7,7.2,5.3,1.8,5.8,6.2,5.0,3.8,5.8,12.6,8.0,3.4,1.2,5.4,5.3,5.9,8.6,7.7,5.0,7.8,7.6,-5.8,-1.3,-4.9,-8.2,-4.2,-4.5,-1.2,-1.7,-7.6,-3.2,-4.9,-5.8,6.0,0.6,4.1,6.5,6.4,4.3,7.7,7.8,8.3
49,UT,451,-12.0,-5.9,-9.6,-0.5,-3.9,1.3,7.5,6.7,6.8,23.6,3.5,7.7,11.1,22.6,-3.9,S,S,41.9,31.5,28.9,38.9,34.8,36.1,36.3,S,23.9,89.3,S,14.1,18.8,17.3,24.3,19.5,20.2,30.6,24.7,-3.0,16.7,-2.3,-6.6,2.4,-0.3,8.0,5.3,6.3,6.7,5.5,8.8,11.3,-2.2,0.9,7.1,5.0,-0.2,0.4,3.2,1.6,2.4,2.2,-2.9,3.1,18.6,12.3,2.3,7.6,9.3,7.6,7.8,8.4,4.5,6.0,11.4,-3.0,-5.4,-2.1,-1.6,4.0,-4.7,1.9,1.3,-2.4
49,UT,452,1.6,0.7,-3.2,5.1,1.1,0.0,3.3,2.9,0.1,4.0,0.4,0.2,0.7,5.0,-0.6,S,-5.7,-16.3,-15.4,-15.5,-14.1,-7.2,-16.8,-13.0,9.2,5.3,10.8,147.9,28.3,39.0,37.3,S,33.9,29.0,26.5,24.3,22.0,24.3,19.2,18.4,11.3,18.1,18.3,4.7,17.0,11.7,20.9,14.7,4.0,2.4,4.9,8.0,9.4,7.9,5.2,4.3,10.2,9.5,10.4,11.9,0.2,1.1,4.3,-6.5,0.4,-0.4,2.3,4.0,1.0,1.3,5.5,-1.0,11.9,11.0,5.9,4.9,5.3,1.9,-0.1,-0.9,-2.8
49,UT,453,-12.2,-9.1,-4.4,5.6,4.4,0.4,7.3,4.1,3.1,3.3,1.6,3.1,8.5,10.2,-11.9,-33.2,-22.9,-3.7,-5.2,-7.1,2.5,0.7,-3.0,10.1,9.3,11.6,54.3,83.6,46.0,31.3,31.0,32.1,34.4,31.6,33.6,24.2,21.4,28.1,14.8,21.4,20.9,14.2,8.6,15.9,10.6,12.6,2.7,4.8,3.4,-5.3,-3.3,-4.8,-1.6,-0.4,2.5,-7.4,-5.1,-5.1,-0.4,-7.8,S,S,S,S,S,S,S,S,S,S,S,S,S,S,S,S,S,S,S,S,S
49,UT,TOTAL,-1.4,0.2,-0.9,3.8,3.1,1.0,5.4,4.8,2.9,4.2,4.0,3.5,5.6,6.4,-10.3,-29.4,-7.4,-0.1,-2.1,-4.8,2.3,1.6,-3.7,1.6,9.6,5.9,38.0,77.0,30.9,24.7,22.0,23.3,20.7,19.7,24.3,20.0,14.8,19.2,9.4,9.8,8.1,10.9,9.6,10.4,9.9,8.9,7.6,4.3,4.5,1.9,-1.2,-2.9,1.4,-0.9,-0.7,0.1,1.8,0.5,2.4,3.6,-2.1,2.7,-0.9,-0.1,0.6,-2.4,3.4,2.9,-0.8,4.4,4.9,4.5,8.4,2.7,7.5,7.1,4.3,4.3,4.1,1.5,4.7
50,VT,441,10.6,12.6,2.3,21.4,15.5,12.9,18.1,8.1,2.4,7.1,19.6,23.4,7.6,2.4,-18.8,S,-4.6,S,11.9,12.4,S,S,S,S,-6.5,-5.4,S,S,57.6,6.3,34.5,-4.7,S,-0.5,-1.0,-7.7,S,S,-3.7,-8.0,S,-7.9,-12.4,S,29.3,S,-4.8,-14.5,-10.5,-17.3,-20.6,-19.0,S,-14.4,-0.5,-5.9,-8.9,26.9,-5.8,-0.3,-2.8,1.2,-3.1,-2.7,-15.0,-7.5,-7.2,-1.3,-12.4,-4.8,-7.7,-8.7,3.4,-1.9,8.2,13.6,3.9,8.4,3.6,-1.6,S
50,VT,442,-3.1,-3.9,-2.3,-3.1,-3.0,-7.4,-3.5,-5.2,-2.3,-0.9,-2.7,-2.9,-5.0,6.6,-34.6,-48.4,-33.6,-13.0,-6.2,-6.6,-4.8,-5.8,-13.2,6.5,2.7,-9.2,55.6,S,48.2,19.6,9.0,6.4,10.5,10.0,19.1,-3.4,-4.8,0.9,-4.9,-6.1,-5.3,-8.8,-13.1,-8.0,-7.9,-8.4,-11.1,-11.5,18.1,14.2,8.2,8.2,14.7,7.0,18.2,18.3,5.2,1.3,5.1,-2.0,-28.8,-31.5,-35.0,-31.4,-31.2,-29.5,-28.4,S,-26.8,-21.8,-25.1,-13.6,2.6,-0.5,5.6,9.1,3.5,14.6,15.6,6.7,-0.7
50,VT,443,-3.1,-4.3,-3.6,2.5,3.8,2.0,9.2,1.5,6.7,5.2,3.2,9.7,-17.4,-14.6,-24.5,-52.1,-43.2,-18.0,-11.6,-5.8,-9.8,-3.8,-21.1,-12.9,S,18.3,51.0,155.3,93.0,50.0,30.8,20.0,22.3,18.8,31.6,15.8,-4.2,9.8,8.0,5.2,3.5,-5.3,-2.3,-1.4,3.9,-7.2,-4.5,-2.4,-2.1,-5.4,-12.1,-15.7,-5.9,-5.0,-12.1,-3.4,-10.0,-3.9,-5.4,-3.2,6.3,16.8,5.6,12.2,11.5,7.9,19.0,6.8,4.4,7.2,2.5,-3.6,-0.7,-8.9,0.1,-0.8,3.6,4.7,8.5,9.6,11.6
50,VT,444,11.8,1.6,-1.0,8.9,-4.1,-2.7,3.1,4.1,2.8,0.7,1.3,2.4,1.7,14.0,18.0,10.5,23.4,31.2,24.2,21.1,31.9,26.6,26.6,33.7,20.8,18.6,35.9,36.1,11.8,9.7,5.5,9.7,5.1,3.5,10.8,7.7,7.2,6.9,-2.1,-4.8,1.4,-1.4,0.6,5.5,4.4,4.8,0.5,-0.8,-0.1,-0.3,-8.8,-8.1,-1.3,-6.1,-6.6,-4.4,-9.7,-5.6,-5.6,-9.9,-5.3,-1.1,-4.4,3.4,-1.9,-1.7,5.2,3.1,3.0,7.0,7.4,6.6,3.0,-0.9,1.1,-1.2,-5.6,-1.9,-2.1,-10.4,-2.8
50,VT,445,4.8,1.0,-1.3,5.6,2.3,22.6,21.7,24.2,0.6,1.8,26.8,21.8,18.9,27.1,51.9,38.5,24.4,-3.0,-3.0,-7.1,15.8,19.4,-6.8,-6.2,S,S,-38.4,-34.0,-26.8,-21.8,-18.6,-18.1,-17.7,-18.0,-20.4,-15.4,6.3,5.2,3.3,5.8,7.0,7.7,5.5,5.6,6.8,4.6,8.7,6.6,8.5,9.3,11.2,14.2,11.0,8.0,7.1,9.5,8.9,8.0,13.9,6.1,1.8,5.0,4.7,-0.5,3.0,2.6,2.5,2.7,1.4,5.0,0.9,-0.1,4.4,-0.5,-0.7,5.9,1.8,1.1,3.8,2.7,1.8
50,VT,446,-4.3,-0.6,3.5,8.6,2.6,0.5,5.3,-1.3,4.3,2.4,-1.4,0.1,2.9,8.5,14.8,0.3,-3.3,10.6,10.3,7.3,13.4,6.9,9.8,15.3,-5.4,-7.0,-1.5,7.3,7.0,3.7,-2.7,3.3,-0.2,-1.4,3.5,-0.1,11.6,12.9,4.7,5.6,10.0,7.2,6.1,9.1,8.5,7.6,7.0,8.7,27.7,26.3,28.1,24.6,32.5,30.2,28.1,30.0,26.2,33.6,31.9,24.7,-0.4,-0.2,-8.9,-2.1,-6.3,-12.3,-0.5,-5.0,-2.4,-7.3,-8.5,-3.8,-0.9,0.4,7.2,4.4,4.6,8.0,-0.3,-0.4,5.3
50,VT,447,-3.1,-4.1,5.0,5.7,1.1,S,3.1,-4.2,-4.9,-5.4,0.1,7.5,6.0,7.1,-18.7,-43.2,-35.8,-21.7,-17.8,-17.6,-13.4,-17.4,-20.6,-11.7,-16.7,-13.3,11.9,46.1,28.2,23.0,23.8,20.8,20.1,27.0,33.6,23.0,32.3,33.2,45.3,50.5,63.1,52.0,37.2,31.1,17.9,16.4,15.1,5.6,-8.1,-12.4,-22.9,-24.3,-28.1,-30.8,-28.9,-16.3,-10.3,-14.4,-16.3,-16.3,-5.8,1.0,-0.7,5.0,1.4,-1.6,2.1,-5.9,-9.7,-3.8,-7.5,-0.5,3.8,-4.5,-4.9,-5.4,-6.3,-3.9,-3.2,-1.7,24.1
50,VT,448,-0.2,2.0,1.0,4.4,-1.5,1.6,1.8,3.8,-0.4,1.4,0.8,4.1,8.8,6.5,-46.2,-70.1,S,-7.1,-7.0,-7.3,5.3,-0.6,-5.7,-0.7,-10.6,-22.3,102.7,252.2,S,19.2,21.9,6.5,8.7,12.8,21.3,9.8,-2.7,12.7,-9.4,-5.0,-11.3,-9.8,-10.2,-6.4,-8.2,-10.0,-11.8,-9.4,17.1,6.0,2.8,4.4,7.5,6.8,4.4,5.9,3.7,3.3,4.8,10.4,-4.4,5.0,-2.5,-6.8,-1.2,-2.2,-0.8,2.4,-7.1,-1.5,-5.4,-5.5,4.7,-3.7,4.7,4.7,4.3,4.7,5.7,8.0,9.0
50,VT,451,-13.5,-5.3,-8.6,-6.2,-7.9,-4.8,3.6,0.4,-3.5,-7.2,5.1,7.0,-2.9,-6.4,-29.8,S,S,11.0,5.9,-12.3,S,3.5,-7.3,-4.5,42.7,24.2,110.2,S,-0.6,17.0,21.3,43.4,S,20.9,35.7,33.8,7.0,21.1,-0.9,0.7,1.5,4.6,9.8,7.7,10.4,6.1,2.5,8.0,11.0,22.7,14.4,9.4,15.0,7.8,9.9,4.5,5.6,1.9,4.0,-0.4,11.4,9.9,4.8,-7.3,1.6,1.0,-0.9,5.8,-1.1,9.4,3.7,11.0,-3.0,-9.8,-1.5,-1.7,0.0,-2.8,1.8,1.5,-0.7
50,VT,452,4.6,1.3,3.0,5.5,0.1,4.1,5.9,5.6,3.4,0.0,0.5,-0.9,6.9,9.1,2.5,S,-19.6,4.5,22.4,6.6,16.4,12.1,7.8,5.6,16.9,3.4,9.7,567.0,45.7,5.4,-3.1,-4.3,5.1,10.9,3.7,7.9,-9.8,-1.2,-4.8,-2.6,0.1,2.2,-0.2,10.4,6.0,-2.3,-2.2,-3.5,5.4,5.0,-2.0,-0.2,-5.2,-3.3,0.4,-2.6,-7.5,-4.6,-2.1,0.8,7.4,12.7,11.4,3.3,12.5,8.2,3.5,15.0,1.8,11.0,6.2,4.9,10.1,-2.7,7.6,4.0,4.6,2.6,4.2,-3.6,-0.9
50,VT,453,-3.5,-10.9,-1.6,5.5,4.3,2.2,8.2,5.2,7.8,6.6,10.2,7.4,19.8,26.2,2.7,-20.1,-11.0,11.1,7.0,5.6,14.7,13.6,8.0,18.3,3.3,2.3,37.9,68.9,32.2,20.4,22.4,23.1,19.6,15.0,22.6,10.4,S,S,S,7.0,S,10.1,3.8,6.1,-0.5,-5.6,-6.6,-3.0,-4.2,-7.1,-11.4,-13.1,-8.6,-10.5,-15.4,-20.9,-10.8,-3.0,-7.2,-9.3,-0.2,7.7,8.8,7.3,8.1,4.5,11.0,12.5,6.7,11.9,2.3,13.9,11.6,9.4,16.2,7.7,6.5,12.5,16.9,6.3,8.7
50,VT,TOTAL,2.5,1.0,1.3,8.1,2.6,19.1,10.1,6.4,0.4,0.5,9.1,10.6,8.4,11.6,3.5,-15.5,-4.3,8.3,2.3,-1.0,21.2,15.2,4.8,11.5,-6.9,-9.2,15.4,38.7,16.0,4.5,8.7,2.0,-5.1,3.3,5.3,1.8,16.2,21.7,6.8,6.5,3.8,9.3,5.7,17.4,11.9,-3.1,2.8,-1.3,1.4,-1.7,-7.1,-6.9,3.7,-8.2,-5.0,-2.1,-2.5,3.7,-0.6,-1.0,-1.4,2.7,-0.5,0.1,-2.3,-2.1,0.3,0.3,-4.3,0.6,-2.5,-0.7,3.8,-2.0,2.5,3.6,0.3,2.3,1.9,-1.1,1.6
51,VA,441,-0.9,-0.2,2.6,3.4,1.6,-2.2,3.2,3.8,2.9,2.2,2.7,0.0,8.0,10.5,-28.2,-35.1,-8.5,4.7,1.2,-1.3,9.9,5.9,-1.9,7.6,-0.6,-6.5,64.6,93.0,25.0,12.4,8.9,4.0,2.4,1.7,11.7,3.0,6.3,12.8,-7.2,-5.9,-8.5,-5.9,-6.6,2.8,-1.0,0.7,-3.3,-1.7,2.7,-0.8,-0.3,-3.6,5.5,4.4,2.5,1.0,3.3,-0.6,1.2,0.9,6.2,13.1,5.6,11.0,8.8,-0.4,12.0,8.5,5.7,15.0,16.8,14.7,6.1,-1.6,9.9,6.8,0.5,4.2,3.1,3.3,4.3
51,VA,442,1.3,1.4,1.3,0.6,3.8,-1.1,2.4,2.3,2.2,4.3,2.0,1.2,-0.6,3.1,-24.5,-62.0,-31.8,-2.5,-0.7,-5.2,0.5,0.1,-6.2,-3.2,7.7,-3.3,46.9,S,49.4,11.1,11.8,5.3,6.1,4.0,16.0,5.6,1.2,16.0,8.0,7.0,6.8,4.8,-3.3,13.7,8.7,5.4,-1.4,0.4,3.2,-5.6,-9.5,-12.4,-6.9,-7.1,-8.1,-12.6,-14.2,-14.4,-8.2,-12.3,-16.5,-8.2,-15.4,-9.4,-8.9,-10.5,-1.9,-2.4,-5.1,0.1,-0.4,6.4,8.2,2.6,8.0,5.6,3.0,6.3,4.7,-0.7,0.8
51,VA,443,-8.3,-4.7,-3.5,-3.4,-2.4,-5.2,-1.9,-2.8,-0.5,-2.9,-4.4,-0.8,-2.6,0.2,-21.2,-55.9,-48.0,-21.3,-10.8,-12.2,-12.6,-5.9,-13.0,-17.1,7.5,0.0,50.1,178.9,122.5,56.6,34.0,28.9,34.2,31.1,19.0,19.9,0.3,8.9,-0.5,-0.4,-2.4,-7.9,-5.3,-1.1,-2.1,-9.1,-6.0,-3.4,1.6,-3.9,-10.5,-15.1,-9.1,-7.1,-11.4,-7.9,-7.5,-6.4,-3.1,-7.4,-4.5,5.2,-4.7,2.9,4.5,-2.1,5.0,-0.8,-7.1,-2.2,2.1,7.3,-1.4,-5.6,1.8,-2.1,-1.9,-0.6,1.0,-1.9,5.1
51,VA,444,14.3,3.1,1.7,6.6,-1.8,-4.8,0.9,1.3,1.8,-1.0,-1.3,2.1,-0.9,5.5,4.7,4.1,10.7,23.1,14.4,10.2,20.2,11.3,13.2,18.5,17.3,15.2,36.2,31.9,11.6,8.9,8.6,13.6,10.1,11.0,21.1,16.2,11.2,16.8,4.5,-0.7,9.5,9.2,6.7,15.5,10.6,10.2,4.4,2.3,3.3,1.0,-6.2,-5.9,1.0,-3.6,-3.8,-3.3,-7.0,-3.1,-2.2,-5.3,-4.9,-0.3,-7.7,3.5,-4.3,-6.1,6.6,-4.4,0.9,7.0,-1.7,0.1,-0.4,-8.1,1.7,-1.3,-5.3,-1.8,-4.9,-5.7,-2.3
51,VA,445,5.9,2.7,2.6,6.5,5.0,3.9,6.8,6.3,2.7,4.4,4.1,2.3,4.2,11.2,28.5,20.2,17.8,12.5,15.2,10.2,12.9,14.3,9.6,11.4,-5.5,-10.0,-23.7,-17.9,-15.8,-11.3,-12.8,-10.7,-8.1,-8.6,-8.7,-6.4,9.3,7.7,8.0,11.2,7.4,8.9,8.6,7.1,7.5,7.1,8.8,8.1,-1.4,1.6,-0.1,-2.0,-1.6,-2.5,-3.5,-1.6,-2.9,-5.1,-3.7,-4.1,0.2,3.2,2.8,-1.9,2.6,1.1,1.0,1.0,-1.1,3.2,2.7,1.0,6.0,1.1,0.1,5.3,1.8,0.7,3.4,3.6,2.6
51,VA,446,6.2,6.3,3.7,7.4,3.5,1.9,4.7,0.7,4.0,3.0,-2.6,2.6,1.5,4.4,7.9,-8.8,-9.7,3.5,6.1,1.8,8.0,3.1,3.6,7.9,0.1,-2.2,6.4,21.2,16.2,13.0,5.4,10.5,7.0,4.6,11.1,7.7,8.9,8.6,-0.1,1.2,4.9,2.5,1.3,4.5,4.7,4.7,3.9,1.0,-1.6,-0.8,-0.3,-2.3,3.0,-0.5,-2.3,-0.2,-2.2,2.9,1.1,-0.6,3.3,4.0,-2.9,1.6,-0.8,-3.8,7.0,2.4,4.9,2.2,0.4,4.3,3.5,4.2,9.3,8.6,7.1,11.4,7.4,4.9,8.1
51,VA,447,-9.6,-0.5,5.3,-3.5,6.6,2.0,-9.6,2.3,4.2,2.0,4.9,14.8,13.3,4.5,-23.6,-34.2,-36.0,-22.1,-21.2,-17.3,-14.1,-15.1,-17.0,-10.8,0.3,6.3,48.1,82.2,58.3,45.0,44.1,37.5,40.6,45.0,52.0,40.2,26.1,30.6,30.1,36.4,48.9,45.4,34.5,24.0,13.6,11.7,9.3,2.0,8.7,2.7,-8.9,-11.1,-16.5,-19.6,-15.3,-1.1,3.1,-1.5,-5.9,-2.5,-7.7,-1.0,-1.8,1.8,0.8,-1.9,-0.9,-8.4,-12.1,-8.5,-5.1,-2.7,1.4,-6.1,-7.7,-8.1,-7.1,-4.7,-3.1,-3.4,-2.8
51,VA,448,5.8,-2.2,1.2,5.7,-3.0,-1.2,-1.0,3.0,0.2,0.3,-0.5,3.4,5.2,1.9,-51.5,-73.0,-52.2,-12.4,-16.7,-17.4,-9.6,-10.8,-19.6,-13.7,-11.3,-19.0,111.0,278.6,126.3,27.8,30.5,19.2,22.4,20.9,36.2,22.4,10.2,24.1,2.1,5.8,-1.1,-2.3,-4.4,0.0,0.3,-1.4,-4.4,-1.7,3.7,-0.8,-6.3,-7.2,-4.7,-5.4,-3.0,2.7,-4.4,-4.9,-2.3,-1.0,-0.7,9.2,4.1,-0.6,6.9,4.4,4.3,2.3,-1.4,5.4,3.9,1.5,2.8,-6.7,3.0,6.1,4.8,3.2,7.8,8.2,7.7
51,VA,451,-7.0,-12.4,-9.1,-4.1,1.5,-9.7,-0.4,6.2,2.6,20.1,5.9,4.4,-4.1,8.8,S,S,S,S,S,S,S,S,S,S,53.9,13.6,S,S,-11.7,S,-8.3,-7.1,-15.1,S,-3.8,-4.3,-2.9,20.9,-1.3,8.2,0.3,-2.0,-0.9,11.0,10.7,7.8,0.0,8.1,S,22.5,15.1,5.4,18.7,S,21.8,15.7,15.8,14.8,24.2,14.8,3.3,3.6,-3.0,-4.7,-0.3,-4.1,-7.5,-5.3,-7.0,0.5,-2.9,0.1,-2.8,-7.8,2.8,1.8,2.2,1.6,5.6,6.7,6.2
51,VA,452,1.0,-0.9,-0.4,7.3,2.8,-1.1,1.4,2.7,-0.8,-0.3,1.8,-1.3,5.3,9.0,2.6,S,1.3,2.9,4.6,-2.3,4.7,7.2,-2.6,-0.9,9.1,-3.1,8.5,128.4,11.4,10.2,10.8,24.3,13.9,11.0,15.5,14.3,2.9,17.6,4.6,10.0,7.8,13.2,8.8,3.2,12.8,12.4,6.0,10.6,12.3,5.1,1.9,-1.2,-0.2,1.2,-3.2,1.4,-1.6,-4.0,0.3,-3.2,-0.9,4.1,12.1,1.9,4.5,0.9,3.9,1.0,1.1,2.1,1.3,0.5,-3.1,-5.5,-2.2,0.9,0.5,0.0,2.1,0.9,-3.0
51,VA,453,-1.1,-4.5,-0.3,6.2,3.2,1.8,7.9,4.0,6.1,4.8,5.8,5.9,21.5,23.7,-2.8,-27.4,-17.8,4.9,6.8,4.3,10.6,7.3,9.3,17.0,2.9,-1.3,40.5,80.5,41.9,26.6,25.3,25.8,24.5,23.2,28.9,17.4,13.1,21.0,7.9,10.6,12.5,7.3,0.8,3.6,-3.5,-3.1,-8.0,-5.1,4.7,0.2,-4.2,-6.5,-3.0,-4.3,-7.1,-8.0,2.5,3.3,5.8,-1.1,-3.6,2.8,2.7,7.7,4.5,1.5,7.2,6.5,2.5,5.3,-3.2,4.3,11.0,6.5,12.1,1.4,10.3,11.7,10.7,2.4,7.4
51,VA,TOTAL,1.3,0.5,2.1,4.1,2.5,-0.4,1.4,3.3,2.3,2.1,2.1,2.3,5.8,8.4,-8.8,-24.6,-7.4,3.2,2.3,-0.9,6.4,4.5,-0.8,3.9,1.7,-3.6,25.4,55.3,18.5,11.2,9.4,10.0,8.3,7.9,14.3,9.5,9.1,15.4,3.9,6.1,6.9,8.1,5.4,7.6,6.0,5.9,2.7,3.0,4.3,1.2,-2.4,-4.7,-1.5,-3.0,-3.8,-0.6,-0.6,-2.3,-1.1,-2.0,-0.2,5.3,2.3,3.6,3.3,-1.1,5.2,1.3,-0.1,4.7,4.2,4.4,3.2,-2.5,3.0,2.7,0.0,1.8,2.2,1.6,1.9
53,WA,441,-1.9,-1.3,0.9,2.1,1.9,-0.5,6.3,5.8,4.7,3.3,7.5,3.4,2.9,2.4,-30.8,-36.2,-9.0,6.1,-0.6,-5.0,5.2,3.6,-4.9,5.0,13.8,9.1,83.2,111.0,33.3,13.8,13.4,8.9,12.3,11.1,18.7,9.4,10.4,14.8,-2.6,-3.6,-6.3,0.2,-0.7,10.0,4.7,3.9,-1.5,-2.1,4.8,3.0,2.6,-1.8,9.5,7.1,7.1,6.0,5.3,2.0,6.8,8.6,-0.1,4.8,-1.6,3.8,1.1,-6.7,3.7,1.9,-3.3,7.2,9.7,8.5,6.5,0.0,11.5,7.6,2.2,4.5,4.5,1.9,6.7
53,WA,442,-2.8,-1.9,-2.8,1.1,-0.9,-2.7,2.3,-0.3,4.0,1.1,-0.6,0.4,7.5,8.0,-18.3,-57.7,-26.1,-1.5,2.4,3.8,4.2,5.0,-1.1,6.4,0.3,-1.8,42.1,S,48.3,14.8,6.1,3.7,5.0,5.1,12.1,0.8,1.0,7.4,2.9,2.9,3.0,1.7,-0.5,5.4,2.7,0.9,-3.0,-3.6,-4.6,-9.1,-13.8,-19.3,-15.0,-14.2,-16.7,-17.7,-18.9,-21.3,-14.6,-18.1,-13.0,-7.7,-14.5,-6.1,-4.4,-10.4,-1.0,-4.1,-3.9,1.6,-1.8,7.5,7.3,3.0,7.4,6.3,4.9,9.2,11.2,3.1,3.2
53,WA,443,2.7,-3.8,-3.1,-2.5,-1.3,-3.6,3.4,-4.1,-1.1,-0.4,-3.2,0.6,2.1,7.3,-14.4,-45.5,-36.8,-10.0,-2.3,0.1,-0.5,4.9,-4.1,-2.8,9.0,1.9,41.0,S,90.7,44.4,27.1,22.0,21.3,20.1,18.6,16.5,5.6,14.5,7.7,8.0,6.2,-1.9,-0.4,3.1,9.2,-0.9,-0.8,-1.5,S,S,S,S,S,S,S,S,S,S,S,S,-0.9,4.9,-4.4,5.8,7.2,0.1,7.3,0.0,-8.5,-2.0,-5.9,3.3,-4.7,-7.3,2.2,-0.1,-1.0,3.8,6.4,5.7,11.8
53,WA,444,11.4,1.9,0.4,7.1,-1.1,-4.8,1.4,0.6,1.1,0.4,0.1,4.5,-6.1,1.7,-0.8,-3.9,2.8,14.6,7.8,4.8,13.7,5.4,5.1,11.3,15.0,12.0,33.7,32.2,13.2,9.1,6.1,9.9,6.5,5.9,16.3,11.6,11.7,17.1,6.3,1.7,9.6,9.4,7.9,15.4,11.5,11.5,5.4,2.4,2.7,0.6,-6.3,-6.6,1.1,-3.9,-3.7,-1.8,-6.0,-2.4,-2.0,-4.3,-8.6,-3.5,-10.1,1.2,-6.3,-8.6,1.8,-9.5,-2.6,3.0,-6.9,-6.6,-3.3,-11.0,-1.2,-6.9,-8.4,-3.1,-5.8,-6.2,-3.9
53,WA,445,3.5,1.4,1.0,3.6,2.9,2.7,4.9,4.0,1.3,3.3,0.7,-0.1,5.8,8.6,28.2,16.9,19.1,12.9,16.8,13.9,16.9,17.1,15.7,17.4,12.6,9.4,-7.2,2.2,0.4,5.9,4.2,3.3,7.0,5.8,5.5,9.6,5.8,6.9,7.9,10.5,7.8,9.5,8.8,9.7,7.5,7.9,9.1,6.5,2.1,4.3,0.4,-0.7,0.6,-1.2,-1.8,0.6,-0.9,-2.9,-3.3,-3.3,3.2,5.1,5.5,3.0,5.9,5.2,4.2,4.2,3.9,5.7,6.2,2.2,2.6,-0.6,0.0,2.8,0.3,-1.2,1.2,0.9,0.1
53,WA,446,-3.9,3.5,1.6,6.3,3.5,0.4,4.8,1.7,4.6,4.2,-0.1,4.6,2.2,3.1,6.4,-11.6,-11.3,0.1,3.4,-2.2,4.7,-0.6,-0.2,3.2,3.8,1.1,9.8,30.2,22.9,18.6,11.0,16.1,12.4,10.5,16.4,14.1,8.9,9.8,2.1,1.8,4.9,2.5,0.1,4.1,3.6,3.5,4.0,7.1,7.6,8.9,9.1,5.7,12.9,10.4,8.9,11.2,8.7,13.7,11.2,4.2,7.7,6.1,-1.1,2.8,-1.9,-4.5,4.1,-1.2,1.3,1.1,-1.3,2.0,-0.4,-1.2,4.6,6.4,4.9,9.3,6.3,3.0,0.8
53,WA,447,16.6,1.3,26.8,10.0,14.7,-1.0,20.0,-4.5,1.4,0.6,-7.2,11.3,6.4,-0.1,-17.8,-42.0,-41.7,-19.1,-14.6,-2.7,-1.0,-6.5,-3.7,-6.9,-12.7,-0.4,65.3,108.3,28.8,39.7,34.7,16.6,17.6,17.0,23.6,21.4,43.9,35.3,8.9,15.3,S,45.7,41.2,36.7,20.1,26.3,14.2,8.9,21.8,17.4,3.6,1.6,-6.4,-6.2,-9.9,2.5,15.5,6.6,14.2,10.5,-15.8,-10.3,-12.2,-4.5,-7.8,-11.8,-4.9,-13.0,-18.1,-12.3,-15.9,-4.0,6.1,1.6,0.9,-2.3,2.3,1.3,1.7,1.7,-13.0
53,WA,448,2.9,-10.4,-2.2,0.8,-0.4,-2.6,1.1,2.3,-2.9,1.2,0.4,6.8,2.9,25.2,-55.7,-98.4,S,-51.6,-19.9,-16.9,-11.9,-12.1,-24.3,-15.6,-5.8,-10.4,166.3,S,S,138.7,53.3,29.0,33.6,34.7,51.2,35.7,10.1,18.9,1.8,4.0,-2.9,-4.5,-8.4,-3.3,-3.3,-5.4,-6.7,-4.8,4.8,-2.2,-7.9,-11.3,-4.5,-3.8,0.5,0.0,0.3,-3.6,-3.8,-2.0,-8.6,-2.5,-4.2,-2.0,4.3,-0.5,-9.7,6.5,-4.9,2.4,3.4,-1.3,11.8,-5.9,5.3,9.2,3.5,4.9,13.4,7.5,9.7
53,WA,451,-6.0,-9.0,-9.4,-2.9,-2.9,-2.0,4.2,5.2,4.0,12.1,0.7,3.6,7.5,8.7,-24.3,S,S,S,10.1,-12.3,-2.9,6.9,8.4,6.3,32.5,13.7,86.8,S,S,54.2,22.8,44.9,S,28.2,29.9,30.6,-5.8,17.2,-1.3,-1.7,-1.9,-2.8,3.0,6.4,3.7,1.6,0.0,1.5,5.5,-6.7,-5.9,-8.9,0.5,-4.5,-7.6,-8.7,-6.7,-7.1,-3.7,-7.3,-5.7,-3.4,-5.5,-9.6,-9.4,-9.1,-10.4,-6.6,-9.4,-2.9,-4.9,-4.4,0.6,-5.3,0.5,2.2,3.1,0.5,4.3,3.1,3.0
53,WA,452,2.3,-6.1,0.2,1.0,2.8,0.3,1.7,2.8,-0.1,4.0,3.2,0.9,0.4,13.0,-8.3,S,S,S,-14.9,-25.6,-19.0,-6.5,-24.4,-18.5,8.5,1.0,15.7,328.0,111.7,114.1,S,S,S,27.1,36.0,31.8,14.4,23.0,15.0,7.5,5.0,15.7,13.2,S,18.1,11.2,19.3,11.4,11.2,5.6,5.5,7.6,11.2,S,2.6,1.9,-0.4,3.0,8.9,S,-8.1,-0.7,4.0,-6.2,-1.3,2.9,-1.5,7.1,1.6,3.7,3.0,1.4,11.4,3.7,5.1,3.7,7.3,-0.3,2.0,-4.0,-0.6
53,WA,453,-4.0,1.5,5.2,6.3,4.9,1.7,5.6,2.6,2.0,-1.1,5.4,6.1,6.3,4.5,-18.2,-30.7,-28.3,-7.9,-5.7,-7.4,1.8,5.3,-2.3,7.6,3.0,1.6,41.8,73.5,52.8,29.9,28.5,29.0,22.3,15.2,22.6,9.2,6.0,11.7,2.5,0.3,6.0,4.0,-2.5,0.8,-3.5,5.6,-7.6,-6.1,18.4,13.4,10.0,13.5,11.7,11.2,14.3,8.3,13.1,7.1,18.0,16.1,1.9,7.6,1.2,11.6,9.0,4.7,6.6,7.0,3.4,5.8,-2.2,4.3,10.4,3.7,11.1,-5.7,0.6,8.6,7.9,9.2,11.2
53,WA,TOTAL,2.1,-1.7,1.7,3.2,2.5,-0.5,4.9,2.9,2.0,2.8,2.4,3.0,2.5,6.7,-11.8,-35.2,-20.5,-8.5,-1.4,-5.9,1.0,2.4,-5.3,-0.3,9.0,5.1,37.4,94.3,44.9,31.0,19.0,18.6,17.9,14.4,20.9,16.9,11.3,16.2,4.7,3.5,6.0,8.4,6.9,10.2,8.8,7.6,5.6,3.4,7.1,4.4,1.2,-0.5,4.7,0.8,0.9,2.1,1.8,0.9,4.3,4.2,-3.6,1.2,-1.3,0.1,-0.1,-2.7,1.0,1.0,-2.1,3.2,2.1,2.3,5.7,-0.4,5.4,3.2,2.1,1.9,3.0,0.4,1.6
54,WV,441,-1.8,-4.0,-3.4,3.5,-2.3,-3.3,4.5,2.6,1.0,1.2,0.2,-0.4,6.4,12.0,-22.2,-29.1,-1.8,13.9,4.4,2.4,16.4,10.7,4.7,16.0,4.4,-0.6,59.3,77.5,21.0,9.3,8.5,5.4,0.9,1.6,16.3,6.5,8.8,14.2,-2.4,-3.0,-6.9,-3.7,-6.1,5.6,0.0,1.4,-4.8,-8.8,2.9,-2.4,-0.4,-2.7,11.6,7.2,8.7,5.9,11.1,4.3,5.6,10.0,S,S,S,S,S,S,S,S,S,S,S,S,S,S,S,S,S,S,S,S,S
54,WV,442,0.6,0.4,-1.0,-0.5,2.4,-2.8,1.2,2.3,2.0,5.3,3.1,0.4,2.9,6.9,-18.9,S,-25.7,2.8,5.2,2.1,7.7,8.4,2.0,12.2,20.3,8.5,54.3,S,60.6,21.1,16.6,11.0,11.6,8.8,20.2,8.6,-7.7,4.2,-1.5,-0.4,-2.1,-3.7,-8.2,3.4,0.2,-1.4,-5.8,-4.0,3.8,-4.9,-7.2,-13.8,-10.3,-6.9,-9.1,-9.2,-11.7,-14.0,-8.5,-12.0,-22.5,-16.8,-25.1,-19.0,-15.8,-21.7,-11.8,-17.2,-19.6,-13.3,-15.8,-9.1,4.4,-2.0,4.2,3.9,-0.4,7.2,7.4,1.0,3.5
54,WV,443,-1.8,-4.1,-3.2,-2.9,-1.3,-3.9,5.1,-1.5,1.8,-0.9,-2.6,-0.3,-15.9,-12.8,-26.6,-60.7,-52.6,-25.4,-17.5,-15.9,-15.6,-11.4,-23.3,-21.6,15.1,7.3,48.4,S,118.8,47.4,25.6,19.4,21.3,21.9,21.1,16.6,9.4,15.9,7.2,7.5,7.2,3.2,4.1,13.4,9.4,-0.5,7.8,7.6,2.1,-0.3,-7.0,-13.1,-6.4,-5.6,-7.5,-5.6,-6.3,-4.4,-0.9,-5.5,-12.8,-4.5,-11.2,-4.6,-0.6,-10.3,-3.6,-8.3,-17.6,-7.2,-10.4,S,-3.4,-4.4,0.1,-4.4,-8.8,-4.5,-3.5,-2.5,8.8
54,WV,444,15.0,2.9,1.5,5.5,-1.2,-4.7,-0.1,0.4,0.2,-1.8,-2.8,-0.2,-3.0,5.4,5.6,5.7,10.7,23.6,14.4,10.1,19.7,10.7,14.0,18.1,18.8,17.2,38.0,34.3,14.9,14.0,12.4,17.9,14.9,15.3,25.5,20.6,14.8,20.2,8.0,2.4,12.9,10.6,9.7,17.9,12.4,11.9,5.4,3.9,-5.7,-6.5,-13.4,-13.3,-7.0,-11.4,-10.5,-9.1,-13.2,-9.8,-8.9,-11.7,-4.3,-0.3,-7.4,3.7,-3.9,-6.0,5.1,-8.2,0.8,7.6,-4.5,-5.0,-4.5,-11.6,-5.9,-8.1,-11.8,-8.0,-10.9,-10.4,-9.4
54,WV,445,3.4,1.1,-0.3,4.3,3.0,3.2,5.4,5.3,2.1,2.4,3.5,2.9,0.7,6.7,23.9,10.1,7.7,5.2,7.4,1.0,3.3,3.4,4.6,7.3,6.4,1.8,-12.8,-1.1,0.8,3.7,2.0,8.0,5.3,8.7,5.8,5.9,7.5,9.3,8.5,9.3,7.4,9.0,7.8,5.4,11.4,7.6,7.8,8.3,2.6,2.2,0.1,-0.3,-0.2,-2.0,-2.7,-0.5,-1.2,-4.4,-1.5,-3.5,-11.1,-9.0,-7.2,-12.7,-9.5,-10.2,-9.8,-10.2,-12.5,-8.0,-9.4,-11.2,4.6,-1.1,-1.6,4.6,2.1,1.3,3.2,3.2,2.0
54,WV,446,-9.9,2.1,2.6,6.7,4.0,1.6,0.9,-2.2,-0.3,-0.2,-4.0,0.9,6.8,8.5,16.5,-1.8,-4.5,7.9,11.6,8.2,15.1,9.9,9.2,14.4,-0.5,-2.5,3.3,18.3,14.6,11.3,4.4,9.1,7.0,5.0,10.7,8.3,12.0,12.6,3.4,4.4,8.1,5.9,5.1,7.1,6.6,6.6,6.9,8.9,25.5,26.4,27.4,23.7,29.5,27.6,24.9,27.9,26.3,32.2,28.1,21.5,3.7,3.2,-3.2,1.7,-2.8,-5.1,6.4,-1.3,0.4,-0.1,-0.8,3.2,3.5,3.1,4.4,4.5,2.1,5.5,2.3,6.0,8.1
54,WV,447,-7.2,-3.6,-0.6,5.2,-0.8,-4.3,-2.6,-4.6,-6.1,-6.9,-2.0,6.5,4.3,0.0,-21.2,-39.7,-31.7,-20.5,-18.1,-19.2,-15.9,-16.8,-20.1,-14.3,-9.0,-6.7,26.6,52.2,44.3,29.8,26.6,29.2,32.3,34.5,42.6,33.3,25.0,31.8,34.7,39.0,37.4,42.6,32.7,23.1,16.1,14.3,11.7,2.7,3.4,-3.8,-14.9,-15.9,-21.2,-24.3,-20.4,-8.4,-5.8,-8.4,-12.4,-8.3,-7.6,0.2,-1.2,1.6,1.5,-1.8,-0.6,-8.2,-12.8,-8.8,-5.4,-3.0,1.1,-6.4,-6.4,-7.3,-6.2,-3.4,-1.9,-1.2,3.8
54,WV,448,2.3,-2.0,1.4,7.7,-1.1,2.4,-1.2,1.8,1.0,-0.8,-0.7,1.2,-0.3,-5.7,-53.0,S,S,S,-19.3,-20.0,-3.7,-12.9,-23.7,-14.1,-7.3,-18.6,114.4,S,40.6,17.3,28.5,17.9,10.0,19.2,36.8,18.3,7.4,23.0,-1.4,1.4,-1.9,-1.6,-4.9,3.4,2.3,-0.4,-0.9,1.3,23.4,15.9,7.4,9.8,11.7,11.7,13.7,10.4,10.3,8.5,11.2,12.9,-4.8,7.6,1.7,-3.0,3.6,1.5,4.4,1.8,-3.8,3.4,-0.5,-2.2,1.7,-4.2,3.4,5.8,4.7,3.5,S,S,S
54,WV,451,-1.5,-6.6,-13.7,-3.2,-4.5,-2.2,5.8,3.3,4.7,-0.6,-0.5,2.7,3.7,4.3,-17.7,-36.2,18.9,28.0,18.6,6.5,19.4,16.2,8.7,14.4,31.0,S,S,S,-13.0,S,S,S,S,19.4,29.2,S,S,21.0,-7.5,0.8,-1.5,-1.5,-0.3,5.9,9.6,S,S,3.6,-19.3,-14.8,-20.5,-25.7,-20.9,-19.8,-22.7,-26.9,-26.2,-31.1,-25.1,-28.9,9.1,10.4,3.3,-1.4,7.2,6.8,5.5,8.9,3.3,18.3,7.5,13.1,-2.6,-9.4,2.5,5.2,2.9,-6.5,5.2,5.4,3.7
54,WV,452,4.5,1.1,1.7,12.3,2.2,2.3,3.6,5.0,0.3,0.8,-2.1,-0.9,7.1,8.1,9.7,S,S,S,23.3,16.5,29.2,19.4,14.2,11.2,15.5,-5.6,7.5,100.4,S,-24.5,-11.4,S,-13.1,-4.3,-1.7,0.5,-22.5,-4.6,-19.2,-6.0,-3.5,-2.2,-8.1,25.8,-2.2,-5.3,-7.4,-9.6,8.6,4.7,-5.1,-9.4,-13.2,-11.7,-8.4,-4.9,-8.6,-13.8,-13.5,-8.6,-4.7,4.3,16.4,-0.1,5.0,9.1,6.4,-1.7,-2.8,4.5,1.1,-0.2,0.9,-3.8,-3.7,15.5,7.6,9.6,6.6,6.1,1.6
54,WV,453,2.5,17.1,1.1,6.4,2.6,3.4,6.3,2.9,7.7,5.0,3.0,2.5,15.5,0.5,-6.9,-29.0,-17.8,2.7,11.2,1.9,7.0,0.7,9.7,23.1,-5.2,-6.5,39.0,85.4,34.8,36.7,24.0,30.4,29.7,28.3,31.6,13.7,31.4,37.8,20.2,20.1,26.8,11.0,3.4,6.3,4.1,4.3,-5.6,0.8,-5.7,-11.9,-13.2,-17.6,-6.4,-9.4,-3.0,-7.3,-2.1,-0.3,0.5,-2.3,0.3,8.9,7.1,21.9,5.2,5.7,7.0,11.5,7.5,12.7,1.2,8.6,14.5,14.7,16.0,0.3,19.9,15.8,15.2,-0.2,6.2
54,WV,TOTAL,-0.7,-0.6,-0.4,6.0,0.4,-1.1,1.8,1.0,-0.7,-1.0,-0.9,1.6,4.2,5.8,-4.6,-27.0,-0.9,8.3,4.0,0.4,8.4,4.1,1.6,6.1,4.7,-2.1,21.7,53.9,10.1,5.3,7.3,4.3,6.9,10.5,16.3,10.9,5.4,14.5,5.0,8.3,9.8,11.2,7.0,14.1,7.0,4.8,1.5,-0.9,5.1,1.3,-4.3,-6.6,-4.8,-7.1,-5.3,-1.2,-0.8,-3.1,-3.6,-2.0,0.1,6.8,5.0,5.2,3.7,1.3,6.2,0.0,-1.8,4.0,2.2,2.8,2.4,-3.1,0.1,2.5,-0.3,1.8,4.8,4.3,7.2
55,WI,441,2.6,5.1,3.9,9.8,6.2,2.7,4.2,4.5,3.0,7.3,9.3,-0.4,8.4,9.1,-24.9,-32.1,-2.7,11.8,9.2,1.5,14.5,12.2,2.7,14.4,12.4,7.5,75.1,100.1,29.0,15.9,10.4,7.7,5.3,5.8,16.1,8.5,9.6,11.5,-2.5,-4.1,-5.9,-2.8,-2.6,7.7,6.8,6.7,1.9,-1.8,8.5,5.5,5.9,2.7,13.7,11.7,12.1,10.9,11.6,6.0,10.1,13.0,-0.8,7.8,-0.9,4.6,2.0,-7.2,3.6,-0.1,-5.3,5.0,5.7,5.1,4.2,-1.6,11.0,8.4,0.9,5.8,5.4,3.4,7.1
55,WI,442,-1.6,-0.7,-1.5,1.1,2.4,-3.0,2.5,0.8,2.5,3.8,5.3,-1.4,5.9,7.8,-17.7,S,-27.4,-1.3,1.9,4.3,7.5,8.0,0.3,12.3,15.6,9.5,51.5,S,61.7,22.3,14.3,9.9,10.8,8.6,16.0,3.5,-0.5,6.6,2.9,8.0,6.7,4.5,3.3,8.9,5.6,6.0,2.8,1.7,9.9,2.7,-1.0,-11.2,-6.1,-2.4,-6.4,-4.3,-7.1,-8.5,-2.4,-4.6,-12.7,-6.5,-12.7,-4.8,-3.2,-9.9,-0.4,-6.6,-6.3,-2.0,-4.2,0.1,4.3,-0.5,4.3,4.9,2.1,5.9,7.9,2.4,3.0
55,WI,443,6.5,0.0,-0.3,-5.0,-3.2,-6.7,-4.3,-4.5,-1.5,-4.6,-5.4,-2.1,-5.7,-3.5,-23.7,-48.3,-42.8,-21.0,-10.4,-13.8,-14.5,-7.7,-11.4,-16.4,-1.7,-7.3,37.6,110.9,77.3,39.8,23.1,17.8,20.6,18.0,6.7,11.2,0.7,9.8,2.2,2.0,1.3,-4.4,-2.9,2.6,3.0,-5.0,-1.9,-4.0,1.2,-3.4,-9.4,-15.0,-7.7,-6.3,-11.3,-7.0,-7.7,-5.1,-1.1,-2.2,-5.1,1.4,-8.4,1.0,5.0,-6.0,3.0,-3.0,-10.4,-1.9,-3.1,-2.2,-0.8,-2.7,3.9,0.8,-3.7,2.1,3.0,-1.2,8.8
55,WI,444,10.2,4.9,3.3,6.5,-3.3,-5.0,3.5,1.3,3.6,6.0,1.4,5.0,-0.2,7.2,5.0,7.0,11.4,22.0,10.5,5.9,16.6,5.7,12.7,17.4,11.9,8.0,30.3,23.8,8.6,7.3,4.9,8.7,4.9,4.5,13.4,10.4,0.9,5.5,-3.8,-8.0,2.9,-1.0,-1.1,5.9,3.0,2.9,-4.0,-5.7,0.7,-5.6,-13.9,-15.1,-11.1,-13.1,-11.8,-10.2,-13.7,-10.7,-10.9,-13.4,-8.4,3.8,-3.6,6.9,-1.1,-3.4,5.8,8.7,2.4,9.8,13.7,12.1,11.1,1.5,13.3,12.3,8.0,13.2,12.3,-3.9,13.0
55,WI,445,3.3,1.8,1.7,5.9,3.9,3.2,5.5,6.0,1.7,3.9,4.1,1.4,3.0,9.2,24.5,10.5,10.1,7.8,9.0,5.3,10.1,8.6,7.3,10.2,8.0,3.6,-10.6,1.4,1.4,5.8,4.7,8.2,7.1,7.6,7.8,9.2,6.5,8.2,8.0,8.9,7.2,8.4,7.0,4.6,5.3,6.3,7.3,5.9,9.0,9.8,8.0,6.4,7.4,5.5,5.2,6.8,7.2,3.6,7.3,4.6,-1.3,0.5,1.3,-3.6,0.2,-2.1,-1.7,-0.8,-2.8,-0.6,-1.5,-0.7,3.6,-0.7,-0.6,6.2,1.5,1.7,2.9,3.3,1.6
55,WI,446,13.6,11.8,5.6,8.4,2.8,-0.3,9.5,2.9,8.7,7.7,-1.6,5.6,-0.8,1.4,5.6,-9.9,-11.2,5.2,0.8,-3.2,2.1,-4.0,-0.8,1.2,7.5,4.6,13.6,26.3,22.5,19.7,11.6,18.0,13.7,10.3,16.1,15.8,4.2,3.7,-4.0,-3.3,0.6,-1.9,-2.7,0.1,0.3,1.9,0.1,-6.0,10.3,11.0,11.6,10.5,16.0,11.1,8.6,10.6,7.9,14.6,13.5,9.1,3.6,6.5,-2.7,3.6,2.2,-2.7,11.1,5.9,7.5,2.5,1.1,6.6,2.8,2.8,7.7,7.5,8.0,8.8,0.7,1.7,12.1
55,WI,447,4.1,-0.4,11.0,3.6,0.2,-5.6,6.2,-3.0,-3.8,-3.5,0.3,8.8,4.8,3.9,-14.3,-36.2,-29.1,-14.2,-14.4,-13.1,-10.8,-14.0,-17.6,-8.3,-5.8,-1.7,35.1,73.4,41.5,35.5,33.2,33.6,37.6,43.0,50.4,38.0,34.5,36.8,28.1,30.0,52.0,47.3,38.3,27.3,16.4,18.2,14.5,4.4,19.0,13.1,3.5,2.0,-4.2,-10.4,-6.8,7.7,14.3,4.8,3.4,4.5,-10.8,-1.7,-2.5,2.2,-0.7,-3.4,-1.1,-8.4,-12.9,-8.3,-6.3,-1.3,4.1,-5.4,-6.9,-6.9,-5.1,-3.6,-2.5,-1.5,-3.2
55,WI,448,-3.0,-4.5,0.5,6.2,-0.9,1.0,0.0,3.1,-3.5,1.9,-0.1,5.6,4.5,5.5,-49.3,S,-50.6,-12.3,-14.9,-14.6,-6.0,-11.8,-17.8,-7.9,-3.3,-15.2,115.0,S,125.9,30.7,37.0,20.6,23.5,27.2,39.6,19.3,13.6,25.8,2.0,5.7,-1.5,-2.3,-4.3,1.1,1.3,-1.3,-1.3,-0.1,5.6,0.3,-5.0,-4.4,-1.8,-0.5,0.0,1.8,-1.9,-2.4,-0.9,2.8,-2.3,10.3,1.7,-1.9,3.7,2.0,1.7,5.1,0.0,4.5,2.9,-2.0,6.0,-6.2,5.4,5.5,6.3,4.1,7.9,7.5,7.2
55,WI,451,-10.8,-13.0,-11.0,-0.2,-4.7,-3.0,-0.4,4.2,4.7,8.7,1.1,6.5,18.1,18.6,-20.4,-45.4,13.1,29.0,27.7,8.5,19.6,15.0,12.5,17.4,7.1,-3.9,68.2,132.5,8.2,-0.7,1.3,3.5,-1.0,3.1,10.1,1.4,9.8,22.5,-4.2,-2.4,4.8,0.9,4.8,6.5,9.6,7.3,8.1,9.7,-8.4,-6.1,-7.8,-4.2,-9.1,-10.6,-9.7,-9.0,-9.9,-10.5,-15.3,-16.0,-1.9,4.8,-1.8,-8.6,-0.9,-1.6,-3.1,-2.4,-5.4,0.1,3.3,3.1,0.6,-8.9,0.7,0.7,1.0,-3.5,3.8,4.2,2.5
55,WI,452,1.3,-3.9,2.7,7.0,-1.4,4.9,2.6,7.1,-0.3,4.7,-0.5,-1.2,-8.4,2.1,-4.7,S,-0.7,-8.4,-8.0,-13.1,-10.4,-11.8,-16.7,-12.9,12.4,-5.8,0.5,143.0,-2.9,3.8,6.2,6.9,13.1,12.3,10.6,5.2,2.0,8.5,-2.4,0.8,3.2,4.1,3.2,5.0,8.2,3.4,6.1,4.8,5.8,8.1,7.3,11.8,7.9,11.2,6.8,5.4,3.2,6.4,4.2,9.1,-2.0,5.0,3.2,-5.3,-0.2,-4.9,-0.7,5.2,-4.6,-1.8,4.1,-1.1,12.0,0.6,3.2,9.1,4.5,10.0,4.6,4.1,2.6
55,WI,453,4.8,-6.2,-0.6,4.9,-1.3,-4.1,8.5,3.0,6.4,6.3,1.0,6.6,-18.8,5.4,-21.1,-41.0,-27.4,S,-0.3,-12.7,-2.7,-11.0,-5.0,5.9,7.0,3.7,54.7,100.4,37.1,19.8,21.4,23.6,22.6,26.7,27.9,17.8,14.9,19.8,6.8,6.8,12.3,8.6,4.0,2.5,-2.7,-2.0,-7.7,-5.9,9.4,7.4,3.2,5.4,7.8,6.1,3.6,4.0,13.1,11.0,18.0,13.9,1.8,9.8,7.6,12.6,10.8,5.1,11.9,9.3,7.5,8.4,-1.3,7.4,12.8,6.7,13.3,0.3,8.6,13.7,11.9,6.2,9.8
55,WI,TOTAL,3.9,1.6,3.8,6.5,1.4,0.0,4.4,3.1,1.4,4.0,2.6,2.3,1.7,6.0,-8.5,-28.7,-7.0,2.8,0.9,-3.6,3.3,-0.2,-3.8,2.5,7.5,2.1,29.6,66.5,20.0,15.0,12.6,13.0,12.9,13.6,18.7,13.0,10.0,13.6,3.6,3.8,8.2,8.3,6.9,9.0,7.1,6.8,4.4,0.8,9.0,6.7,3.2,1.9,4.0,1.9,2.1,5.4,5.9,3.5,4.5,5.3,-3.6,3.7,-0.9,1.3,0.7,-4.2,2.0,0.2,-4.5,0.6,1.9,2.3,5.7,-1.3,4.4,5.1,1.9,4.9,3.8,1.9,4.7
56,WY,441,-0.6,-1.6,0.0,2.2,0.9,-1.3,4.1,5.1,3.9,3.8,4.5,0.7,2.2,3.6,-28.1,-32.6,-6.0,4.5,0.7,-4.0,6.9,5.1,-3.3,6.6,10.5,4.8,73.0,92.5,27.2,17.0,14.1,9.7,9.0,9.0,18.5,11.3,4.9,9.5,-7.9,-8.3,-10.1,-6.4,-7.3,2.9,-0.9,-1.4,-5.1,-7.1,7.6,5.2,2.3,-0.3,10.3,8.3,8.4,7.0,8.9,5.4,8.2,8.6,-9.2,-3.5,-9.9,-6.0,-7.6,-14.5,-4.7,-8.4,-12.3,-3.5,-2.3,-3.7,2.4,-0.8,11.9,10.0,2.9,6.7,5.7,3.6,9.0
56,WY,442,-1.6,0.0,-9.0,1.5,-4.4,-2.4,-1.9,-5.4,0.6,-0.6,-3.3,-6.3,16.4,13.2,-2.4,S,-2.1,13.8,16.9,15.9,18.8,19.6,11.9,S,21.3,16.0,53.3,S,40.2,20.3,16.6,15.1,17.7,17.4,24.8,-6.1,-17.5,-11.7,-14.5,-10.5,-12.9,-12.1,-15.0,-9.4,-11.6,-12.8,-13.7,-13.3,20.0,15.5,10.4,-16.8,-13.7,3.6,-9.3,-7.7,7.6,3.1,6.3,6.8,-21.3,-24.7,-30.8,-8.4,-3.8,-26.1,-3.3,-16.9,-30.2,-22.6,-26.4,-21.2,0.8,-2.7,2.8,4.6,-1.4,10.3,12.3,3.5,3.0
56,WY,443,18.0,2.4,4.8,8.5,3.9,-1.1,S,2.1,6.5,9.5,8.7,8.6,-3.0,2.5,1.7,-50.1,-39.8,0.4,-1.8,S,S,17.9,-7.4,12.0,18.8,9.3,18.6,152.4,90.9,27.3,7.5,0.5,-6.2,-4.9,22.7,9.8,-4.5,-4.2,2.9,-4.9,-5.3,-7.2,-12.2,0.8,-1.2,-8.9,-6.5,-17.7,-20.2,-19.4,-29.6,-31.4,-24.2,-26.0,-26.2,-30.6,-28.5,-26.5,S,-15.4,8.5,21.2,4.7,17.9,23.4,16.4,20.3,21.3,6.6,17.6,4.8,-3.1,-9.7,-9.8,1.6,-1.8,-1.7,-1.2,7.5,3.2,13.9
56,WY,444,13.9,3.4,1.6,7.3,-1.6,-2.4,2.4,1.5,3.4,2.4,-0.4,3.0,-4.2,5.1,4.1,3.2,7.4,17.9,11.3,7.5,16.2,9.1,9.8,15.3,15.9,12.0,32.5,29.4,14.6,12.4,9.6,12.3,8.8,7.9,17.9,14.8,15.4,20.4,9.9,4.4,12.1,10.0,8.5,16.8,13.1,11.5,6.9,3.0,2.3,2.7,-4.2,-4.5,1.6,-2.6,-2.8,-0.7,-3.5,0.9,1.8,-2.2,2.0,4.6,-1.8,8.3,2.2,0.8,11.0,-0.2,5.7,10.4,0.9,3.0,-0.9,-8.3,-1.7,-2.0,-6.6,-2.5,-4.3,-6.3,-4.0
56,WY,445,4.0,1.3,1.7,2.2,2.2,3.3,8.0,9.7,3.4,11.2,10.3,5.9,12.1,21.5,32.2,27.6,30.5,23.3,20.8,18.3,21.3,17.0,13.1,17.1,7.7,-2.0,-10.5,-3.6,-6.6,-0.2,0.4,0.5,4.5,3.6,4.6,6.5,5.7,8.8,7.6,8.2,7.3,7.8,6.5,7.5,3.2,4.8,5.1,4.3,5.6,7.3,3.9,2.9,3.9,2.4,2.0,2.6,4.6,1.2,0.1,2.1,2.8,5.1,5.5,2.4,5.1,3.6,4.0,6.1,1.8,5.4,8.2,2.2,5.0,-0.4,1.3,4.1,1.7,0.9,2.0,1.7,2.3
56,WY,446,8.6,10.4,1.7,5.0,1.4,-3.8,6.7,3.8,6.2,5.9,-2.0,5.9,-9.0,-8.0,-4.5,-19.6,-19.8,-4.8,-9.6,-15.6,-8.8,-14.2,-12.7,-10.3,4.7,2.7,10.9,26.9,20.5,16.3,10.0,17.3,11.6,7.8,14.8,14.9,3.0,5.4,-3.0,-3.1,1.0,-1.3,-3.6,1.2,-0.4,1.8,2.2,-2.9,0.3,2.0,1.4,-1.7,4.0,1.6,0.8,2.0,3.3,7.1,3.3,4.7,0.7,0.9,-3.2,-0.1,-2.8,-4.8,3.5,-2.2,-0.4,-0.6,-2.4,1.4,6.0,1.5,5.3,9.6,5.6,10.4,10.0,3.8,6.5
56,WY,447,-14.0,-3.8,-2.6,3.8,-0.7,-4.8,-5.3,-1.0,-4.0,-5.6,-0.4,7.1,21.2,9.8,-20.5,-34.5,-27.3,-14.7,-10.4,-28.4,-26.1,-27.9,-31.1,-34.6,-19.9,-14.2,S,19.9,31.8,23.7,19.9,50.0,54.6,59.6,68.6,S,43.7,43.1,S,S,54.9,53.1,44.7,32.5,20.4,20.1,15.2,5.1,-20.5,-24.3,-32.8,-35.9,-39.1,-39.7,-43.7,S,-23.6,-25.0,-27.3,-26.4,-30.1,-21.6,S,S,-19.5,-15.9,0.7,-2.4,-17.3,-13.8,-7.6,2.5,S,S,S,S,20.6,14.3,5.6,1.5,S
56,WY,448,-3.7,-18.4,-10.4,3.0,-10.6,-12.5,-17.4,-12.1,-6.8,11.8,-9.7,-15.6,S,S,S,S,S,S,S,S,S,S,S,S,S,S,S,S,S,59.4,64.6,40.5,40.8,47.0,59.6,44.2,16.9,26.0,7.9,13.0,4.6,2.7,-1.2,1.8,5.4,3.7,2.1,1.6,0.0,-3.3,-8.9,-10.1,-4.8,-5.6,-4.3,1.2,-4.6,-6.2,-5.6,-3.4,-4.4,2.6,-0.7,-4.0,0.8,-0.7,0.7,1.0,-2.5,2.2,1.0,-0.3,7.9,-4.2,4.0,8.0,4.5,3.5,6.3,7.3,7.8
56,WY,451,S,21.2,-11.8,2.0,-2.5,-8.9,-7.6,-0.8,3.9,-5.0,-14.6,2.5,-17.6,-14.8,-24.0,-52.2,-30.1,-1.1,20.7,-6.4,-5.0,-8.2,S,-9.8,S,S,S,S,94.5,42.6,S,S,S,0.3,20.9,S,-9.1,7.1,-11.1,-15.8,S,S,1.1,-1.5,-1.5,-17.6,-18.5,3.1,3.9,-9.3,-7.3,1.1,-1.7,11.1,13.7,S,22.2,-2.6,-4.0,-8.6,-6.0,9.1,0.0,-9.2,23.0,0.9,6.2,-9.0,-25.4,-6.4,-2.8,-1.4,-1.8,-7.6,-0.7,-1.3,-18.3,-21.8,-24.1,-23.8,-0.2
56,WY,452,4.9,-1.2,1.9,7.7,0.4,5.7,7.6,7.3,5.1,8.0,-1.7,1.7,-2.7,5.5,4.0,S,19.9,6.4,1.1,-3.7,-3.1,-1.3,-3.1,-3.4,8.1,-5.4,-1.9,71.2,-18.5,-10.2,-4.5,-13.2,-0.5,3.5,1.8,1.5,-12.6,-5.9,-11.8,-3.5,-3.0,-0.3,-0.3,12.0,-0.3,-4.6,-1.9,-7.0,-1.4,1.8,-1.3,-3.7,-3.3,-6.0,-4.1,0.4,-2.6,-7.3,-9.0,-0.5,5.0,10.8,11.8,3.0,6.7,11.5,11.0,9.4,1.8,8.5,9.9,3.1,10.7,2.0,0.9,9.2,8.8,2.6,1.1,-1.4,-1.4
56,WY,453,-10.4,-9.8,-2.4,-3.3,-3.0,-1.1,6.2,4.0,2.0,4.2,15.5,12.0,14.9,20.7,-1.6,S,S,1.8,6.9,-0.8,10.0,2.7,-0.9,16.5,17.0,9.8,36.6,S,42.7,21.5,14.7,20.1,19.7,19.9,27.4,16.1,14.7,20.7,6.2,20.3,10.6,13.2,8.2,10.6,5.0,-0.5,-7.5,-7.7,-10.4,-15.5,-13.9,-17.9,-13.1,-12.1,-13.7,-17.9,-9.2,-4.5,-3.6,-3.4,8.0,5.8,-2.8,12.9,25.9,14.1,19.4,19.7,9.7,14.0,-12.1,4.3,5.4,13.7,23.7,0.0,11.4,9.3,17.2,3.2,15.9
56,WY,TOTAL,-0.5,-3.2,-2.5,3.7,-1.9,-3.1,-1.1,1.2,0.4,3.6,-1.1,-1.1,-0.6,-0.8,-22.6,-36.2,-18.0,-9.4,-7.7,-15.4,-12.8,-18.0,-23.2,-20.7,-4.6,-7.2,21.5,46.5,18.0,14.0,9.3,12.0,15.2,18.4,25.1,18.8,11.9,16.5,14.5,14.5,10.4,11.4,11.2,13.5,7.1,5.6,2.8,-0.9,-3.3,-5.0,-10.5,-12.8,-11.0,-12.4,-13.8,-9.8,-5.0,-7.4,-7.5,-5.4,-8.5,-3.0,-9.2,-6.3,-3.2,-5.4,3.1,-0.6,-7.2,-1.2,-0.6,0.4,9.7,3.8,11.4,9.6,4.9,4.6,2.7,0.0,14.4
